2025-11-10 16:55:48,609 - Knowledge - INFO - Created shared MongoDB connection pool
2025-11-10 16:55:48,959 - Knowledge - INFO - Starting Knowledge Graph processing with 20 threads
2025-11-10 16:55:49,167 - Knowledge - INFO - Initial configuration: chunk_size=65536, max_cache_size=500
2025-11-10 16:55:49,325 - Knowledge - INFO - Knowledge Graph concurrency configuration: workers=20, max_batch_size=25, max_concurrent_llm_calls=50
2025-11-10 16:55:50,914 - Knowledge - INFO - 🔍 _load_persisted_knowledge called - checking for Redis optimization
2025-11-10 16:55:51,123 - Knowledge - WARNING - ❌ load_from_redis method not found - Redis support not attached
2025-11-10 16:55:51,342 - Knowledge - INFO - load persisted knowledge: begin
2025-11-10 16:55:51,536 - Knowledge - INFO - Loaded 0 files from persisted knowledge
2025-11-10 16:55:51,700 - Knowledge - INFO - load persisted knowledge: end
2025-11-10 16:55:51,876 - Knowledge - WARNING - No persisted knowledge found. Files will be queued during start()
2025-11-10 16:55:52,067 - Knowledge - INFO - Redis support added with prefix knowledge:b1841j9:
2025-11-10 16:55:53,194 - Knowledge - INFO - Starting knowledge initialization for ID: 50DGek-b1841j9
2025-11-10 16:55:53,382 - Knowledge - INFO - 🔍 Checking Redis for build_id: b1841j9
2025-11-10 16:55:53,541 - Knowledge - INFO - 🔍 Full session ID: 50DGek-b1841j9
2025-11-10 16:55:53,713 - Knowledge - INFO - 🔍 Redis prefix will be: knowledge:b1841j9:
2025-11-10 16:55:53,882 - Knowledge - INFO - 🔍 Using attached load_from_redis() method
2025-11-10 16:55:54,046 - Knowledge - INFO - 🔍 Attempting to load knowledge from Redis...
2025-11-10 16:55:54,247 - Knowledge - INFO - 🔍 Using derived instance_id for Redis lookup: b1841j9
2025-11-10 16:55:57,142 - Knowledge - WARNING - ❌ No Redis cache found
2025-11-10 16:55:59,536 - Knowledge - INFO - 📁 Loading knowledge from disk...
2025-11-10 16:55:59,748 - Knowledge - INFO - load persisted docinfo: begin
2025-11-10 16:55:59,950 - Knowledge - INFO - load persisted docinfo: end
2025-11-10 16:56:00,113 - Knowledge - INFO - 🔍 _load_persisted_knowledge called - checking for Redis optimization
2025-11-10 16:56:00,329 - Knowledge - INFO - ✅ load_from_redis method found - attempting Redis load
2025-11-10 16:56:00,479 - Knowledge - INFO - 🔍 Attempting to load knowledge from Redis...
2025-11-10 16:56:00,641 - Knowledge - INFO - 🔍 Using derived instance_id for Redis lookup: b1841j9
2025-11-10 16:56:02,973 - Knowledge - WARNING - ❌ No Redis cache found
2025-11-10 16:56:03,128 - Knowledge - INFO - ❌ Redis load returned False - falling back to file loading
2025-11-10 16:56:03,308 - Knowledge - INFO - load persisted knowledge: begin
2025-11-10 16:56:03,517 - Knowledge - INFO - Loaded 0 files from persisted knowledge
2025-11-10 16:56:03,684 - Knowledge - INFO - load persisted knowledge: end
2025-11-10 16:56:03,891 - Knowledge - INFO - 📁 Disk load complete in 4.19s
2025-11-10 16:56:04,088 - Knowledge - INFO - Populating ingest queue with source files...
2025-11-10 16:56:07,291 - Knowledge - INFO - Added 1376 files from /app/data/T0015/222062/b1841j9/RDK-Service to ingest queue
2025-11-10 16:56:07,464 - Knowledge - INFO - Worker kw1 created using shared MongoDB connection pool
2025-11-10 16:56:07,637 - Knowledge - INFO - knowledge worker kw1 start
2025-11-10 16:56:07,638 - Knowledge - INFO - Worker kw2 created using shared MongoDB connection pool
2025-11-10 16:56:07,827 - Knowledge - INFO - [kw1] Queue=1376, InProgress=0, PendingWorkers=0/1, Completed=0/1376 (0.0%)
2025-11-10 16:56:07,909 - Knowledge - INFO - knowledge worker kw2 start
2025-11-10 16:56:07,930 - Knowledge - INFO - Worker kw3 created using shared MongoDB connection pool
2025-11-10 16:56:08,005 - Knowledge - INFO - Batch sizing: calculated=25, max_allowed=25, queue=1376, active_workers=0/2
2025-11-10 16:56:08,147 - Knowledge - INFO - [kw2] Queue=1376, InProgress=0, PendingWorkers=0/2, Completed=0/1376 (0.0%)
2025-11-10 16:56:08,245 - Knowledge - INFO - knowledge worker kw3 start
2025-11-10 16:56:08,245 - Knowledge - INFO - Worker kw4 created using shared MongoDB connection pool
2025-11-10 16:56:08,340 - Knowledge - INFO - Worker kw1 processing /app/data/T0015/222062/b1841j9/RDK-Service/UserSettings/UserSettings.json
2025-11-10 16:56:08,464 - Knowledge - INFO - Batch sizing: calculated=25, max_allowed=25, queue=1376, active_workers=1/3
2025-11-10 16:56:08,540 - Knowledge - INFO - [kw3] Queue=1351, InProgress=0, PendingWorkers=1/3, Completed=0/1376 (0.0%)
2025-11-10 16:56:08,637 - Knowledge - INFO - knowledge worker kw4 start
2025-11-10 16:56:08,638 - Knowledge - INFO - Worker kw5 created using shared MongoDB connection pool
2025-11-10 16:56:08,732 - Knowledge - INFO - Fast-tracked /app/data/T0015/222062/b1841j9/RDK-Service/UserSettings/UserSettings.json (ext=.json, size=32651)
2025-11-10 16:56:08,816 - Knowledge - INFO - Worker kw2 processing /app/data/T0015/222062/b1841j9/RDK-Service/TextToSpeech/TextToSpeech.json
2025-11-10 16:56:08,907 - Knowledge - INFO - Batch sizing: calculated=25, max_allowed=25, queue=1351, active_workers=2/4
2025-11-10 16:56:09,034 - Knowledge - INFO - [kw4] Queue=1326, InProgress=0, PendingWorkers=2/4, Completed=0/1376 (0.0%)
2025-11-10 16:56:09,129 - Knowledge - INFO - knowledge worker kw5 start
2025-11-10 16:56:09,130 - Knowledge - INFO - Worker kw6 created using shared MongoDB connection pool
2025-11-10 16:56:09,206 - Knowledge - INFO - Worker kw1 processing /app/data/T0015/222062/b1841j9/RDK-Service/UserSettings/Module.h
2025-11-10 16:56:09,300 - Knowledge - INFO - Fast-tracked /app/data/T0015/222062/b1841j9/RDK-Service/TextToSpeech/TextToSpeech.json (ext=.json, size=26445)
2025-11-10 16:56:09,406 - Knowledge - INFO - Worker kw3 processing /app/data/T0015/222062/b1841j9/RDK-Service/TextToSpeech/TextToSpeechImplementation.cpp
2025-11-10 16:56:09,498 - Knowledge - INFO - Batch sizing: calculated=25, max_allowed=25, queue=1326, active_workers=3/5
2025-11-10 16:56:09,605 - Knowledge - INFO - [kw5] Queue=1301, InProgress=0, PendingWorkers=3/5, Completed=0/1376 (0.0%)
2025-11-10 16:56:09,707 - Knowledge - INFO - knowledge worker kw6 start
2025-11-10 16:56:09,707 - Knowledge - INFO - Worker kw7 created using shared MongoDB connection pool
2025-11-10 16:56:09,797 - Knowledge - INFO - Fast-tracked /app/data/T0015/222062/b1841j9/RDK-Service/UserSettings/Module.h (ext=.h, size=874)
2025-11-10 16:56:09,917 - Knowledge - INFO - Worker kw2 processing /app/data/T0015/222062/b1841j9/RDK-Service/TextToSpeech/Module.h
2025-11-10 16:56:10,003 - Knowledge - INFO - Worker kw3 processing /app/data/T0015/222062/b1841j9/RDK-Service/TextToSpeech/TextToSpeechPlugin.json
2025-11-10 16:56:10,112 - Knowledge - INFO - Worker kw4 processing /app/data/T0015/222062/b1841j9/RDK-Service/Monitor/Monitor.json
2025-11-10 16:56:10,195 - Knowledge - INFO - Batch sizing: calculated=25, max_allowed=25, queue=1301, active_workers=4/6
2025-11-10 16:56:10,315 - Knowledge - INFO - [kw6] Queue=1276, InProgress=0, PendingWorkers=4/6, Completed=0/1376 (0.0%)
2025-11-10 16:56:10,365 - Knowledge - INFO - knowledge worker kw7 start
2025-11-10 16:56:10,365 - Knowledge - INFO - Worker kw8 created using shared MongoDB connection pool
2025-11-10 16:56:10,442 - Knowledge - INFO - Worker kw1 processing /app/data/T0015/222062/b1841j9/RDK-Service/UserSettings/UserSettingsImplementation.h
2025-11-10 16:56:10,542 - Knowledge - INFO - Fast-tracked /app/data/T0015/222062/b1841j9/RDK-Service/TextToSpeech/Module.h (ext=.h, size=870)
2025-11-10 16:56:10,624 - Knowledge - INFO - Fast-tracked /app/data/T0015/222062/b1841j9/RDK-Service/TextToSpeech/TextToSpeechPlugin.json (ext=.json, size=525)
2025-11-10 16:56:10,709 - Knowledge - INFO - Fast-tracked /app/data/T0015/222062/b1841j9/RDK-Service/Monitor/Monitor.json (ext=.json, size=8120)
2025-11-10 16:56:10,807 - Knowledge - INFO - Worker kw5 processing /app/data/T0015/222062/b1841j9/RDK-Service/AVOutput/CMakeLists.txt
2025-11-10 16:56:10,908 - Knowledge - INFO - Batch sizing: calculated=25, max_allowed=25, queue=1276, active_workers=5/7
2025-11-10 16:56:11,003 - Knowledge - INFO - [kw7] Queue=1251, InProgress=0, PendingWorkers=5/7, Completed=0/1376 (0.0%)
2025-11-10 16:56:11,094 - Knowledge - INFO - knowledge worker kw8 start
2025-11-10 16:56:11,094 - Knowledge - INFO - Worker kw9 created using shared MongoDB connection pool
2025-11-10 16:56:11,183 - Knowledge - INFO - Worker kw1 processing /app/data/T0015/222062/b1841j9/RDK-Service/UserSettings/UserSettings.h
2025-11-10 16:56:11,261 - Knowledge - INFO - Worker kw2 processing /app/data/T0015/222062/b1841j9/RDK-Service/TextToSpeech/TextToSpeechImplementation.h
2025-11-10 16:56:11,339 - Knowledge - INFO - Worker kw3 processing /app/data/T0015/222062/b1841j9/RDK-Service/TextToSpeech/Module.cpp
2025-11-10 16:56:11,425 - Knowledge - INFO - Worker kw4 processing /app/data/T0015/222062/b1841j9/RDK-Service/Monitor/MonitorJsonRpc.cpp
2025-11-10 16:56:11,566 - Knowledge - INFO - Fast-tracked /app/data/T0015/222062/b1841j9/RDK-Service/AVOutput/CMakeLists.txt (ext=.txt, size=2539)
2025-11-10 16:56:11,646 - Knowledge - INFO - Worker kw6 processing /app/data/T0015/222062/b1841j9/RDK-Service/Analytics/Implementation/Interfaces/IAnalyticsBackend.h
2025-11-10 16:56:11,746 - Knowledge - INFO - Batch sizing: calculated=25, max_allowed=25, queue=1251, active_workers=6/8
2025-11-10 16:56:11,830 - Knowledge - INFO - [kw8] Queue=1226, InProgress=0, PendingWorkers=6/8, Completed=0/1376 (0.0%)
2025-11-10 16:56:11,951 - Knowledge - INFO - knowledge worker kw9 start
2025-11-10 16:56:11,951 - Knowledge - INFO - Worker kw10 created using shared MongoDB connection pool
2025-11-10 16:56:12,051 - Knowledge - INFO - Worker kw1 processing /app/data/T0015/222062/b1841j9/RDK-Service/UserSettings/CMakeLists.txt
2025-11-10 16:56:12,134 - Knowledge - INFO - Worker kw2 processing /app/data/T0015/222062/b1841j9/RDK-Service/TextToSpeech/TextToSpeechValidator.h
2025-11-10 16:56:12,249 - Knowledge - INFO - Fast-tracked /app/data/T0015/222062/b1841j9/RDK-Service/TextToSpeech/Module.cpp (ext=.cpp, size=765)
2025-11-10 16:56:12,334 - Knowledge - INFO - Worker kw4 processing /app/data/T0015/222062/b1841j9/RDK-Service/Monitor/Module.h
2025-11-10 16:56:12,429 - Knowledge - INFO - Worker kw5 processing /app/data/T0015/222062/b1841j9/RDK-Service/AVOutput/AVOutput.cpp
2025-11-10 16:56:12,510 - Knowledge - INFO - Fast-tracked /app/data/T0015/222062/b1841j9/RDK-Service/Analytics/Implementation/Interfaces/IAnalyticsBackend.h (ext=.h, size=1660)
2025-11-10 16:56:12,593 - Knowledge - INFO - Worker kw7 processing /app/data/T0015/222062/b1841j9/RDK-Service/Miracast/common/MiracastLogger.h
2025-11-10 16:56:12,681 - Knowledge - INFO - Batch sizing: calculated=25, max_allowed=25, queue=1226, active_workers=7/9
2025-11-10 16:56:12,774 - Knowledge - INFO - [kw9] Queue=1201, InProgress=0, PendingWorkers=7/9, Completed=0/1376 (0.0%)
2025-11-10 16:56:12,873 - Knowledge - INFO - knowledge worker kw10 start
2025-11-10 16:56:12,874 - Knowledge - INFO - Worker kw11 created using shared MongoDB connection pool
2025-11-10 16:56:12,975 - Knowledge - INFO - Fast-tracked /app/data/T0015/222062/b1841j9/RDK-Service/UserSettings/CMakeLists.txt (ext=.txt, size=2724)
2025-11-10 16:56:13,071 - Knowledge - INFO - Worker kw2 processing /app/data/T0015/222062/b1841j9/RDK-Service/TextToSpeech/impl/TTSURLConstructer.h
2025-11-10 16:56:13,191 - Knowledge - INFO - Worker kw3 processing /app/data/T0015/222062/b1841j9/RDK-Service/TextToSpeech/CHANGELOG.md
2025-11-10 16:56:13,274 - Knowledge - INFO - Fast-tracked /app/data/T0015/222062/b1841j9/RDK-Service/Monitor/Module.h (ext=.h, size=951)
2025-11-10 16:56:13,350 - Knowledge - INFO - Fast-tracked /app/data/T0015/222062/b1841j9/RDK-Service/AVOutput/AVOutput.cpp (ext=.cpp, size=1453)
2025-11-10 16:56:13,434 - Knowledge - INFO - Worker kw6 processing /app/data/T0015/222062/b1841j9/RDK-Service/Analytics/Implementation/AnalyticsImplementation.cpp
2025-11-10 16:56:13,570 - Knowledge - INFO - Worker kw7 processing /app/data/T0015/222062/b1841j9/RDK-Service/Miracast/common/MiracastCommon.cpp
2025-11-10 16:56:13,656 - Knowledge - INFO - Worker kw8 processing /app/data/T0015/222062/b1841j9/RDK-Service/SystemAudioPlayer/impl/AudioPlayer.cpp
2025-11-10 16:56:13,730 - Knowledge - INFO - Batch sizing: calculated=25, max_allowed=25, queue=1201, active_workers=8/10
2025-11-10 16:56:13,810 - Knowledge - INFO - [kw10] Queue=1176, InProgress=0, PendingWorkers=8/10, Completed=0/1376 (0.0%)
2025-11-10 16:56:13,907 - Knowledge - INFO - knowledge worker kw11 start
2025-11-10 16:56:13,907 - Knowledge - INFO - Worker kw12 created using shared MongoDB connection pool
2025-11-10 16:56:13,990 - Knowledge - INFO - Worker kw1 processing /app/data/T0015/222062/b1841j9/RDK-Service/UserSettings/UserSettings.cpp
2025-11-10 16:56:14,069 - Knowledge - INFO - Fast-tracked /app/data/T0015/222062/b1841j9/RDK-Service/TextToSpeech/impl/TTSURLConstructer.h (ext=.h, size=995)
2025-11-10 16:56:14,154 - Knowledge - INFO - Fast-tracked /app/data/T0015/222062/b1841j9/RDK-Service/TextToSpeech/CHANGELOG.md (ext=.md, size=4622)
2025-11-10 16:56:14,238 - Knowledge - INFO - Worker kw4 processing /app/data/T0015/222062/b1841j9/RDK-Service/Monitor/doc/MonitorPlugin.md
2025-11-10 16:56:14,324 - Knowledge - INFO - Worker kw5 processing /app/data/T0015/222062/b1841j9/RDK-Service/AVOutput/AVOutputBase.h
2025-11-10 16:56:14,413 - Knowledge - INFO - Worker kw6 processing /app/data/T0015/222062/b1841j9/RDK-Service/Analytics/Analytics.h
2025-11-10 16:56:14,498 - Knowledge - INFO - Worker kw7 processing /app/data/T0015/222062/b1841j9/RDK-Service/Miracast/common/MiracastLogger.cpp
2025-11-10 16:56:14,581 - Knowledge - INFO - Worker kw8 processing /app/data/T0015/222062/b1841j9/RDK-Service/SystemAudioPlayer/impl/realtek/SoC_abstraction.cpp
2025-11-10 16:56:14,670 - Knowledge - INFO - Worker kw9 processing /app/data/T0015/222062/b1841j9/RDK-Service/ScreenCapture/ScreenCapture.json
2025-11-10 16:56:14,751 - Knowledge - INFO - Batch sizing: calculated=25, max_allowed=25, queue=1176, active_workers=9/11
2025-11-10 16:56:14,862 - Knowledge - INFO - [kw11] Queue=1151, InProgress=0, PendingWorkers=9/11, Completed=0/1376 (0.0%)
2025-11-10 16:56:14,983 - Knowledge - INFO - knowledge worker kw12 start
2025-11-10 16:56:14,985 - Knowledge - INFO - Worker kw13 created using shared MongoDB connection pool
2025-11-10 16:56:15,073 - Knowledge - INFO - Worker kw1 processing /app/data/T0015/222062/b1841j9/RDK-Service/UserSettings/Module.cpp
2025-11-10 16:56:15,204 - Knowledge - INFO - Worker kw2 processing /app/data/T0015/222062/b1841j9/RDK-Service/TextToSpeech/impl/TTSDownloader.h
2025-11-10 16:56:15,289 - Knowledge - INFO - Worker kw3 processing /app/data/T0015/222062/b1841j9/RDK-Service/l2tests.cmake
2025-11-10 16:56:15,375 - Knowledge - INFO - Fast-tracked /app/data/T0015/222062/b1841j9/RDK-Service/Monitor/doc/MonitorPlugin.md (ext=.md, size=373)
2025-11-10 16:56:15,451 - Knowledge - INFO - Fast-tracked /app/data/T0015/222062/b1841j9/RDK-Service/AVOutput/AVOutputBase.h (ext=.h, size=1746)
2025-11-10 16:56:15,542 - Knowledge - INFO - Worker kw6 processing /app/data/T0015/222062/b1841j9/RDK-Service/Analytics/CMakeLists.txt
2025-11-10 16:56:15,634 - Knowledge - INFO - Worker kw7 processing /app/data/T0015/222062/b1841j9/RDK-Service/Miracast/common/MiracastCommon.h
2025-11-10 16:56:15,730 - Knowledge - INFO - Fast-tracked /app/data/T0015/222062/b1841j9/RDK-Service/SystemAudioPlayer/impl/realtek/SoC_abstraction.cpp (ext=.cpp, size=264)
2025-11-10 16:56:15,821 - Knowledge - INFO - Fast-tracked /app/data/T0015/222062/b1841j9/RDK-Service/ScreenCapture/ScreenCapture.json (ext=.json, size=3101)
2025-11-10 16:56:15,914 - Knowledge - INFO - Worker kw10 processing /app/data/T0015/222062/b1841j9/RDK-Service/CloudStore/grpc/l2test/StubTest.cpp
2025-11-10 16:56:15,989 - Knowledge - INFO - Batch sizing: calculated=25, max_allowed=25, queue=1151, active_workers=10/12
2025-11-10 16:56:16,089 - Knowledge - INFO - [kw12] Queue=1126, InProgress=0, PendingWorkers=10/12, Completed=0/1376 (0.0%)
2025-11-10 16:56:16,185 - Knowledge - INFO - knowledge worker kw13 start
2025-11-10 16:56:16,188 - Knowledge - INFO - Worker kw14 created using shared MongoDB connection pool
2025-11-10 16:56:16,266 - Knowledge - INFO - Fast-tracked /app/data/T0015/222062/b1841j9/RDK-Service/UserSettings/Module.cpp (ext=.cpp, size=763)
2025-11-10 16:56:16,379 - Knowledge - INFO - Fast-tracked /app/data/T0015/222062/b1841j9/RDK-Service/TextToSpeech/impl/TTSDownloader.h (ext=.h, size=780)
2025-11-10 16:56:16,468 - Knowledge - INFO - Worker kw3 processing /app/data/T0015/222062/b1841j9/RDK-Service/HdcpProfile/HdcpProfile.json
2025-11-10 16:56:16,550 - Knowledge - INFO - Worker kw4 processing /app/data/T0015/222062/b1841j9/RDK-Service/Monitor/Monitor.h
2025-11-10 16:56:16,877 - Knowledge - INFO - Worker kw5 processing /app/data/T0015/222062/b1841j9/RDK-Service/AVOutput/AVOutputTVHelper.cpp
2025-11-10 16:56:16,970 - Knowledge - INFO - Fast-tracked /app/data/T0015/222062/b1841j9/RDK-Service/Analytics/CMakeLists.txt (ext=.txt, size=4486)
2025-11-10 16:56:17,077 - Knowledge - INFO - Worker kw7 processing /app/data/T0015/222062/b1841j9/RDK-Service/Miracast/MiracastService/Module.h
2025-11-10 16:56:17,152 - Knowledge - INFO - Worker kw8 processing /app/data/T0015/222062/b1841j9/RDK-Service/SystemAudioPlayer/impl/SoC_abstraction.h
2025-11-10 16:56:17,246 - Knowledge - INFO - Worker kw9 processing /app/data/T0015/222062/b1841j9/RDK-Service/ScreenCapture/ScreenCapture.h
2025-11-10 16:56:17,322 - Knowledge - INFO - Worker kw10 processing /app/data/T0015/222062/b1841j9/RDK-Service/CloudStore/grpc/Store2.h
2025-11-10 16:56:17,408 - Knowledge - INFO - Worker kw11 processing /app/data/T0015/222062/b1841j9/RDK-Service/FireboltMediaPlayer/impl/AampMediaPlayer/AampMediaStream.h
2025-11-10 16:56:17,496 - Knowledge - INFO - Batch sizing: calculated=25, max_allowed=25, queue=1126, active_workers=11/13
2025-11-10 16:56:17,574 - Knowledge - INFO - [kw13] Queue=1101, InProgress=0, PendingWorkers=11/13, Completed=0/1376 (0.0%)
2025-11-10 16:56:17,657 - Knowledge - INFO - knowledge worker kw14 start
2025-11-10 16:56:17,657 - Knowledge - INFO - Worker kw15 created using shared MongoDB connection pool
2025-11-10 16:56:17,737 - Knowledge - INFO - Worker kw1 processing /app/data/T0015/222062/b1841j9/RDK-Service/UserSettings/UserSettingsImplementation.cpp
2025-11-10 16:56:17,811 - Knowledge - INFO - Worker kw2 processing /app/data/T0015/222062/b1841j9/RDK-Service/TextToSpeech/impl/TTSManager.h
2025-11-10 16:56:17,907 - Knowledge - INFO - Fast-tracked /app/data/T0015/222062/b1841j9/RDK-Service/HdcpProfile/HdcpProfile.json (ext=.json, size=4718)
2025-11-10 16:56:18,011 - Knowledge - INFO - Worker kw4 processing /app/data/T0015/222062/b1841j9/RDK-Service/Monitor/CMakeLists.txt
2025-11-10 16:56:18,103 - Knowledge - INFO - Worker kw5 processing /app/data/T0015/222062/b1841j9/RDK-Service/AVOutput/AVOutputTV.cpp
2025-11-10 16:56:18,186 - Knowledge - INFO - Worker kw6 processing /app/data/T0015/222062/b1841j9/RDK-Service/Analytics/Analytics.cpp
2025-11-10 16:56:18,265 - Knowledge - INFO - Fast-tracked /app/data/T0015/222062/b1841j9/RDK-Service/Miracast/MiracastService/Module.h (ext=.h, size=872)
2025-11-10 16:56:18,381 - Knowledge - INFO - Fast-tracked /app/data/T0015/222062/b1841j9/RDK-Service/SystemAudioPlayer/impl/SoC_abstraction.h (ext=.h, size=401)
2025-11-10 16:56:18,476 - Knowledge - INFO - Worker kw9 processing /app/data/T0015/222062/b1841j9/RDK-Service/ScreenCapture/Implementation/Realtek/kms.c
2025-11-10 16:56:18,563 - Knowledge - INFO - Worker kw10 processing /app/data/T0015/222062/b1841j9/RDK-Service/CloudStore/CloudStore.h
2025-11-10 16:56:18,651 - Knowledge - INFO - Worker kw11 processing /app/data/T0015/222062/b1841j9/RDK-Service/FireboltMediaPlayer/impl/AampMediaPlayer/AampMediaPlayer.cpp
2025-11-10 16:56:18,728 - Knowledge - INFO - Worker kw12 processing /app/data/T0015/222062/b1841j9/RDK-Service/DeviceInfo/Implementation/FirmwareVersion.h
2025-11-10 16:56:18,806 - Knowledge - INFO - Batch sizing: calculated=25, max_allowed=25, queue=1101, active_workers=12/14
2025-11-10 16:56:18,903 - Knowledge - INFO - [kw14] Queue=1076, InProgress=0, PendingWorkers=12/14, Completed=0/1376 (0.0%)
2025-11-10 16:56:18,991 - Knowledge - INFO - knowledge worker kw15 start
2025-11-10 16:56:18,992 - Knowledge - INFO - Worker kw16 created using shared MongoDB connection pool
2025-11-10 16:56:19,071 - Knowledge - INFO - Worker kw1 processing /app/data/T0015/222062/b1841j9/RDK-Service/UserSettings/CHANGELOG.md
2025-11-10 16:56:19,193 - Knowledge - INFO - Worker kw2 processing /app/data/T0015/222062/b1841j9/RDK-Service/TextToSpeech/impl/TTSSpeaker.h
2025-11-10 16:56:19,273 - Knowledge - INFO - Worker kw3 processing /app/data/T0015/222062/b1841j9/RDK-Service/HdcpProfile/Module.h
2025-11-10 16:56:19,358 - Knowledge - INFO - Fast-tracked /app/data/T0015/222062/b1841j9/RDK-Service/Monitor/CMakeLists.txt (ext=.txt, size=5128)
2025-11-10 16:56:19,446 - Knowledge - INFO - Fast-tracked /app/data/T0015/222062/b1841j9/RDK-Service/AVOutput/AVOutputTV.cpp (ext=.cpp, size=148966)
2025-11-10 16:56:19,527 - Knowledge - INFO - Worker kw6 processing /app/data/T0015/222062/b1841j9/RDK-Service/Analytics/Tests/AnalyticsBackendMock/CMakeLists.txt
2025-11-10 16:56:19,627 - Knowledge - INFO - Worker kw7 processing /app/data/T0015/222062/b1841j9/RDK-Service/Miracast/MiracastService/MiracastServicePlugin.json
2025-11-10 16:56:19,709 - Knowledge - INFO - Worker kw8 processing /app/data/T0015/222062/b1841j9/RDK-Service/SystemAudioPlayer/impl/amlogic/SoC_abstraction.cpp
2025-11-10 16:56:19,805 - Knowledge - INFO - Worker kw9 processing /app/data/T0015/222062/b1841j9/RDK-Service/ScreenCapture/Implementation/Realtek/Realtek.h
2025-11-10 16:56:19,891 - Knowledge - INFO - Worker kw10 processing /app/data/T0015/222062/b1841j9/RDK-Service/CloudStore/CMakeLists.txt
2025-11-10 16:56:19,963 - Knowledge - INFO - Fast-tracked /app/data/T0015/222062/b1841j9/RDK-Service/FireboltMediaPlayer/impl/AampMediaPlayer/AampMediaPlayer.cpp (ext=.cpp, size=1630)
2025-11-10 16:56:20,037 - Knowledge - INFO - Fast-tracked /app/data/T0015/222062/b1841j9/RDK-Service/DeviceInfo/Implementation/FirmwareVersion.h (ext=.h, size=792)
2025-11-10 16:56:20,113 - Knowledge - INFO - Worker kw13 processing /app/data/T0015/222062/b1841j9/RDK-Service/SharedStorage/Module.cpp
2025-11-10 16:56:20,207 - Knowledge - INFO - Batch sizing: calculated=25, max_allowed=25, queue=1076, active_workers=13/15
2025-11-10 16:56:20,295 - Knowledge - INFO - [kw15] Queue=1051, InProgress=0, PendingWorkers=13/15, Completed=0/1376 (0.0%)
2025-11-10 16:56:20,381 - Knowledge - INFO - knowledge worker kw16 start
2025-11-10 16:56:20,381 - Knowledge - INFO - Worker kw17 created using shared MongoDB connection pool
2025-11-10 16:56:20,507 - Knowledge - INFO - Fast-tracked /app/data/T0015/222062/b1841j9/RDK-Service/UserSettings/CHANGELOG.md (ext=.md, size=2173)
2025-11-10 16:56:20,599 - Knowledge - INFO - Worker kw2 processing /app/data/T0015/222062/b1841j9/RDK-Service/TextToSpeech/impl/NetworkStatusObserver.h
2025-11-10 16:56:20,697 - Knowledge - INFO - Fast-tracked /app/data/T0015/222062/b1841j9/RDK-Service/HdcpProfile/Module.h (ext=.h, size=875)
2025-11-10 16:56:20,812 - Knowledge - INFO - Worker kw4 processing /app/data/T0015/222062/b1841j9/RDK-Service/Monitor/Monitor.cpp
2025-11-10 16:56:20,901 - Knowledge - INFO - Worker kw5 processing /app/data/T0015/222062/b1841j9/RDK-Service/AVOutput/Module.cpp
2025-11-10 16:56:20,980 - Knowledge - INFO - Fast-tracked /app/data/T0015/222062/b1841j9/RDK-Service/Analytics/Tests/AnalyticsBackendMock/CMakeLists.txt (ext=.txt, size=2434)
2025-11-10 16:56:21,066 - Knowledge - INFO - Fast-tracked /app/data/T0015/222062/b1841j9/RDK-Service/Miracast/MiracastService/MiracastServicePlugin.json (ext=.json, size=560)
2025-11-10 16:56:21,154 - Knowledge - INFO - Worker kw8 processing /app/data/T0015/222062/b1841j9/RDK-Service/SystemAudioPlayer/impl/SecuredWebSocketClient.cpp
2025-11-10 16:56:21,232 - Knowledge - INFO - Fast-tracked /app/data/T0015/222062/b1841j9/RDK-Service/ScreenCapture/Implementation/Realtek/Realtek.h (ext=.h, size=1148)
2025-11-10 16:56:21,314 - Knowledge - INFO - Fast-tracked /app/data/T0015/222062/b1841j9/RDK-Service/CloudStore/CMakeLists.txt (ext=.txt, size=3995)
2025-11-10 16:56:21,432 - Knowledge - INFO - Worker kw11 processing /app/data/T0015/222062/b1841j9/RDK-Service/FireboltMediaPlayer/impl/AampMediaPlayer/AampEventListener.h
2025-11-10 16:56:21,539 - Knowledge - INFO - Worker kw12 processing /app/data/T0015/222062/b1841j9/RDK-Service/DeviceInfo/Implementation/DeviceInfo.cpp
2025-11-10 16:56:21,620 - Knowledge - INFO - Fast-tracked /app/data/T0015/222062/b1841j9/RDK-Service/SharedStorage/Module.cpp (ext=.cpp, size=765)
2025-11-10 16:56:21,735 - Knowledge - INFO - Worker kw14 processing /app/data/T0015/222062/b1841j9/RDK-Service/DisplayInfo/Linux/DRMConnector.h
2025-11-10 16:56:21,812 - Knowledge - INFO - Batch sizing: calculated=25, max_allowed=25, queue=1051, active_workers=14/16
2025-11-10 16:56:21,936 - Knowledge - INFO - [kw16] Queue=1026, InProgress=0, PendingWorkers=14/16, Completed=0/1376 (0.0%)
2025-11-10 16:56:22,064 - Knowledge - INFO - knowledge worker kw17 start
2025-11-10 16:56:22,064 - Knowledge - INFO - Worker kw18 created using shared MongoDB connection pool
2025-11-10 16:56:22,191 - Knowledge - INFO - Worker kw1 processing /app/data/T0015/222062/b1841j9/RDK-Service/UserSettings/UserSettingsPlugin.json
2025-11-10 16:56:22,273 - Knowledge - INFO - Fast-tracked /app/data/T0015/222062/b1841j9/RDK-Service/TextToSpeech/impl/NetworkStatusObserver.h (ext=.h, size=671)
2025-11-10 16:56:22,367 - Knowledge - INFO - Worker kw3 processing /app/data/T0015/222062/b1841j9/RDK-Service/HdcpProfile/HdcpProfile.h
2025-11-10 16:56:22,446 - Knowledge - INFO - Worker kw4 processing /app/data/T0015/222062/b1841j9/RDK-Service/Monitor/Module.cpp
2025-11-10 16:56:22,525 - Knowledge - INFO - Fast-tracked /app/data/T0015/222062/b1841j9/RDK-Service/AVOutput/Module.cpp (ext=.cpp, size=756)
2025-11-10 16:56:22,606 - Knowledge - INFO - Worker kw6 processing /app/data/T0015/222062/b1841j9/RDK-Service/Analytics/Tests/AnalyticsBackendMock/AnalyticsBackendMock.cpp
2025-11-10 16:56:22,691 - Knowledge - INFO - Worker kw7 processing /app/data/T0015/222062/b1841j9/RDK-Service/Miracast/MiracastService/P2P/MiracastP2P.h
2025-11-10 16:56:22,801 - Knowledge - INFO - Fast-tracked /app/data/T0015/222062/b1841j9/RDK-Service/SystemAudioPlayer/impl/SecuredWebSocketClient.cpp (ext=.cpp, size=1589)
2025-11-10 16:56:22,894 - Knowledge - INFO - Worker kw9 processing /app/data/T0015/222062/b1841j9/RDK-Service/ScreenCapture/Implementation/Realtek/kms.h
2025-11-10 16:56:22,966 - Knowledge - INFO - Worker kw10 processing /app/data/T0015/222062/b1841j9/RDK-Service/CloudStore/CloudStore.cpp
2025-11-10 16:56:23,063 - Knowledge - INFO - Fast-tracked /app/data/T0015/222062/b1841j9/RDK-Service/FireboltMediaPlayer/impl/AampMediaPlayer/AampEventListener.h (ext=.h, size=1754)
2025-11-10 16:56:23,183 - Knowledge - INFO - Worker kw12 processing /app/data/T0015/222062/b1841j9/RDK-Service/DeviceInfo/Implementation/DeviceAudioCapabilities.cpp
2025-11-10 16:56:23,264 - Knowledge - INFO - Worker kw13 processing /app/data/T0015/222062/b1841j9/RDK-Service/SharedStorage/CHANGELOG.md
2025-11-10 16:56:23,392 - Knowledge - INFO - Worker kw14 processing /app/data/T0015/222062/b1841j9/RDK-Service/DisplayInfo/Linux/PlatformImplementation.cpp
2025-11-10 16:56:23,472 - Knowledge - INFO - Worker kw15 processing /app/data/T0015/222062/b1841j9/RDK-Service/DisplayInfo/DisplayInfo.cpp
2025-11-10 16:56:23,568 - Knowledge - INFO - Batch sizing: calculated=25, max_allowed=25, queue=1026, active_workers=15/17
2025-11-10 16:56:23,637 - Knowledge - INFO - [kw17] Queue=1001, InProgress=0, PendingWorkers=15/17, Completed=0/1376 (0.0%)
2025-11-10 16:56:23,715 - Knowledge - INFO - knowledge worker kw18 start
2025-11-10 16:56:23,716 - Knowledge - INFO - Worker kw19 created using shared MongoDB connection pool
2025-11-10 16:56:23,798 - Knowledge - INFO - Fast-tracked /app/data/T0015/222062/b1841j9/RDK-Service/UserSettings/UserSettingsPlugin.json (ext=.json, size=518)
2025-11-10 16:56:23,899 - Knowledge - INFO - Worker kw2 processing /app/data/T0015/222062/b1841j9/RDK-Service/TextToSpeech/impl/RFCURLObserver.h
2025-11-10 16:56:23,986 - Knowledge - INFO - Worker kw3 processing /app/data/T0015/222062/b1841j9/RDK-Service/HdcpProfile/CMakeLists.txt
2025-11-10 16:56:24,107 - Knowledge - INFO - Fast-tracked /app/data/T0015/222062/b1841j9/RDK-Service/Monitor/Module.cpp (ext=.cpp, size=781)
2025-11-10 16:56:24,188 - Knowledge - INFO - Worker kw5 processing /app/data/T0015/222062/b1841j9/RDK-Service/AVOutput/CHANGELOG.md
2025-11-10 16:56:24,292 - Knowledge - INFO - Fast-tracked /app/data/T0015/222062/b1841j9/RDK-Service/Analytics/Tests/AnalyticsBackendMock/AnalyticsBackendMock.cpp (ext=.cpp, size=8522)
2025-11-10 16:56:24,389 - Knowledge - INFO - Worker kw7 processing /app/data/T0015/222062/b1841j9/RDK-Service/Miracast/MiracastService/P2P/MiracastP2P.cpp
2025-11-10 16:56:24,471 - Knowledge - INFO - Worker kw8 processing /app/data/T0015/222062/b1841j9/RDK-Service/SystemAudioPlayer/impl/SecurityParameters.h
2025-11-10 16:56:24,587 - Knowledge - INFO - Worker kw9 processing /app/data/T0015/222062/b1841j9/RDK-Service/ScreenCapture/Implementation/Realtek/Realtek.cpp
2025-11-10 16:56:24,666 - Knowledge - INFO - Worker kw10 processing /app/data/T0015/222062/b1841j9/RDK-Service/CloudStore/CloudStorePlugin.json
2025-11-10 16:56:24,755 - Knowledge - INFO - Worker kw11 processing /app/data/T0015/222062/b1841j9/RDK-Service/FireboltMediaPlayer/FireboltMediaPlayer.h
2025-11-10 16:56:24,837 - Knowledge - INFO - Worker kw12 processing /app/data/T0015/222062/b1841j9/RDK-Service/DeviceInfo/Implementation/DeviceVideoCapabilities.h
2025-11-10 16:56:24,913 - Knowledge - INFO - Fast-tracked /app/data/T0015/222062/b1841j9/RDK-Service/SharedStorage/CHANGELOG.md (ext=.md, size=1405)
2025-11-10 16:56:25,032 - Knowledge - INFO - Worker kw14 processing /app/data/T0015/222062/b1841j9/RDK-Service/DisplayInfo/DisplayInfo.h
2025-11-10 16:56:25,115 - Knowledge - INFO - Worker kw15 processing /app/data/T0015/222062/b1841j9/RDK-Service/DisplayInfo/RPI/PlatformImplementation.cpp
2025-11-10 16:56:25,208 - Knowledge - INFO - Worker kw16 processing /app/data/T0015/222062/b1841j9/RDK-Service/Network/Module.h
2025-11-10 16:56:25,307 - Knowledge - INFO - Batch sizing: calculated=25, max_allowed=25, queue=1001, active_workers=16/18
2025-11-10 16:56:25,398 - Knowledge - INFO - [kw18] Queue=976, InProgress=0, PendingWorkers=16/18, Completed=0/1376 (0.0%)
2025-11-10 16:56:25,494 - Knowledge - INFO - knowledge worker kw19 start
2025-11-10 16:56:25,495 - Knowledge - INFO - Worker kw20 created using shared MongoDB connection pool
2025-11-10 16:56:25,578 - Knowledge - INFO - Worker kw1 processing /app/data/T0015/222062/b1841j9/RDK-Service/TraceControl/TraceControlJsonRpc.cpp
2025-11-10 16:56:25,653 - Knowledge - INFO - Fast-tracked /app/data/T0015/222062/b1841j9/RDK-Service/TextToSpeech/impl/RFCURLObserver.h (ext=.h, size=761)
2025-11-10 16:56:25,735 - Knowledge - INFO - Fast-tracked /app/data/T0015/222062/b1841j9/RDK-Service/HdcpProfile/CMakeLists.txt (ext=.txt, size=2665)
2025-11-10 16:56:25,846 - Knowledge - INFO - Worker kw4 processing /app/data/T0015/222062/b1841j9/RDK-Service/Monitor/CHANGELOG.md
2025-11-10 16:56:25,933 - Knowledge - INFO - Fast-tracked /app/data/T0015/222062/b1841j9/RDK-Service/AVOutput/CHANGELOG.md (ext=.md, size=2466)
2025-11-10 16:56:26,005 - Knowledge - INFO - Worker kw6 processing /app/data/T0015/222062/b1841j9/RDK-Service/Analytics/Module.cpp
2025-11-10 16:56:26,088 - Knowledge - INFO - Worker kw7 processing /app/data/T0015/222062/b1841j9/RDK-Service/Miracast/MiracastService/MiracastService.cpp
2025-11-10 16:56:26,171 - Knowledge - INFO - Fast-tracked /app/data/T0015/222062/b1841j9/RDK-Service/SystemAudioPlayer/impl/SecurityParameters.h (ext=.h, size=925)
2025-11-10 16:56:26,273 - Knowledge - INFO - Worker kw9 processing /app/data/T0015/222062/b1841j9/RDK-Service/ScreenCapture/CMakeLists.txt
2025-11-10 16:56:26,355 - Knowledge - INFO - Fast-tracked /app/data/T0015/222062/b1841j9/RDK-Service/CloudStore/CloudStorePlugin.json (ext=.json, size=388)
2025-11-10 16:56:26,460 - Knowledge - INFO - Worker kw11 processing /app/data/T0015/222062/b1841j9/RDK-Service/FireboltMediaPlayer/CMakeLists.txt
2025-11-10 16:56:26,528 - Knowledge - INFO - Fast-tracked /app/data/T0015/222062/b1841j9/RDK-Service/DeviceInfo/Implementation/DeviceVideoCapabilities.h (ext=.h, size=1263)
2025-11-10 16:56:26,611 - Knowledge - INFO - Worker kw13 processing /app/data/T0015/222062/b1841j9/RDK-Service/raspberrypi.cmake
2025-11-10 16:56:26,692 - Knowledge - INFO - Worker kw14 processing /app/data/T0015/222062/b1841j9/RDK-Service/DisplayInfo/Module.h
2025-11-10 16:56:26,795 - Knowledge - INFO - Worker kw15 processing /app/data/T0015/222062/b1841j9/RDK-Service/DisplayInfo/Module.cpp
2025-11-10 16:56:26,916 - Knowledge - INFO - Fast-tracked /app/data/T0015/222062/b1841j9/RDK-Service/Network/Module.h (ext=.h, size=871)
2025-11-10 16:56:27,020 - Knowledge - INFO - Worker kw17 processing /app/data/T0015/222062/b1841j9/RDK-Service/DeviceIdentification/Implementation/Broadcom/Broadcom.cpp
2025-11-10 16:56:27,116 - Knowledge - INFO - Batch sizing: calculated=20, max_allowed=25, queue=976, active_workers=17/19
2025-11-10 16:56:27,199 - Knowledge - INFO - [kw19] Queue=951, InProgress=0, PendingWorkers=17/19, Completed=0/1376 (0.0%)
2025-11-10 16:56:27,292 - Knowledge - INFO - knowledge worker kw20 start
2025-11-10 16:56:27,398 - Knowledge - INFO - Worker kw1 processing /app/data/T0015/222062/b1841j9/RDK-Service/TraceControl/TraceControl.json
2025-11-10 16:56:27,516 - Knowledge - INFO - Worker kw2 processing /app/data/T0015/222062/b1841j9/RDK-Service/TextToSpeech/impl/SatToken.cpp
2025-11-10 16:56:27,591 - Knowledge - INFO - Worker kw3 processing /app/data/T0015/222062/b1841j9/RDK-Service/HdcpProfile/HdcpProfile.cpp
2025-11-10 16:56:27,684 - Knowledge - INFO - Fast-tracked /app/data/T0015/222062/b1841j9/RDK-Service/Monitor/CHANGELOG.md (ext=.md, size=2677)
2025-11-10 16:56:27,780 - Knowledge - INFO - Worker kw5 processing /app/data/T0015/222062/b1841j9/RDK-Service/AVOutput/AVOutputSTB.h
2025-11-10 16:56:27,859 - Knowledge - INFO - Fast-tracked /app/data/T0015/222062/b1841j9/RDK-Service/Analytics/Module.cpp (ext=.cpp, size=765)
2025-11-10 16:56:27,977 - Knowledge - INFO - Worker kw7 processing /app/data/T0015/222062/b1841j9/RDK-Service/Miracast/MiracastService/CMakeLists.txt
2025-11-10 16:56:28,062 - Knowledge - INFO - Worker kw8 processing /app/data/T0015/222062/b1841j9/RDK-Service/SystemAudioPlayer/impl/UnsecuredWebSocketClient.h
2025-11-10 16:56:28,157 - Knowledge - INFO - Fast-tracked /app/data/T0015/222062/b1841j9/RDK-Service/ScreenCapture/CMakeLists.txt (ext=.txt, size=2224)
2025-11-10 16:56:28,240 - Knowledge - INFO - Worker kw10 processing /app/data/T0015/222062/b1841j9/RDK-Service/CloudStore/CloudStoreImplementation.cpp
2025-11-10 16:56:28,330 - Knowledge - INFO - Fast-tracked /app/data/T0015/222062/b1841j9/RDK-Service/FireboltMediaPlayer/CMakeLists.txt (ext=.txt, size=2018)
2025-11-10 16:56:28,413 - Knowledge - INFO - Worker kw12 processing /app/data/T0015/222062/b1841j9/RDK-Service/DeviceInfo/CMakeLists.txt
2025-11-10 16:56:28,528 - Knowledge - INFO - Worker kw13 processing /app/data/T0015/222062/b1841j9/RDK-Service/ControlService/test/Module.h
2025-11-10 16:56:28,614 - Knowledge - INFO - Fast-tracked /app/data/T0015/222062/b1841j9/RDK-Service/DisplayInfo/Module.h (ext=.h, size=886)
2025-11-10 16:56:28,702 - Knowledge - INFO - Fast-tracked /app/data/T0015/222062/b1841j9/RDK-Service/DisplayInfo/Module.cpp (ext=.cpp, size=781)
2025-11-10 16:56:28,785 - Knowledge - INFO - Worker kw16 processing /app/data/T0015/222062/b1841j9/RDK-Service/Network/Network.json
2025-11-10 16:56:28,884 - Knowledge - INFO - Worker kw17 processing /app/data/T0015/222062/b1841j9/RDK-Service/DeviceIdentification/CMakeLists.txt
2025-11-10 16:56:28,961 - Knowledge - INFO - Worker kw18 processing /app/data/T0015/222062/b1841j9/RDK-Service/WebKitBrowser/InjectedBundle/CMakeLists.txt
2025-11-10 16:56:29,043 - Knowledge - INFO - Batch sizing: calculated=20, max_allowed=25, queue=951, active_workers=18/20
2025-11-10 16:56:29,133 - Knowledge - INFO - [kw20] Queue=931, InProgress=0, PendingWorkers=18/20, Completed=0/1376 (0.0%)
2025-11-10 16:56:29,214 - Knowledge - INFO - Fast-tracked /app/data/T0015/222062/b1841j9/RDK-Service/TraceControl/TraceControl.json (ext=.json, size=4497)
2025-11-10 16:56:29,297 - Knowledge - INFO - Worker kw2 processing /app/data/T0015/222062/b1841j9/RDK-Service/TextToSpeech/impl/TTSCommon.h
2025-11-10 16:56:29,393 - Knowledge - INFO - Worker kw3 processing /app/data/T0015/222062/b1841j9/RDK-Service/HdcpProfile/README.md
2025-11-10 16:56:29,479 - Knowledge - INFO - Worker kw4 processing /app/data/T0015/222062/b1841j9/RDK-Service/Monitor/MonitorPlugin.json
2025-11-10 16:56:29,580 - Knowledge - INFO - Fast-tracked /app/data/T0015/222062/b1841j9/RDK-Service/AVOutput/AVOutputSTB.h (ext=.h, size=1521)
2025-11-10 16:56:29,706 - Knowledge - INFO - Worker kw6 processing /app/data/T0015/222062/b1841j9/RDK-Service/Analytics/CHANGELOG.md
2025-11-10 16:56:29,816 - Knowledge - INFO - Fast-tracked /app/data/T0015/222062/b1841j9/RDK-Service/Miracast/MiracastService/CMakeLists.txt (ext=.txt, size=2642)
2025-11-10 16:56:29,898 - Knowledge - INFO - Fast-tracked /app/data/T0015/222062/b1841j9/RDK-Service/SystemAudioPlayer/impl/UnsecuredWebSocketClient.h (ext=.h, size=1265)
2025-11-10 16:56:29,977 - Knowledge - INFO - Worker kw9 processing /app/data/T0015/222062/b1841j9/RDK-Service/ScreenCapture/cmake/FindLibDRM.cmake
2025-11-10 16:56:30,108 - Knowledge - INFO - Fast-tracked /app/data/T0015/222062/b1841j9/RDK-Service/CloudStore/CloudStoreImplementation.cpp (ext=.cpp, size=1331)
2025-11-10 16:56:30,174 - Knowledge - INFO - Worker kw11 processing /app/data/T0015/222062/b1841j9/RDK-Service/FireboltMediaPlayer/FireboltMediaPlayer.cpp
2025-11-10 16:56:30,256 - Knowledge - INFO - Fast-tracked /app/data/T0015/222062/b1841j9/RDK-Service/DeviceInfo/CMakeLists.txt (ext=.txt, size=2334)
2025-11-10 16:56:30,346 - Knowledge - INFO - Fast-tracked /app/data/T0015/222062/b1841j9/RDK-Service/ControlService/test/Module.h (ext=.h, size=842)
2025-11-10 16:56:30,468 - Knowledge - INFO - Worker kw14 processing /app/data/T0015/222062/b1841j9/RDK-Service/DisplayInfo/DisplayInfoJsonRpc.cpp
2025-11-10 16:56:30,554 - Knowledge - INFO - Worker kw15 processing /app/data/T0015/222062/b1841j9/RDK-Service/DisplayInfo/CHANGELOG.md
2025-11-10 16:56:30,672 - Knowledge - INFO - Fast-tracked /app/data/T0015/222062/b1841j9/RDK-Service/Network/Network.json (ext=.json, size=41419)
2025-11-10 16:56:30,742 - Knowledge - INFO - Fast-tracked /app/data/T0015/222062/b1841j9/RDK-Service/DeviceIdentification/CMakeLists.txt (ext=.txt, size=4870)
2025-11-10 16:56:30,829 - Knowledge - INFO - Fast-tracked /app/data/T0015/222062/b1841j9/RDK-Service/WebKitBrowser/InjectedBundle/CMakeLists.txt (ext=.txt, size=3391)
2025-11-10 16:56:30,913 - Knowledge - INFO - Worker kw19 processing /app/data/T0015/222062/b1841j9/RDK-Service/WebKitBrowser/Testing/testrunner.h
2025-11-10 16:56:30,986 - Knowledge - INFO - Batch sizing: calculated=20, max_allowed=25, queue=931, active_workers=19/20
2025-11-10 16:56:31,086 - Knowledge - INFO - Worker kw1 processing /app/data/T0015/222062/b1841j9/RDK-Service/TraceControl/Module.h
2025-11-10 16:56:31,171 - Knowledge - INFO - Worker kw2 processing /app/data/T0015/222062/b1841j9/RDK-Service/TextToSpeech/impl/logger.h
2025-11-10 16:56:31,251 - Knowledge - INFO - Fast-tracked /app/data/T0015/222062/b1841j9/RDK-Service/HdcpProfile/README.md (ext=.md, size=244)
2025-11-10 16:56:31,343 - Knowledge - INFO - Fast-tracked /app/data/T0015/222062/b1841j9/RDK-Service/Monitor/MonitorPlugin.json (ext=.json, size=462)
2025-11-10 16:56:31,431 - Knowledge - INFO - Worker kw5 processing /app/data/T0015/222062/b1841j9/RDK-Service/Analytics/Analytics.json
2025-11-10 16:56:31,542 - Knowledge - INFO - Fast-tracked /app/data/T0015/222062/b1841j9/RDK-Service/Analytics/CHANGELOG.md (ext=.md, size=1573)
2025-11-10 16:56:31,629 - Knowledge - INFO - Worker kw7 processing /app/data/T0015/222062/b1841j9/RDK-Service/Miracast/MiracastService/MiracastController.h
2025-11-10 16:56:31,708 - Knowledge - INFO - Worker kw8 processing /app/data/T0015/222062/b1841j9/RDK-Service/SystemAudioPlayer/impl/Helper.h
2025-11-10 16:56:31,805 - Knowledge - INFO - Worker kw9 processing /app/data/T0015/222062/b1841j9/RDK-Service/ScreenCapture/ScreenCapture.cpp
2025-11-10 16:56:31,916 - Knowledge - INFO - Worker kw10 processing /app/data/T0015/222062/b1841j9/RDK-Service/CloudStore/Module.cpp
2025-11-10 16:56:31,993 - Knowledge - INFO - Worker kw11 processing /app/data/T0015/222062/b1841j9/RDK-Service/FireboltMediaPlayer/FireboltMediaPlayerPlugin.json
2025-11-10 16:56:32,108 - Knowledge - INFO - Worker kw12 processing /app/data/T0015/222062/b1841j9/RDK-Service/DeviceInfo/DeviceInfo.cpp
2025-11-10 16:56:32,210 - Knowledge - INFO - Worker kw13 processing /app/data/T0015/222062/b1841j9/RDK-Service/ControlService/test/CMakeLists.txt
2025-11-10 16:56:32,285 - Knowledge - INFO - Fast-tracked /app/data/T0015/222062/b1841j9/RDK-Service/DisplayInfo/DisplayInfoJsonRpc.cpp (ext=.cpp, size=1568)
2025-11-10 16:56:32,378 - Knowledge - INFO - Fast-tracked /app/data/T0015/222062/b1841j9/RDK-Service/DisplayInfo/CHANGELOG.md (ext=.md, size=2317)
2025-11-10 16:56:32,462 - Knowledge - INFO - Worker kw16 processing /app/data/T0015/222062/b1841j9/RDK-Service/Network/NetworkConnectivity.cpp
2025-11-10 16:56:32,547 - Knowledge - INFO - Worker kw17 processing /app/data/T0015/222062/b1841j9/RDK-Service/DeviceIdentification/cmake/FindMFRFWLibs.cmake
2025-11-10 16:56:32,639 - Knowledge - INFO - Worker kw18 processing /app/data/T0015/222062/b1841j9/RDK-Service/WebKitBrowser/InjectedBundle/Milestone.cpp
2025-11-10 16:56:32,725 - Knowledge - INFO - Fast-tracked /app/data/T0015/222062/b1841j9/RDK-Service/WebKitBrowser/Testing/testrunner.h (ext=.h, size=1127)
2025-11-10 16:56:32,798 - Knowledge - INFO - Worker kw20 processing /app/data/T0015/222062/b1841j9/RDK-Service/WebKitBrowser/Extension/NotifyWPEFramework.cpp
2025-11-10 16:56:32,949 - Knowledge - INFO - Fast-tracked /app/data/T0015/222062/b1841j9/RDK-Service/TraceControl/Module.h (ext=.h, size=1007)
2025-11-10 16:56:33,026 - Knowledge - INFO - Worker kw2 processing /app/data/T0015/222062/b1841j9/RDK-Service/TextToSpeech/impl/logger.cpp
2025-11-10 16:56:33,119 - Knowledge - INFO - Worker kw3 processing /app/data/T0015/222062/b1841j9/RDK-Service/HdcpProfile/HdcpProfilePlugin.json
2025-11-10 16:56:33,218 - Knowledge - INFO - Worker kw4 processing /app/data/T0015/222062/b1841j9/RDK-Service/DeviceDiagnostics/DeviceDiagnostics.json
2025-11-10 16:56:33,305 - Knowledge - INFO - Fast-tracked /app/data/T0015/222062/b1841j9/RDK-Service/Analytics/Analytics.json (ext=.json, size=4325)
2025-11-10 16:56:33,384 - Knowledge - INFO - Worker kw6 processing /app/data/T0015/222062/b1841j9/RDK-Service/Analytics/AnalyticsPlugin.json
2025-11-10 16:56:33,480 - Knowledge - INFO - Worker kw7 processing /app/data/T0015/222062/b1841j9/RDK-Service/Miracast/MiracastService/MiracastController.cpp
2025-11-10 16:56:33,582 - Knowledge - INFO - Worker kw8 processing /app/data/T0015/222062/b1841j9/RDK-Service/SystemAudioPlayer/impl/logger.h
2025-11-10 16:56:33,660 - Knowledge - INFO - Worker kw9 processing /app/data/T0015/222062/b1841j9/RDK-Service/ScreenCapture/README.md
2025-11-10 16:56:33,744 - Knowledge - INFO - Fast-tracked /app/data/T0015/222062/b1841j9/RDK-Service/CloudStore/Module.cpp (ext=.cpp, size=780)
2025-11-10 16:56:33,820 - Knowledge - INFO - Fast-tracked /app/data/T0015/222062/b1841j9/RDK-Service/FireboltMediaPlayer/FireboltMediaPlayerPlugin.json (ext=.json, size=872)
2025-11-10 16:56:33,894 - Knowledge - INFO - Worker kw12 processing /app/data/T0015/222062/b1841j9/RDK-Service/DeviceInfo/DeviceInfoPlugin.json
2025-11-10 16:56:33,972 - Knowledge - INFO - Fast-tracked /app/data/T0015/222062/b1841j9/RDK-Service/ControlService/test/CMakeLists.txt (ext=.txt, size=1528)
2025-11-10 16:56:34,089 - Knowledge - INFO - Worker kw14 processing /app/data/T0015/222062/b1841j9/RDK-Service/DisplayInfo/DisplayInfo.json
2025-11-10 16:56:34,173 - Knowledge - INFO - Worker kw15 processing /app/data/T0015/222062/b1841j9/RDK-Service/HdmiCecSink/HdmiCecSink.h
2025-11-10 16:56:34,272 - Knowledge - INFO - Worker kw16 processing /app/data/T0015/222062/b1841j9/RDK-Service/Network/NetUtils.h
2025-11-10 16:56:34,383 - Knowledge - INFO - Worker kw17 processing /app/data/T0015/222062/b1841j9/RDK-Service/DeviceIdentification/cmake/FindNXCLIENT.cmake
2025-11-10 16:56:34,483 - Knowledge - INFO - Worker kw18 processing /app/data/T0015/222062/b1841j9/RDK-Service/WebKitBrowser/InjectedBundle/NotifyWPEFramework.h
2025-11-10 16:56:34,592 - Knowledge - INFO - Worker kw19 processing /app/data/T0015/222062/b1841j9/RDK-Service/WebKitBrowser/Testing/westerosfocusmanager.cpp
2025-11-10 16:56:34,668 - Knowledge - INFO - Fast-tracked /app/data/T0015/222062/b1841j9/RDK-Service/WebKitBrowser/Extension/NotifyWPEFramework.cpp (ext=.cpp, size=1649)
2025-11-10 16:56:34,797 - Knowledge - INFO - Worker kw1 processing /app/data/T0015/222062/b1841j9/RDK-Service/TraceControl/TraceOutput.h
2025-11-10 16:56:34,886 - Knowledge - INFO - Worker kw2 processing /app/data/T0015/222062/b1841j9/RDK-Service/TextToSpeech/impl/TTSConfiguration.h
2025-11-10 16:56:34,975 - Knowledge - INFO - Fast-tracked /app/data/T0015/222062/b1841j9/RDK-Service/HdcpProfile/HdcpProfilePlugin.json (ext=.json, size=471)
2025-11-10 16:56:35,094 - Knowledge - INFO - Fast-tracked /app/data/T0015/222062/b1841j9/RDK-Service/DeviceDiagnostics/DeviceDiagnostics.json (ext=.json, size=6518)
2025-11-10 16:56:35,191 - Knowledge - INFO - Worker kw5 processing /app/data/T0015/222062/b1841j9/RDK-Service/Analytics/Module.h
2025-11-10 16:56:35,294 - Knowledge - INFO - Fast-tracked /app/data/T0015/222062/b1841j9/RDK-Service/Analytics/AnalyticsPlugin.json (ext=.json, size=1377)
2025-11-10 16:56:35,370 - Knowledge - INFO - Worker kw7 processing /app/data/T0015/222062/b1841j9/RDK-Service/Miracast/MiracastService/MiracastService.json
2025-11-10 16:56:35,460 - Knowledge - INFO - Worker kw8 processing /app/data/T0015/222062/b1841j9/RDK-Service/SystemAudioPlayer/impl/WebSocketClientImpl.h
2025-11-10 16:56:35,551 - Knowledge - INFO - Fast-tracked /app/data/T0015/222062/b1841j9/RDK-Service/ScreenCapture/README.md (ext=.md, size=496)
2025-11-10 16:56:35,632 - Knowledge - INFO - Worker kw10 processing /app/data/T0015/222062/b1841j9/RDK-Service/CloudStore/CHANGELOG.md
2025-11-10 16:56:35,708 - Knowledge - INFO - Worker kw11 processing /app/data/T0015/222062/b1841j9/RDK-Service/FireboltMediaPlayer/Module.cpp
2025-11-10 16:56:35,794 - Knowledge - INFO - Fast-tracked /app/data/T0015/222062/b1841j9/RDK-Service/DeviceInfo/DeviceInfoPlugin.json (ext=.json, size=440)
2025-11-10 16:56:35,881 - Knowledge - INFO - Worker kw13 processing /app/data/T0015/222062/b1841j9/RDK-Service/ControlService/test/controlSvcTestClient.cpp
2025-11-10 16:56:35,965 - Knowledge - INFO - Fast-tracked /app/data/T0015/222062/b1841j9/RDK-Service/DisplayInfo/DisplayInfo.json (ext=.json, size=10118)
2025-11-10 16:56:36,041 - Knowledge - INFO - Worker kw15 processing /app/data/T0015/222062/b1841j9/RDK-Service/HdmiCecSink/Module.h
2025-11-10 16:56:36,118 - Knowledge - INFO - Worker kw16 processing /app/data/T0015/222062/b1841j9/RDK-Service/Network/NetUtilsNetlink.cpp
2025-11-10 16:56:36,207 - Knowledge - INFO - Fast-tracked /app/data/T0015/222062/b1841j9/RDK-Service/DeviceIdentification/cmake/FindNXCLIENT.cmake (ext=.cmake, size=31)
2025-11-10 16:56:36,291 - Knowledge - INFO - Fast-tracked /app/data/T0015/222062/b1841j9/RDK-Service/WebKitBrowser/InjectedBundle/NotifyWPEFramework.h (ext=.h, size=1306)
2025-11-10 16:56:36,382 - Knowledge - INFO - Worker kw19 processing /app/data/T0015/222062/b1841j9/RDK-Service/WebKitBrowser/Testing/mockfocusmanager.cpp
2025-11-10 16:56:36,459 - Knowledge - INFO - Worker kw20 processing /app/data/T0015/222062/b1841j9/RDK-Service/WebKitBrowser/Extension/Module.h
2025-11-10 16:56:36,540 - Knowledge - INFO - Worker kw1 processing /app/data/T0015/222062/b1841j9/RDK-Service/TraceControl/TraceControl.h
2025-11-10 16:56:36,653 - Knowledge - INFO - Worker kw2 processing /app/data/T0015/222062/b1841j9/RDK-Service/TextToSpeech/impl/TTSURLConstructer.cpp
2025-11-10 16:56:36,745 - Knowledge - INFO - Worker kw3 processing /app/data/T0015/222062/b1841j9/RDK-Service/HdcpProfile/Module.cpp
2025-11-10 16:56:36,833 - Knowledge - INFO - Worker kw4 processing /app/data/T0015/222062/b1841j9/RDK-Service/DeviceDiagnostics/Module.h
2025-11-10 16:56:36,925 - Knowledge - INFO - Fast-tracked /app/data/T0015/222062/b1841j9/RDK-Service/Analytics/Module.h (ext=.h, size=873)
2025-11-10 16:56:37,005 - Knowledge - INFO - Worker kw6 processing /app/data/T0015/222062/b1841j9/RDK-Service/Miracast/MiracastPlayerPlugin.json
2025-11-10 16:56:37,080 - Knowledge - INFO - Fast-tracked /app/data/T0015/222062/b1841j9/RDK-Service/Miracast/MiracastService/MiracastService.json (ext=.json, size=7523)
2025-11-10 16:56:37,168 - Knowledge - INFO - Worker kw8 processing /app/data/T0015/222062/b1841j9/RDK-Service/SystemAudioPlayer/impl/logger.cpp
2025-11-10 16:56:37,241 - Knowledge - INFO - Worker kw9 processing /app/data/T0015/222062/b1841j9/RDK-Service/ScreenCapture/ScreenCapturePlugin.json
2025-11-10 16:56:37,315 - Knowledge - INFO - Fast-tracked /app/data/T0015/222062/b1841j9/RDK-Service/CloudStore/CHANGELOG.md (ext=.md, size=1490)
2025-11-10 16:56:37,396 - Knowledge - INFO - Fast-tracked /app/data/T0015/222062/b1841j9/RDK-Service/FireboltMediaPlayer/Module.cpp (ext=.cpp, size=781)
2025-11-10 16:56:37,512 - Knowledge - INFO - Worker kw12 processing /app/data/T0015/222062/b1841j9/RDK-Service/DeviceInfo/Module.cpp
2025-11-10 16:56:37,630 - Knowledge - INFO - Fast-tracked /app/data/T0015/222062/b1841j9/RDK-Service/ControlService/test/controlSvcTestClient.cpp (ext=.cpp, size=38819)
2025-11-10 16:56:37,723 - Knowledge - INFO - Worker kw14 processing /app/data/T0015/222062/b1841j9/RDK-Service/DisplayInfo/CMakeLists.txt
2025-11-10 16:56:37,809 - Knowledge - INFO - Fast-tracked /app/data/T0015/222062/b1841j9/RDK-Service/HdmiCecSink/Module.h (ext=.h, size=875)
2025-11-10 16:56:37,899 - Knowledge - INFO - Worker kw16 processing /app/data/T0015/222062/b1841j9/RDK-Service/Network/CMakeLists.txt
2025-11-10 16:56:37,977 - Knowledge - INFO - Worker kw17 processing /app/data/T0015/222062/b1841j9/RDK-Service/DeviceIdentification/cmake/FindNEXUS.cmake
2025-11-10 16:56:38,059 - Knowledge - INFO - Worker kw18 processing /app/data/T0015/222062/b1841j9/RDK-Service/WebKitBrowser/InjectedBundle/HawaiiMessage.cpp
2025-11-10 16:56:38,185 - Knowledge - INFO - Fast-tracked /app/data/T0015/222062/b1841j9/RDK-Service/WebKitBrowser/Testing/mockfocusmanager.cpp (ext=.cpp, size=1117)
2025-11-10 16:56:38,278 - Knowledge - INFO - Fast-tracked /app/data/T0015/222062/b1841j9/RDK-Service/WebKitBrowser/Extension/Module.h (ext=.h, size=989)
2025-11-10 16:56:38,362 - Knowledge - INFO - Worker kw1 processing /app/data/T0015/222062/b1841j9/RDK-Service/TraceControl/doc/TraceControlPlugin.md
2025-11-10 16:56:38,486 - Knowledge - INFO - Worker kw2 processing /app/data/T0015/222062/b1841j9/RDK-Service/TextToSpeech/impl/TTSDownloader.cpp
2025-11-10 16:56:38,556 - Knowledge - INFO - Fast-tracked /app/data/T0015/222062/b1841j9/RDK-Service/HdcpProfile/Module.cpp (ext=.cpp, size=765)
2025-11-10 16:56:38,636 - Knowledge - INFO - Fast-tracked /app/data/T0015/222062/b1841j9/RDK-Service/DeviceDiagnostics/Module.h (ext=.h, size=881)
2025-11-10 16:56:38,717 - Knowledge - INFO - Worker kw5 processing /app/data/T0015/222062/b1841j9/RDK-Service/Analytics/Implementation/Backend/AnalyticsBackendLoader.cpp
2025-11-10 16:56:38,828 - Knowledge - INFO - Fast-tracked /app/data/T0015/222062/b1841j9/RDK-Service/Miracast/MiracastPlayerPlugin.json (ext=.json, size=599)
2025-11-10 16:56:38,907 - Knowledge - INFO - Worker kw7 processing /app/data/T0015/222062/b1841j9/RDK-Service/Miracast/MiracastService/MiracastService.h
2025-11-10 16:56:39,010 - Knowledge - INFO - Worker kw8 processing /app/data/T0015/222062/b1841j9/RDK-Service/SystemAudioPlayer/impl/BufferQueue.h
2025-11-10 16:56:39,096 - Knowledge - INFO - Fast-tracked /app/data/T0015/222062/b1841j9/RDK-Service/ScreenCapture/ScreenCapturePlugin.json (ext=.json, size=462)
2025-11-10 16:56:39,179 - Knowledge - INFO - Worker kw10 processing /app/data/T0015/222062/b1841j9/RDK-Service/FireboltMediaPlayer/test/thunderJS.js
2025-11-10 16:56:39,257 - Knowledge - INFO - Worker kw11 processing /app/data/T0015/222062/b1841j9/RDK-Service/FireboltMediaPlayer/CHANGELOG.md
2025-11-10 16:56:39,383 - Knowledge - INFO - Fast-tracked /app/data/T0015/222062/b1841j9/RDK-Service/DeviceInfo/Module.cpp (ext=.cpp, size=780)
2025-11-10 16:56:39,454 - Knowledge - INFO - Worker kw13 processing /app/data/T0015/222062/b1841j9/RDK-Service/ControlService/ControlService.h
2025-11-10 16:56:39,537 - Knowledge - INFO - Fast-tracked /app/data/T0015/222062/b1841j9/RDK-Service/DisplayInfo/CMakeLists.txt (ext=.txt, size=5234)
2025-11-10 16:56:39,640 - Knowledge - INFO - Worker kw15 processing /app/data/T0015/222062/b1841j9/RDK-Service/HdmiCecSink/HdmiCecSink.json
2025-11-10 16:56:39,725 - Knowledge - INFO - Fast-tracked /app/data/T0015/222062/b1841j9/RDK-Service/Network/CMakeLists.txt (ext=.txt, size=2192)
2025-11-10 16:56:39,804 - Knowledge - INFO - Fast-tracked /app/data/T0015/222062/b1841j9/RDK-Service/DeviceIdentification/cmake/FindNEXUS.cmake (ext=.cmake, size=28)
2025-11-10 16:56:39,887 - Knowledge - INFO - Worker kw18 processing /app/data/T0015/222062/b1841j9/RDK-Service/WebKitBrowser/InjectedBundle/ClassDefinition.h
2025-11-10 16:56:39,962 - Knowledge - INFO - Worker kw19 processing /app/data/T0015/222062/b1841j9/RDK-Service/WebKitBrowser/Testing/CMakeLists.txt
2025-11-10 16:56:40,049 - Knowledge - INFO - Worker kw20 processing /app/data/T0015/222062/b1841j9/RDK-Service/WebKitBrowser/Extension/ProcessInfo.cpp
2025-11-10 16:56:40,127 - Knowledge - INFO - Fast-tracked /app/data/T0015/222062/b1841j9/RDK-Service/TraceControl/doc/TraceControlPlugin.md (ext=.md, size=373)
2025-11-10 16:56:40,208 - Knowledge - INFO - Worker kw2 processing /app/data/T0015/222062/b1841j9/RDK-Service/TextToSpeech/impl/TTSSpeaker.cpp
2025-11-10 16:56:40,296 - Knowledge - INFO - Worker kw3 processing /app/data/T0015/222062/b1841j9/RDK-Service/HdcpProfile/CHANGELOG.md
2025-11-10 16:56:40,369 - Knowledge - INFO - Worker kw4 processing /app/data/T0015/222062/b1841j9/RDK-Service/DeviceDiagnostics/DeviceDiagnostics.h
2025-11-10 16:56:40,456 - Knowledge - INFO - Fast-tracked /app/data/T0015/222062/b1841j9/RDK-Service/Analytics/Implementation/Backend/AnalyticsBackendLoader.cpp (ext=.cpp, size=1598)
2025-11-10 16:56:40,547 - Knowledge - INFO - Worker kw6 processing /app/data/T0015/222062/b1841j9/RDK-Service/Miracast/MiracastServicePlugin.json
2025-11-10 16:56:40,626 - Knowledge - INFO - Worker kw7 processing /app/data/T0015/222062/b1841j9/RDK-Service/Miracast/MiracastService/Module.cpp
2025-11-10 16:56:40,703 - Knowledge - INFO - Fast-tracked /app/data/T0015/222062/b1841j9/RDK-Service/SystemAudioPlayer/impl/BufferQueue.h (ext=.h, size=754)
2025-11-10 16:56:40,781 - Knowledge - INFO - Worker kw9 processing /app/data/T0015/222062/b1841j9/RDK-Service/ScreenCapture/Module.cpp
2025-11-10 16:56:40,872 - Knowledge - INFO - Fast-tracked /app/data/T0015/222062/b1841j9/RDK-Service/FireboltMediaPlayer/test/thunderJS.js (ext=.js, size=6441)
2025-11-10 16:56:40,952 - Knowledge - INFO - Fast-tracked /app/data/T0015/222062/b1841j9/RDK-Service/FireboltMediaPlayer/CHANGELOG.md (ext=.md, size=1295)
2025-11-10 16:56:41,039 - Knowledge - INFO - Worker kw12 processing /app/data/T0015/222062/b1841j9/RDK-Service/DeviceInfo/CHANGELOG.md
2025-11-10 16:56:41,126 - Knowledge - INFO - Worker kw13 processing /app/data/T0015/222062/b1841j9/RDK-Service/ControlService/Module.h
2025-11-10 16:56:41,215 - Knowledge - INFO - Worker kw14 processing /app/data/T0015/222062/b1841j9/RDK-Service/DisplayInfo/cmake/FindLibDRM.cmake
2025-11-10 16:56:41,303 - Knowledge - INFO - Fast-tracked /app/data/T0015/222062/b1841j9/RDK-Service/HdmiCecSink/HdmiCecSink.json (ext=.json, size=36130)
2025-11-10 16:56:41,388 - Knowledge - INFO - Worker kw16 processing /app/data/T0015/222062/b1841j9/RDK-Service/Network/NetworkPlugin.json
2025-11-10 16:56:41,466 - Knowledge - INFO - Worker kw17 processing /app/data/T0015/222062/b1841j9/RDK-Service/DeviceIdentification/cmake/FindBCM_HOST.cmake
2025-11-10 16:56:41,542 - Knowledge - INFO - Worker kw18 processing /app/data/T0015/222062/b1841j9/RDK-Service/WebKitBrowser/InjectedBundle/JavaScriptFunctionType.h
2025-11-10 16:56:41,633 - Knowledge - INFO - Fast-tracked /app/data/T0015/222062/b1841j9/RDK-Service/WebKitBrowser/Testing/CMakeLists.txt (ext=.txt, size=1386)
2025-11-10 16:56:41,751 - Knowledge - INFO - Fast-tracked /app/data/T0015/222062/b1841j9/RDK-Service/WebKitBrowser/Extension/ProcessInfo.cpp (ext=.cpp, size=1499)
2025-11-10 16:56:41,829 - Knowledge - INFO - Worker kw1 processing /app/data/T0015/222062/b1841j9/RDK-Service/TraceControl/CMakeLists.txt
2025-11-10 16:56:41,906 - Knowledge - INFO - Worker kw2 processing /app/data/T0015/222062/b1841j9/RDK-Service/TextToSpeech/impl/TTSManager.cpp
2025-11-10 16:56:41,996 - Knowledge - INFO - Fast-tracked /app/data/T0015/222062/b1841j9/RDK-Service/HdcpProfile/CHANGELOG.md (ext=.md, size=2089)
2025-11-10 16:56:42,111 - Knowledge - INFO - Worker kw4 processing /app/data/T0015/222062/b1841j9/RDK-Service/DeviceDiagnostics/CMakeLists.txt
2025-11-10 16:56:42,186 - Knowledge - INFO - Worker kw5 processing /app/data/T0015/222062/b1841j9/RDK-Service/Analytics/Implementation/Backend/CMakeLists.txt
2025-11-10 16:56:42,308 - Knowledge - INFO - Fast-tracked /app/data/T0015/222062/b1841j9/RDK-Service/Miracast/MiracastServicePlugin.json (ext=.json, size=560)
2025-11-10 16:56:42,394 - Knowledge - INFO - Fast-tracked /app/data/T0015/222062/b1841j9/RDK-Service/Miracast/MiracastService/Module.cpp (ext=.cpp, size=765)
2025-11-10 16:56:42,481 - Knowledge - INFO - Worker kw8 processing /app/data/T0015/222062/b1841j9/RDK-Service/SystemAudioPlayer/impl/IWebSocketClient.h
2025-11-10 16:56:42,566 - Knowledge - INFO - Fast-tracked /app/data/T0015/222062/b1841j9/RDK-Service/ScreenCapture/Module.cpp (ext=.cpp, size=765)
2025-11-10 16:56:42,657 - Knowledge - INFO - Worker kw10 processing /app/data/T0015/222062/b1841j9/RDK-Service/FireboltMediaPlayer/test/fmp_test_ui.html
2025-11-10 16:56:42,754 - Knowledge - INFO - Worker kw11 processing /app/data/T0015/222062/b1841j9/RDK-Service/Cryptography/CryptographyExtAccess.cpp
2025-11-10 16:56:42,854 - Knowledge - INFO - Fast-tracked /app/data/T0015/222062/b1841j9/RDK-Service/DeviceInfo/CHANGELOG.md (ext=.md, size=3046)
2025-11-10 16:56:42,971 - Knowledge - INFO - Fast-tracked /app/data/T0015/222062/b1841j9/RDK-Service/ControlService/Module.h (ext=.h, size=878)
2025-11-10 16:56:43,054 - Knowledge - INFO - Worker kw14 processing /app/data/T0015/222062/b1841j9/RDK-Service/DisplayInfo/cmake/FindGStreamer.cmake
2025-11-10 16:56:43,133 - Knowledge - INFO - Worker kw15 processing /app/data/T0015/222062/b1841j9/RDK-Service/HdmiCecSink/CMakeLists.txt
2025-11-10 16:56:43,227 - Knowledge - INFO - Fast-tracked /app/data/T0015/222062/b1841j9/RDK-Service/Network/NetworkPlugin.json (ext=.json, size=454)
2025-11-10 16:56:43,300 - Knowledge - INFO - Fast-tracked /app/data/T0015/222062/b1841j9/RDK-Service/DeviceIdentification/cmake/FindBCM_HOST.cmake (ext=.cmake, size=31)
2025-11-10 16:56:43,397 - Knowledge - INFO - Worker kw18 processing /app/data/T0015/222062/b1841j9/RDK-Service/WebKitBrowser/InjectedBundle/BridgeObject.cpp
2025-11-10 16:56:43,514 - Knowledge - INFO - Worker kw19 processing /app/data/T0015/222062/b1841j9/RDK-Service/WebKitBrowser/Testing/focusmanager.h
2025-11-10 16:56:43,602 - Knowledge - INFO - Worker kw20 processing /app/data/T0015/222062/b1841j9/RDK-Service/WebKitBrowser/Extension/BridgeObject.h
2025-11-10 16:56:43,722 - Knowledge - INFO - Fast-tracked /app/data/T0015/222062/b1841j9/RDK-Service/TraceControl/CMakeLists.txt (ext=.txt, size=1545)
2025-11-10 16:56:43,812 - Knowledge - INFO - Worker kw2 processing /app/data/T0015/222062/b1841j9/RDK-Service/TextToSpeech/impl/NetworkStatusObserver.cpp
2025-11-10 16:56:43,919 - Knowledge - INFO - Worker kw3 processing /app/data/T0015/222062/b1841j9/RDK-Service/UnifiedCASManagement/Module.h
2025-11-10 16:56:44,014 - Knowledge - INFO - Fast-tracked /app/data/T0015/222062/b1841j9/RDK-Service/DeviceDiagnostics/CMakeLists.txt (ext=.txt, size=1655)
2025-11-10 16:56:44,100 - Knowledge - INFO - Fast-tracked /app/data/T0015/222062/b1841j9/RDK-Service/Analytics/Implementation/Backend/CMakeLists.txt (ext=.txt, size=1595)
2025-11-10 16:56:44,174 - Knowledge - INFO - Worker kw6 processing /app/data/T0015/222062/b1841j9/RDK-Service/Miracast/CMakeLists.txt
2025-11-10 16:56:44,307 - Knowledge - INFO - Worker kw7 processing /app/data/T0015/222062/b1841j9/RDK-Service/Miracast/CHANGELOG.md
2025-11-10 16:56:44,434 - Knowledge - INFO - Fast-tracked /app/data/T0015/222062/b1841j9/RDK-Service/SystemAudioPlayer/impl/IWebSocketClient.h (ext=.h, size=1478)
2025-11-10 16:56:44,514 - Knowledge - INFO - Worker kw9 processing /app/data/T0015/222062/b1841j9/RDK-Service/ScreenCapture/CHANGELOG.md
2025-11-10 16:56:44,606 - Knowledge - INFO - Fast-tracked /app/data/T0015/222062/b1841j9/RDK-Service/FireboltMediaPlayer/test/fmp_test_ui.html (ext=.html, size=11864)
2025-11-10 16:56:44,693 - Knowledge - INFO - Worker kw11 processing /app/data/T0015/222062/b1841j9/RDK-Service/Cryptography/Module.h
2025-11-10 16:56:44,765 - Knowledge - INFO - Worker kw12 processing /app/data/T0015/222062/b1841j9/RDK-Service/UsbAccess/UsbAccess.json
2025-11-10 16:56:44,836 - Knowledge - INFO - Worker kw13 processing /app/data/T0015/222062/b1841j9/RDK-Service/ControlService/ControlService.json
2025-11-10 16:56:44,918 - Knowledge - INFO - Worker kw14 processing /app/data/T0015/222062/b1841j9/RDK-Service/DisplayInfo/cmake/FindNXCLIENT.cmake
2025-11-10 16:56:44,994 - Knowledge - INFO - Fast-tracked /app/data/T0015/222062/b1841j9/RDK-Service/HdmiCecSink/CMakeLists.txt (ext=.txt, size=1931)
2025-11-10 16:56:45,090 - Knowledge - INFO - Worker kw16 processing /app/data/T0015/222062/b1841j9/RDK-Service/Network/NetUtils.cpp
2025-11-10 16:56:45,189 - Knowledge - INFO - Worker kw17 processing /app/data/T0015/222062/b1841j9/RDK-Service/DeviceIdentification/DeviceIdentificationPlugin.json
2025-11-10 16:56:45,272 - Knowledge - INFO - Worker kw18 processing /app/data/T0015/222062/b1841j9/RDK-Service/WebKitBrowser/InjectedBundle/JavaScriptFunction.h
2025-11-10 16:56:45,391 - Knowledge - INFO - Fast-tracked /app/data/T0015/222062/b1841j9/RDK-Service/WebKitBrowser/Testing/focusmanager.h (ext=.h, size=1034)
2025-11-10 16:56:45,498 - Knowledge - INFO - Fast-tracked /app/data/T0015/222062/b1841j9/RDK-Service/WebKitBrowser/Extension/BridgeObject.h (ext=.h, size=1041)
2025-11-10 16:56:45,589 - Knowledge - INFO - Worker kw1 processing /app/data/T0015/222062/b1841j9/RDK-Service/TraceControl/TraceControl.cpp
2025-11-10 16:56:45,702 - Knowledge - INFO - Worker kw2 processing /app/data/T0015/222062/b1841j9/RDK-Service/TextToSpeech/impl/RFCURLObserver.cpp
2025-11-10 16:56:45,777 - Knowledge - INFO - Fast-tracked /app/data/T0015/222062/b1841j9/RDK-Service/UnifiedCASManagement/Module.h (ext=.h, size=888)
2025-11-10 16:56:45,853 - Knowledge - INFO - Worker kw4 processing /app/data/T0015/222062/b1841j9/RDK-Service/DeviceDiagnostics/DeviceDiagnostics.cpp
2025-11-10 16:56:45,934 - Knowledge - INFO - Worker kw5 processing /app/data/T0015/222062/b1841j9/RDK-Service/Analytics/Implementation/Backend/AnalyticsBackendLoader.h
2025-11-10 16:56:46,026 - Knowledge - INFO - Fast-tracked /app/data/T0015/222062/b1841j9/RDK-Service/Miracast/CMakeLists.txt (ext=.txt, size=762)
2025-11-10 16:56:46,099 - Knowledge - INFO - Fast-tracked /app/data/T0015/222062/b1841j9/RDK-Service/Miracast/CHANGELOG.md (ext=.md, size=3583)
2025-11-10 16:56:46,180 - Knowledge - INFO - Worker kw8 processing /app/data/T0015/222062/b1841j9/RDK-Service/SystemAudioPlayer/impl/AudioPlayer.h
2025-11-10 16:56:46,263 - Knowledge - INFO - Fast-tracked /app/data/T0015/222062/b1841j9/RDK-Service/ScreenCapture/CHANGELOG.md (ext=.md, size=1945)
2025-11-10 16:56:46,358 - Knowledge - INFO - Worker kw10 processing /app/data/T0015/222062/b1841j9/RDK-Service/FireboltMediaPlayer/test/startserver.sh
2025-11-10 16:56:46,440 - Knowledge - INFO - Fast-tracked /app/data/T0015/222062/b1841j9/RDK-Service/Cryptography/Module.h (ext=.h, size=871)
2025-11-10 16:56:46,524 - Knowledge - INFO - Fast-tracked /app/data/T0015/222062/b1841j9/RDK-Service/UsbAccess/UsbAccess.json (ext=.json, size=14742)
2025-11-10 16:56:46,608 - Knowledge - INFO - Fast-tracked /app/data/T0015/222062/b1841j9/RDK-Service/ControlService/ControlService.json (ext=.json, size=88463)
2025-11-10 16:56:46,703 - Knowledge - INFO - Worker kw14 processing /app/data/T0015/222062/b1841j9/RDK-Service/DisplayInfo/cmake/FindNEXUS.cmake
2025-11-10 16:56:46,782 - Knowledge - INFO - Worker kw15 processing /app/data/T0015/222062/b1841j9/RDK-Service/HdmiCecSink/HdmiCecSinkPlugin.json
2025-11-10 16:56:46,873 - Knowledge - INFO - Worker kw16 processing /app/data/T0015/222062/b1841j9/RDK-Service/Network/NetworkTraceroute.cpp
2025-11-10 16:56:46,956 - Knowledge - INFO - Fast-tracked /app/data/T0015/222062/b1841j9/RDK-Service/DeviceIdentification/DeviceIdentificationPlugin.json (ext=.json, size=525)
2025-11-10 16:56:47,044 - Knowledge - INFO - Fast-tracked /app/data/T0015/222062/b1841j9/RDK-Service/WebKitBrowser/InjectedBundle/JavaScriptFunction.h (ext=.h, size=1649)
2025-11-10 16:56:47,111 - Knowledge - INFO - Worker kw19 processing /app/data/T0015/222062/b1841j9/RDK-Service/WebKitBrowser/Testing/tags.h
2025-11-10 16:56:47,180 - Knowledge - INFO - Worker kw20 processing /app/data/T0015/222062/b1841j9/RDK-Service/WebKitBrowser/Extension/WhiteListedOriginDomainsList.cpp
2025-11-10 16:56:47,310 - Knowledge - INFO - Worker kw1 processing /app/data/T0015/222062/b1841j9/RDK-Service/TraceControl/Module.cpp
2025-11-10 16:56:47,435 - Knowledge - INFO - Worker kw2 processing /app/data/T0015/222062/b1841j9/RDK-Service/TextToSpeech/impl/SatToken.h
2025-11-10 16:56:47,565 - Knowledge - INFO - Worker kw3 processing /app/data/T0015/222062/b1841j9/RDK-Service/UnifiedCASManagement/LibMediaPlayerImpl.h
2025-11-10 16:56:47,641 - Knowledge - INFO - Worker kw4 processing /app/data/T0015/222062/b1841j9/RDK-Service/DeviceDiagnostics/README.md
2025-11-10 16:56:47,718 - Knowledge - INFO - Fast-tracked /app/data/T0015/222062/b1841j9/RDK-Service/Analytics/Implementation/Backend/AnalyticsBackendLoader.h (ext=.h, size=1351)
2025-11-10 16:56:47,803 - Knowledge - INFO - Worker kw6 processing /app/data/T0015/222062/b1841j9/RDK-Service/Miracast/MiracastPlayer/Test/SoC_GstPlayer.cpp
2025-11-10 16:56:47,897 - Knowledge - INFO - Worker kw7 processing /app/data/T0015/222062/b1841j9/RDK-Service/SystemAudioPlayer/SystemAudioPlayerImplementation.h
2025-11-10 16:56:47,978 - Knowledge - INFO - Worker kw8 processing /app/data/T0015/222062/b1841j9/RDK-Service/SystemAudioPlayer/impl/UnsecuredWebSocketClient.cpp
2025-11-10 16:56:48,094 - Knowledge - INFO - Worker kw9 processing /app/data/T0015/222062/b1841j9/RDK-Service/CloudStore/CloudStoreImplementation.h
2025-11-10 16:56:48,193 - Knowledge - INFO - Fast-tracked /app/data/T0015/222062/b1841j9/RDK-Service/FireboltMediaPlayer/test/startserver.sh (ext=.sh, size=28)
2025-11-10 16:56:48,312 - Knowledge - INFO - Worker kw11 processing /app/data/T0015/222062/b1841j9/RDK-Service/Cryptography/CryptographyRPC.cpp
2025-11-10 16:56:48,385 - Knowledge - INFO - Worker kw12 processing /app/data/T0015/222062/b1841j9/RDK-Service/UsbAccess/Module.h
2025-11-10 16:56:48,460 - Knowledge - INFO - Worker kw13 processing /app/data/T0015/222062/b1841j9/RDK-Service/ControlService/CMakeLists.txt
2025-11-10 16:56:48,545 - Knowledge - INFO - Worker kw14 processing /app/data/T0015/222062/b1841j9/RDK-Service/DisplayInfo/cmake/FindBCM_HOST.cmake
2025-11-10 16:56:48,618 - Knowledge - INFO - Fast-tracked /app/data/T0015/222062/b1841j9/RDK-Service/HdmiCecSink/HdmiCecSinkPlugin.json (ext=.json, size=505)
2025-11-10 16:56:48,734 - Knowledge - INFO - Worker kw16 processing /app/data/T0015/222062/b1841j9/RDK-Service/Network/README.md
2025-11-10 16:56:48,824 - Knowledge - INFO - Worker kw17 processing /app/data/T0015/222062/b1841j9/RDK-Service/DeviceIdentification/DeviceIdentification.cpp
2025-11-10 16:56:48,908 - Knowledge - INFO - Worker kw18 processing /app/data/T0015/222062/b1841j9/RDK-Service/WebKitBrowser/InjectedBundle/RequestHeaders.h
2025-11-10 16:56:49,000 - Knowledge - INFO - Fast-tracked /app/data/T0015/222062/b1841j9/RDK-Service/WebKitBrowser/Testing/tags.h (ext=.h, size=1152)
2025-11-10 16:56:49,080 - Knowledge - INFO - Worker kw20 processing /app/data/T0015/222062/b1841j9/RDK-Service/WebKitBrowser/Extension/Milestone.h
2025-11-10 16:56:49,166 - Knowledge - INFO - Fast-tracked /app/data/T0015/222062/b1841j9/RDK-Service/TraceControl/Module.cpp (ext=.cpp, size=781)
2025-11-10 16:56:49,254 - Knowledge - INFO - Fast-tracked /app/data/T0015/222062/b1841j9/RDK-Service/TextToSpeech/impl/SatToken.h (ext=.h, size=841)
2025-11-10 16:56:49,341 - Knowledge - INFO - Worker kw3 processing /app/data/T0015/222062/b1841j9/RDK-Service/UnifiedCASManagement/doc/UnifiedCASManagementService.md
2025-11-10 16:56:49,428 - Knowledge - INFO - Fast-tracked /app/data/T0015/222062/b1841j9/RDK-Service/DeviceDiagnostics/README.md (ext=.md, size=250)
2025-11-10 16:56:49,562 - Knowledge - INFO - Worker kw5 processing /app/data/T0015/222062/b1841j9/RDK-Service/Analytics/Implementation/LocalStore/DatabaseInterface.h
2025-11-10 16:56:49,642 - Knowledge - INFO - Fast-tracked /app/data/T0015/222062/b1841j9/RDK-Service/Miracast/MiracastPlayer/Test/SoC_GstPlayer.cpp (ext=.cpp, size=3284)
2025-11-10 16:56:49,765 - Knowledge - INFO - Worker kw7 processing /app/data/T0015/222062/b1841j9/RDK-Service/SystemAudioPlayer/test/Module.h
2025-11-10 16:56:49,854 - Knowledge - INFO - Fast-tracked /app/data/T0015/222062/b1841j9/RDK-Service/SystemAudioPlayer/impl/UnsecuredWebSocketClient.cpp (ext=.cpp, size=1374)
2025-11-10 16:56:49,933 - Knowledge - INFO - Worker kw9 processing /app/data/T0015/222062/b1841j9/RDK-Service/CloudStore/Module.h
2025-11-10 16:56:50,013 - Knowledge - INFO - Worker kw10 processing /app/data/T0015/222062/b1841j9/RDK-Service/FireboltMediaPlayer/test/settings/initConfig_03.json
2025-11-10 16:56:50,105 - Knowledge - INFO - Worker kw11 processing /app/data/T0015/222062/b1841j9/RDK-Service/Cryptography/CMakeLists.txt
2025-11-10 16:56:50,188 - Knowledge - INFO - Fast-tracked /app/data/T0015/222062/b1841j9/RDK-Service/UsbAccess/Module.h (ext=.h, size=873)
2025-11-10 16:56:50,277 - Knowledge - INFO - Fast-tracked /app/data/T0015/222062/b1841j9/RDK-Service/ControlService/CMakeLists.txt (ext=.txt, size=2045)
2025-11-10 16:56:50,376 - Knowledge - INFO - Worker kw14 processing /app/data/T0015/222062/b1841j9/RDK-Service/DisplayInfo/DeviceSettings/Realtek/kms.c
2025-11-10 16:56:50,457 - Knowledge - INFO - Worker kw15 processing /app/data/T0015/222062/b1841j9/RDK-Service/HdmiCecSink/README.md
2025-11-10 16:56:50,542 - Knowledge - INFO - Fast-tracked /app/data/T0015/222062/b1841j9/RDK-Service/Network/README.md (ext=.md, size=2062)
2025-11-10 16:56:50,613 - Knowledge - INFO - Worker kw17 processing /app/data/T0015/222062/b1841j9/RDK-Service/DeviceIdentification/IdentityProvider.h
2025-11-10 16:56:50,694 - Knowledge - INFO - Fast-tracked /app/data/T0015/222062/b1841j9/RDK-Service/WebKitBrowser/InjectedBundle/RequestHeaders.h (ext=.h, size=1085)
2025-11-10 16:56:50,788 - Knowledge - INFO - Worker kw19 processing /app/data/T0015/222062/b1841j9/RDK-Service/WebKitBrowser/Testing/Extension/testrunnerextension.cpp
2025-11-10 16:56:50,865 - Knowledge - INFO - Fast-tracked /app/data/T0015/222062/b1841j9/RDK-Service/WebKitBrowser/Extension/Milestone.h (ext=.h, size=956)
2025-11-10 16:56:50,936 - Knowledge - INFO - Worker kw1 processing /app/data/T0015/222062/b1841j9/RDK-Service/TraceControl/TraceControlPlugin.json
2025-11-10 16:56:51,020 - Knowledge - INFO - Worker kw2 processing /app/data/T0015/222062/b1841j9/RDK-Service/TextToSpeech/TextToSpeech.h
2025-11-10 16:56:51,102 - Knowledge - INFO - Fast-tracked /app/data/T0015/222062/b1841j9/RDK-Service/UnifiedCASManagement/doc/UnifiedCASManagementService.md (ext=.md, size=7810)
2025-11-10 16:56:51,177 - Knowledge - INFO - Worker kw4 processing /app/data/T0015/222062/b1841j9/RDK-Service/DeviceDiagnostics/Module.cpp
2025-11-10 16:56:51,277 - Knowledge - INFO - Worker kw5 processing /app/data/T0015/222062/b1841j9/RDK-Service/Analytics/Implementation/LocalStore/DatabaseConnection.cpp
2025-11-10 16:56:51,356 - Knowledge - INFO - Worker kw6 processing /app/data/T0015/222062/b1841j9/RDK-Service/Miracast/MiracastPlayer/MiracastPlayerPlugin.json
2025-11-10 16:56:51,441 - Knowledge - INFO - Fast-tracked /app/data/T0015/222062/b1841j9/RDK-Service/SystemAudioPlayer/test/Module.h (ext=.h, size=839)
2025-11-10 16:56:51,534 - Knowledge - INFO - Worker kw8 processing /app/data/T0015/222062/b1841j9/RDK-Service/SystemAudioPlayer/impl/SecuredWebSocketClient.h
2025-11-10 16:56:51,615 - Knowledge - INFO - Fast-tracked /app/data/T0015/222062/b1841j9/RDK-Service/CloudStore/Module.h (ext=.h, size=1561)
2025-11-10 16:56:51,690 - Knowledge - INFO - Fast-tracked /app/data/T0015/222062/b1841j9/RDK-Service/FireboltMediaPlayer/test/settings/initConfig_03.json (ext=.json, size=352)
2025-11-10 16:56:51,788 - Knowledge - INFO - Fast-tracked /app/data/T0015/222062/b1841j9/RDK-Service/Cryptography/CMakeLists.txt (ext=.txt, size=2239)
2025-11-10 16:56:51,872 - Knowledge - INFO - Worker kw12 processing /app/data/T0015/222062/b1841j9/RDK-Service/UsbAccess/UsbAccess.h
2025-11-10 16:56:51,955 - Knowledge - INFO - Worker kw13 processing /app/data/T0015/222062/b1841j9/RDK-Service/ControlService/cmake/FindCTRLM.cmake
2025-11-10 16:56:52,058 - Knowledge - INFO - Worker kw14 processing /app/data/T0015/222062/b1841j9/RDK-Service/DisplayInfo/DeviceSettings/Realtek/kms.h
2025-11-10 16:56:52,141 - Knowledge - INFO - Fast-tracked /app/data/T0015/222062/b1841j9/RDK-Service/HdmiCecSink/README.md (ext=.md, size=252)
2025-11-10 16:56:52,261 - Knowledge - INFO - Worker kw16 processing /app/data/T0015/222062/b1841j9/RDK-Service/Network/NetUtilsNetlink.h
2025-11-10 16:56:52,354 - Knowledge - INFO - Fast-tracked /app/data/T0015/222062/b1841j9/RDK-Service/DeviceIdentification/IdentityProvider.h (ext=.h, size=1218)
2025-11-10 16:56:52,438 - Knowledge - INFO - Worker kw18 processing /app/data/T0015/222062/b1841j9/RDK-Service/WebKitBrowser/InjectedBundle/WhiteListedOriginDomainsList.h
2025-11-10 16:56:52,525 - Knowledge - INFO - Worker kw19 processing /app/data/T0015/222062/b1841j9/RDK-Service/WebKitBrowser/Testing/Extension/TestRunnerJS.h
2025-11-10 16:56:52,596 - Knowledge - INFO - Worker kw20 processing /app/data/T0015/222062/b1841j9/RDK-Service/WebKitBrowser/Extension/RequestHeaders.cpp
2025-11-10 16:56:52,695 - Knowledge - INFO - Fast-tracked /app/data/T0015/222062/b1841j9/RDK-Service/TraceControl/TraceControlPlugin.json (ext=.json, size=1889)
2025-11-10 16:56:52,778 - Knowledge - INFO - Worker kw2 processing /app/data/T0015/222062/b1841j9/RDK-Service/TextToSpeech/CMakeLists.txt
2025-11-10 16:56:52,859 - Knowledge - INFO - Worker kw3 processing /app/data/T0015/222062/b1841j9/RDK-Service/UnifiedCASManagement/CMakeLists.txt
2025-11-10 16:56:52,945 - Knowledge - INFO - Fast-tracked /app/data/T0015/222062/b1841j9/RDK-Service/DeviceDiagnostics/Module.cpp (ext=.cpp, size=765)
2025-11-10 16:56:53,027 - Knowledge - INFO - Worker kw5 processing /app/data/T0015/222062/b1841j9/RDK-Service/Analytics/Implementation/LocalStore/CMakeLists.txt
2025-11-10 16:56:53,139 - Knowledge - INFO - Fast-tracked /app/data/T0015/222062/b1841j9/RDK-Service/Miracast/MiracastPlayer/MiracastPlayerPlugin.json (ext=.json, size=599)
2025-11-10 16:56:53,219 - Knowledge - INFO - Worker kw7 processing /app/data/T0015/222062/b1841j9/RDK-Service/SystemAudioPlayer/test/CMakeLists.txt
2025-11-10 16:56:53,294 - Knowledge - INFO - Fast-tracked /app/data/T0015/222062/b1841j9/RDK-Service/SystemAudioPlayer/impl/SecuredWebSocketClient.h (ext=.h, size=1369)
2025-11-10 16:56:53,369 - Knowledge - INFO - Worker kw9 processing /app/data/T0015/222062/b1841j9/RDK-Service/CloudStore/l0test/CloudStoreImplementationMock.h
2025-11-10 16:56:53,449 - Knowledge - INFO - Worker kw10 processing /app/data/T0015/222062/b1841j9/RDK-Service/FireboltMediaPlayer/test/settings/initConfig_01.json
2025-11-10 16:56:53,567 - Knowledge - INFO - Worker kw11 processing /app/data/T0015/222062/b1841j9/RDK-Service/Cryptography/CryptographyExtAccess.h
2025-11-10 16:56:53,649 - Knowledge - INFO - Worker kw12 processing /app/data/T0015/222062/b1841j9/RDK-Service/UsbAccess/CMakeLists.txt
2025-11-10 16:56:53,730 - Knowledge - INFO - Fast-tracked /app/data/T0015/222062/b1841j9/RDK-Service/ControlService/cmake/FindCTRLM.cmake (ext=.cmake, size=1245)
2025-11-10 16:56:53,811 - Knowledge - INFO - Worker kw14 processing /app/data/T0015/222062/b1841j9/RDK-Service/DisplayInfo/DeviceSettings/Realtek/SoC_abstraction.cpp
2025-11-10 16:56:53,930 - Knowledge - INFO - Worker kw15 processing /app/data/T0015/222062/b1841j9/RDK-Service/HdmiCecSink/HdmiCecSink.cpp
2025-11-10 16:56:54,011 - Knowledge - INFO - Worker kw16 processing /app/data/T0015/222062/b1841j9/RDK-Service/Network/Network.cpp
2025-11-10 16:56:54,086 - Knowledge - INFO - Worker kw17 processing /app/data/T0015/222062/b1841j9/RDK-Service/DeviceIdentification/Module.cpp
2025-11-10 16:56:54,167 - Knowledge - INFO - Fast-tracked /app/data/T0015/222062/b1841j9/RDK-Service/WebKitBrowser/InjectedBundle/WhiteListedOriginDomainsList.h (ext=.h, size=1720)
2025-11-10 16:56:54,245 - Knowledge - INFO - Fast-tracked /app/data/T0015/222062/b1841j9/RDK-Service/WebKitBrowser/Testing/Extension/TestRunnerJS.h (ext=.h, size=1073)
2025-11-10 16:56:54,329 - Knowledge - INFO - Worker kw20 processing /app/data/T0015/222062/b1841j9/RDK-Service/WebKitBrowser/Extension/main.cpp
2025-11-10 16:56:54,411 - Knowledge - INFO - Worker kw1 processing /app/data/T0015/222062/b1841j9/RDK-Service/TraceControl/CHANGELOG.md
2025-11-10 16:56:54,499 - Knowledge - INFO - Fast-tracked /app/data/T0015/222062/b1841j9/RDK-Service/TextToSpeech/CMakeLists.txt (ext=.txt, size=2647)
2025-11-10 16:56:54,570 - Knowledge - INFO - Fast-tracked /app/data/T0015/222062/b1841j9/RDK-Service/UnifiedCASManagement/CMakeLists.txt (ext=.txt, size=2561)
2025-11-10 16:56:54,670 - Knowledge - INFO - Worker kw4 processing /app/data/T0015/222062/b1841j9/RDK-Service/DeviceDiagnostics/CHANGELOG.md
2025-11-10 16:56:54,799 - Knowledge - INFO - Fast-tracked /app/data/T0015/222062/b1841j9/RDK-Service/Analytics/Implementation/LocalStore/CMakeLists.txt (ext=.txt, size=1742)
2025-11-10 16:56:54,896 - Knowledge - INFO - Worker kw6 processing /app/data/T0015/222062/b1841j9/RDK-Service/Miracast/MiracastPlayer/Module.h
2025-11-10 16:56:54,981 - Knowledge - INFO - Fast-tracked /app/data/T0015/222062/b1841j9/RDK-Service/SystemAudioPlayer/test/CMakeLists.txt (ext=.txt, size=1658)
2025-11-10 16:56:55,061 - Knowledge - INFO - Worker kw8 processing /app/data/T0015/222062/b1841j9/RDK-Service/SystemAudioPlayer/impl/broadcom/SoC_abstraction.cpp
2025-11-10 16:56:55,151 - Knowledge - INFO - Worker kw9 processing /app/data/T0015/222062/b1841j9/RDK-Service/CloudStore/l0test/CMakeLists.txt
2025-11-10 16:56:55,239 - Knowledge - INFO - Fast-tracked /app/data/T0015/222062/b1841j9/RDK-Service/FireboltMediaPlayer/test/settings/initConfig_01.json (ext=.json, size=1696)
2025-11-10 16:56:55,354 - Knowledge - INFO - Worker kw11 processing /app/data/T0015/222062/b1841j9/RDK-Service/Cryptography/README.md
2025-11-10 16:56:55,478 - Knowledge - INFO - Fast-tracked /app/data/T0015/222062/b1841j9/RDK-Service/UsbAccess/CMakeLists.txt (ext=.txt, size=1701)
2025-11-10 16:56:55,571 - Knowledge - INFO - Worker kw13 processing /app/data/T0015/222062/b1841j9/RDK-Service/ControlService/cmake/FindIARMBus.cmake
2025-11-10 16:56:55,651 - Knowledge - INFO - Worker kw14 processing /app/data/T0015/222062/b1841j9/RDK-Service/DisplayInfo/DeviceSettings/SoC_abstraction.h
2025-11-10 16:56:55,729 - Knowledge - INFO - Fast-tracked /app/data/T0015/222062/b1841j9/RDK-Service/HdmiCecSink/HdmiCecSink.cpp (ext=.cpp, size=149801)
2025-11-10 16:56:55,809 - Knowledge - INFO - Worker kw16 processing /app/data/T0015/222062/b1841j9/RDK-Service/Network/Module.cpp
2025-11-10 16:56:55,897 - Knowledge - INFO - Fast-tracked /app/data/T0015/222062/b1841j9/RDK-Service/DeviceIdentification/Module.cpp (ext=.cpp, size=781)
2025-11-10 16:56:56,008 - Knowledge - INFO - Worker kw18 processing /app/data/T0015/222062/b1841j9/RDK-Service/WebKitBrowser/InjectedBundle/AAMPJSBindings.cpp
2025-11-10 16:56:56,089 - Knowledge - INFO - Worker kw19 processing /app/data/T0015/222062/b1841j9/RDK-Service/WebKitBrowser/Testing/testrunner.cpp
2025-11-10 16:56:56,175 - Knowledge - INFO - Worker kw20 processing /app/data/T0015/222062/b1841j9/RDK-Service/WebKitBrowser/Extension/CMakeLists.txt
2025-11-10 16:56:56,272 - Knowledge - INFO - Fast-tracked /app/data/T0015/222062/b1841j9/RDK-Service/TraceControl/CHANGELOG.md (ext=.md, size=1429)
2025-11-10 16:56:56,358 - Knowledge - INFO - Worker kw2 processing /app/data/T0015/222062/b1841j9/RDK-Service/TextToSpeech/TextToSpeech.cpp
2025-11-10 16:56:56,436 - Knowledge - INFO - Worker kw3 processing /app/data/T0015/222062/b1841j9/RDK-Service/UnifiedCASManagement/UnifiedCASManagement.h
2025-11-10 16:56:56,521 - Knowledge - INFO - Fast-tracked /app/data/T0015/222062/b1841j9/RDK-Service/DeviceDiagnostics/CHANGELOG.md (ext=.md, size=1632)
2025-11-10 16:56:56,595 - Knowledge - INFO - Worker kw5 processing /app/data/T0015/222062/b1841j9/RDK-Service/Analytics/Implementation/LocalStore/LocalStore.h
2025-11-10 16:56:56,685 - Knowledge - INFO - Fast-tracked /app/data/T0015/222062/b1841j9/RDK-Service/Miracast/MiracastPlayer/Module.h (ext=.h, size=871)
2025-11-10 16:56:56,771 - Knowledge - INFO - Worker kw7 processing /app/data/T0015/222062/b1841j9/RDK-Service/SystemAudioPlayer/test/SAPThunderAPITest.cpp
2025-11-10 16:56:56,857 - Knowledge - INFO - Fast-tracked /app/data/T0015/222062/b1841j9/RDK-Service/SystemAudioPlayer/impl/broadcom/SoC_abstraction.cpp (ext=.cpp, size=219)
2025-11-10 16:56:56,935 - Knowledge - INFO - Fast-tracked /app/data/T0015/222062/b1841j9/RDK-Service/CloudStore/l0test/CMakeLists.txt (ext=.txt, size=1472)
2025-11-10 16:56:57,017 - Knowledge - INFO - Worker kw10 processing /app/data/T0015/222062/b1841j9/RDK-Service/FireboltMediaPlayer/test/settings/initConfig_05.json
2025-11-10 16:56:57,099 - Knowledge - INFO - Fast-tracked /app/data/T0015/222062/b1841j9/RDK-Service/Cryptography/README.md (ext=.md, size=63)
2025-11-10 16:56:57,188 - Knowledge - INFO - Worker kw12 processing /app/data/T0015/222062/b1841j9/RDK-Service/UsbAccess/UsbAccess.cpp
2025-11-10 16:56:57,272 - Knowledge - INFO - Fast-tracked /app/data/T0015/222062/b1841j9/RDK-Service/ControlService/cmake/FindIARMBus.cmake (ext=.cmake, size=1740)
2025-11-10 16:56:57,365 - Knowledge - INFO - Fast-tracked /app/data/T0015/222062/b1841j9/RDK-Service/DisplayInfo/DeviceSettings/SoC_abstraction.h (ext=.h, size=1350)
2025-11-10 16:56:57,456 - Knowledge - INFO - Worker kw15 processing /app/data/T0015/222062/b1841j9/RDK-Service/HdmiCecSink/Module.cpp
2025-11-10 16:56:57,559 - Knowledge - INFO - Fast-tracked /app/data/T0015/222062/b1841j9/RDK-Service/Network/Module.cpp (ext=.cpp, size=765)
2025-11-10 16:56:57,668 - Knowledge - INFO - Worker kw17 processing /app/data/T0015/222062/b1841j9/RDK-Service/DeviceIdentification/CHANGELOG.md
2025-11-10 16:56:57,753 - Knowledge - INFO - Worker kw18 processing /app/data/T0015/222062/b1841j9/RDK-Service/WebKitBrowser/InjectedBundle/Utils.h
2025-11-10 16:56:57,840 - Knowledge - INFO - Worker kw19 processing /app/data/T0015/222062/b1841j9/RDK-Service/WebKitBrowser/CMakeLists.txt
2025-11-10 16:56:57,927 - Knowledge - INFO - Fast-tracked /app/data/T0015/222062/b1841j9/RDK-Service/WebKitBrowser/Extension/CMakeLists.txt (ext=.txt, size=3530)
2025-11-10 16:56:58,007 - Knowledge - INFO - Worker kw1 processing /app/data/T0015/222062/b1841j9/RDK-Service/TextToSpeech/test/TTSThunderAPITest.cpp
2025-11-10 16:56:58,213 - Knowledge - INFO - Worker kw3 processing /app/data/T0015/222062/b1841j9/RDK-Service/UnifiedCASManagement/UnifiedCASManagement.cpp
2025-11-10 16:56:58,291 - Knowledge - INFO - Worker kw4 processing /app/data/T0015/222062/b1841j9/RDK-Service/DeviceDiagnostics/DeviceDiagnosticsPlugin.json
2025-11-10 16:56:58,384 - Knowledge - INFO - Fast-tracked /app/data/T0015/222062/b1841j9/RDK-Service/Analytics/Implementation/LocalStore/LocalStore.h (ext=.h, size=1944)
2025-11-10 16:56:58,473 - Knowledge - INFO - Worker kw6 processing /app/data/T0015/222062/b1841j9/RDK-Service/Miracast/MiracastPlayer/Amlogic/SoC_GstPlayer.cpp
2025-11-10 16:56:58,574 - Knowledge - INFO - Fast-tracked /app/data/T0015/222062/b1841j9/RDK-Service/SystemAudioPlayer/test/SAPThunderAPITest.cpp (ext=.cpp, size=15532)
2025-11-10 16:56:58,661 - Knowledge - INFO - Worker kw8 processing /app/data/T0015/222062/b1841j9/RDK-Service/SystemAudioPlayer/SystemAudioPlayer.h
2025-11-10 16:56:58,787 - Knowledge - INFO - Worker kw9 processing /app/data/T0015/222062/b1841j9/RDK-Service/CloudStore/l0test/ServiceMock.h
2025-11-10 16:56:58,872 - Knowledge - INFO - Fast-tracked /app/data/T0015/222062/b1841j9/RDK-Service/FireboltMediaPlayer/test/settings/initConfig_05.json (ext=.json, size=233)
2025-11-10 16:56:58,955 - Knowledge - INFO - Worker kw11 processing /app/data/T0015/222062/b1841j9/RDK-Service/Cryptography/Module.cpp
2025-11-10 16:56:59,033 - Knowledge - INFO - Worker kw12 processing /app/data/T0015/222062/b1841j9/RDK-Service/UsbAccess/README.md
2025-11-10 16:56:59,131 - Knowledge - INFO - Worker kw13 processing /app/data/T0015/222062/b1841j9/RDK-Service/ControlService/ControlServicePlugin.json
2025-11-10 16:56:59,204 - Knowledge - INFO - Worker kw14 processing /app/data/T0015/222062/b1841j9/RDK-Service/DisplayInfo/DeviceSettings/PlatformImplementation.cpp
2025-11-10 16:56:59,293 - Knowledge - INFO - Fast-tracked /app/data/T0015/222062/b1841j9/RDK-Service/HdmiCecSink/Module.cpp (ext=.cpp, size=765)
2025-11-10 16:56:59,383 - Knowledge - INFO - Worker kw16 processing /app/data/T0015/222062/b1841j9/RDK-Service/Network/CHANGELOG.md
2025-11-10 16:56:59,462 - Knowledge - INFO - Fast-tracked /app/data/T0015/222062/b1841j9/RDK-Service/DeviceIdentification/CHANGELOG.md (ext=.md, size=2048)
2025-11-10 16:56:59,550 - Knowledge - INFO - Fast-tracked /app/data/T0015/222062/b1841j9/RDK-Service/WebKitBrowser/InjectedBundle/Utils.h (ext=.h, size=1335)
2025-11-10 16:56:59,637 - Knowledge - INFO - Fast-tracked /app/data/T0015/222062/b1841j9/RDK-Service/WebKitBrowser/CMakeLists.txt (ext=.txt, size=34259)
2025-11-10 16:56:59,832 - Knowledge - INFO - Worker kw20 processing /app/data/T0015/222062/b1841j9/RDK-Service/WebKitBrowser/Extension/Milestone.cpp
2025-11-10 16:56:59,921 - Knowledge - INFO - Fast-tracked /app/data/T0015/222062/b1841j9/RDK-Service/TextToSpeech/test/TTSThunderAPITest.cpp (ext=.cpp, size=21055)
2025-11-10 16:57:00,000 - Knowledge - INFO - Worker kw3 processing /app/data/T0015/222062/b1841j9/RDK-Service/UnifiedCASManagement/MediaPlayer.h
2025-11-10 16:57:00,098 - Knowledge - INFO - Fast-tracked /app/data/T0015/222062/b1841j9/RDK-Service/DeviceDiagnostics/DeviceDiagnosticsPlugin.json (ext=.json, size=550)
2025-11-10 16:57:00,207 - Knowledge - INFO - Worker kw5 processing /app/data/T0015/222062/b1841j9/RDK-Service/Analytics/Implementation/LocalStore/LocalStore.cpp
2025-11-10 16:57:00,299 - Knowledge - INFO - Worker kw6 processing /app/data/T0015/222062/b1841j9/RDK-Service/Miracast/MiracastPlayer/MiracastPlayer.cpp
2025-11-10 16:57:00,391 - Knowledge - INFO - Worker kw7 processing /app/data/T0015/222062/b1841j9/RDK-Service/SystemAudioPlayer/test/SoC_abstraction.cpp
2025-11-10 16:57:00,486 - Knowledge - INFO - Worker kw8 processing /app/data/T0015/222062/b1841j9/RDK-Service/SystemAudioPlayer/CMakeLists.txt
2025-11-10 16:57:00,586 - Knowledge - INFO - Worker kw9 processing /app/data/T0015/222062/b1841j9/RDK-Service/CloudStore/l0test/CloudStoreTest.cpp
2025-11-10 16:57:00,680 - Knowledge - INFO - Worker kw10 processing /app/data/T0015/222062/b1841j9/RDK-Service/FireboltMediaPlayer/test/settings/initConfig_04.json
2025-11-10 16:57:00,772 - Knowledge - INFO - Fast-tracked /app/data/T0015/222062/b1841j9/RDK-Service/Cryptography/Module.cpp (ext=.cpp, size=779)
2025-11-10 16:57:00,853 - Knowledge - INFO - Fast-tracked /app/data/T0015/222062/b1841j9/RDK-Service/UsbAccess/README.md (ext=.md, size=832)
2025-11-10 16:57:00,937 - Knowledge - INFO - Fast-tracked /app/data/T0015/222062/b1841j9/RDK-Service/ControlService/ControlServicePlugin.json (ext=.json, size=461)
2025-11-10 16:57:01,004 - Knowledge - INFO - Worker kw14 processing /app/data/T0015/222062/b1841j9/RDK-Service/DisplayInfo/DeviceSettings/Amlogic/kms.c
2025-11-10 16:57:01,126 - Knowledge - INFO - Worker kw15 processing /app/data/T0015/222062/b1841j9/RDK-Service/HdmiCecSink/CHANGELOG.md
2025-11-10 16:57:01,234 - Knowledge - INFO - Fast-tracked /app/data/T0015/222062/b1841j9/RDK-Service/Network/CHANGELOG.md (ext=.md, size=4187)
2025-11-10 16:57:01,305 - Knowledge - INFO - Worker kw17 processing /app/data/T0015/222062/b1841j9/RDK-Service/WebKitBrowser/WebKitBrowser.h
2025-11-10 16:57:01,426 - Knowledge - INFO - Worker kw18 processing /app/data/T0015/222062/b1841j9/RDK-Service/WebKitBrowser/CookieJar.cpp
2025-11-10 16:57:01,525 - Knowledge - INFO - Worker kw19 processing /app/data/T0015/222062/b1841j9/RDK-Service/WebKitBrowser/LoggingUtils.h
2025-11-10 16:57:01,618 - Knowledge - INFO - Fast-tracked /app/data/T0015/222062/b1841j9/RDK-Service/WebKitBrowser/Extension/Milestone.cpp (ext=.cpp, size=1879)
2025-11-10 16:57:01,706 - Knowledge - INFO - Worker kw1 processing /app/data/T0015/222062/b1841j9/RDK-Service/TextToSpeech/test/Module.h
2025-11-10 16:57:01,783 - Knowledge - INFO - Worker kw3 processing /app/data/T0015/222062/b1841j9/RDK-Service/UnifiedCASManagement/Module.cpp
2025-11-10 16:57:01,862 - Knowledge - INFO - Worker kw4 processing /app/data/T0015/222062/b1841j9/RDK-Service/AVOutput/AVOutput.json
2025-11-10 16:57:01,956 - Knowledge - INFO - Worker kw5 processing /app/data/T0015/222062/b1841j9/RDK-Service/Analytics/Implementation/LocalStore/DatabaseConnection.h
2025-11-10 16:57:02,077 - Knowledge - INFO - Worker kw6 processing /app/data/T0015/222062/b1841j9/RDK-Service/Miracast/MiracastPlayer/CMakeLists.txt
2025-11-10 16:57:02,211 - Knowledge - INFO - Fast-tracked /app/data/T0015/222062/b1841j9/RDK-Service/SystemAudioPlayer/test/SoC_abstraction.cpp (ext=.cpp, size=224)
2025-11-10 16:57:02,341 - Knowledge - INFO - Fast-tracked /app/data/T0015/222062/b1841j9/RDK-Service/SystemAudioPlayer/CMakeLists.txt (ext=.txt, size=3698)
2025-11-10 16:57:02,386 - Knowledge - INFO - Fast-tracked /app/data/T0015/222062/b1841j9/RDK-Service/TextToSpeech/impl/TTSCommon.h (small file (2102 bytes))
2025-11-10 16:57:02,429 - Knowledge - INFO - Worker kw9 processing /app/data/T0015/222062/b1841j9/RDK-Service/CloudStore/grpc/l0test/WorkerPoolImplementation.h
2025-11-10 16:57:02,515 - Knowledge - INFO - Fast-tracked /app/data/T0015/222062/b1841j9/RDK-Service/FireboltMediaPlayer/test/settings/initConfig_04.json (ext=.json, size=933)
2025-11-10 16:57:02,595 - Knowledge - INFO - Worker kw11 processing /app/data/T0015/222062/b1841j9/RDK-Service/Cryptography/CHANGELOG.md
2025-11-10 16:57:02,676 - Knowledge - INFO - Worker kw12 processing /app/data/T0015/222062/b1841j9/RDK-Service/UsbAccess/UsbAccessPlugin.json
2025-11-10 16:57:02,759 - Knowledge - INFO - Worker kw13 processing /app/data/T0015/222062/b1841j9/RDK-Service/ControlService/README.md
2025-11-10 16:57:02,843 - Knowledge - INFO - Worker kw14 processing /app/data/T0015/222062/b1841j9/RDK-Service/DisplayInfo/DeviceSettings/Amlogic/kms.h
2025-11-10 16:57:02,920 - Knowledge - INFO - Fast-tracked /app/data/T0015/222062/b1841j9/RDK-Service/HdmiCecSink/CHANGELOG.md (ext=.md, size=4465)
2025-11-10 16:57:03,016 - Knowledge - INFO - Worker kw16 processing /app/data/T0015/222062/b1841j9/RDK-Service/Network/PingNotifier.cpp
2025-11-10 16:57:03,134 - Knowledge - INFO - Worker kw17 processing /app/data/T0015/222062/b1841j9/RDK-Service/WebKitBrowser/Tags.cpp
2025-11-10 16:57:03,218 - Knowledge - INFO - Worker kw18 processing /app/data/T0015/222062/b1841j9/RDK-Service/WebKitBrowser/CookieJarCrypto/CookieJarCryptoExample.h
2025-11-10 16:57:03,296 - Knowledge - INFO - Fast-tracked /app/data/T0015/222062/b1841j9/RDK-Service/WebKitBrowser/LoggingUtils.h (ext=.h, size=874)
2025-11-10 16:57:03,412 - Knowledge - INFO - Worker kw20 processing /app/data/T0015/222062/b1841j9/RDK-Service/WebKitBrowser/Extension/ProcessInfo.h
2025-11-10 16:57:03,493 - Knowledge - INFO - Fast-tracked /app/data/T0015/222062/b1841j9/RDK-Service/TextToSpeech/test/Module.h (ext=.h, size=839)
2025-11-10 16:57:03,578 - Knowledge - INFO - Fast-tracked /app/data/T0015/222062/b1841j9/RDK-Service/UnifiedCASManagement/Module.cpp (ext=.cpp, size=776)
2025-11-10 16:57:03,656 - Knowledge - INFO - Fast-tracked /app/data/T0015/222062/b1841j9/RDK-Service/AVOutput/AVOutput.json (ext=.json, size=119)
2025-11-10 16:57:03,772 - Knowledge - INFO - Worker kw5 processing /app/data/T0015/222062/b1841j9/RDK-Service/Analytics/Implementation/SystemTime/SystemTime.h
2025-11-10 16:57:03,860 - Knowledge - INFO - Fast-tracked /app/data/T0015/222062/b1841j9/RDK-Service/Miracast/MiracastPlayer/CMakeLists.txt (ext=.txt, size=3299)
2025-11-10 16:57:03,942 - Knowledge - INFO - Worker kw7 processing /app/data/T0015/222062/b1841j9/RDK-Service/SystemAudioPlayer/SystemAudioPlayerJsonRpc.cpp
2025-11-10 16:57:04,034 - Knowledge - INFO - Worker kw8 processing /app/data/T0015/222062/b1841j9/RDK-Service/SystemAudioPlayer/SystemAudioPlayer.cpp
2025-11-10 16:57:04,136 - Knowledge - INFO - Fast-tracked /app/data/T0015/222062/b1841j9/RDK-Service/TextToSpeech/impl/logger.h (small file (2914 bytes))
2025-11-10 16:57:04,214 - Knowledge - INFO - Fast-tracked /app/data/T0015/222062/b1841j9/RDK-Service/CloudStore/grpc/l0test/WorkerPoolImplementation.h (ext=.h, size=1262)
2025-11-10 16:57:04,310 - Knowledge - INFO - Worker kw10 processing /app/data/T0015/222062/b1841j9/RDK-Service/FireboltMediaPlayer/test/settings/setDRMConfig_01.json
2025-11-10 16:57:04,396 - Knowledge - INFO - Fast-tracked /app/data/T0015/222062/b1841j9/RDK-Service/Cryptography/CHANGELOG.md (ext=.md, size=1296)
2025-11-10 16:57:04,513 - Knowledge - INFO - Fast-tracked /app/data/T0015/222062/b1841j9/RDK-Service/UsbAccess/UsbAccessPlugin.json (ext=.json, size=521)
2025-11-10 16:57:04,587 - Knowledge - INFO - Fast-tracked /app/data/T0015/222062/b1841j9/RDK-Service/ControlService/README.md (ext=.md, size=1911)
2025-11-10 16:57:04,670 - Knowledge - INFO - Worker kw14 processing /app/data/T0015/222062/b1841j9/RDK-Service/DisplayInfo/DeviceSettings/Amlogic/SoC_abstraction.cpp
2025-11-10 16:57:04,759 - Knowledge - INFO - Worker kw15 processing /app/data/T0015/222062/b1841j9/RDK-Service/HdmiInput/HdmiInput.h
2025-11-10 16:57:04,859 - Knowledge - INFO - Worker kw16 processing /app/data/T0015/222062/b1841j9/RDK-Service/Network/NetworkConnectivity.h
2025-11-10 16:57:04,976 - Knowledge - INFO - Fast-tracked /app/data/T0015/222062/b1841j9/RDK-Service/WebKitBrowser/Tags.cpp (ext=.cpp, size=1122)
2025-11-10 16:57:05,068 - Knowledge - INFO - Worker kw18 processing /app/data/T0015/222062/b1841j9/RDK-Service/WebKitBrowser/CookieJarCrypto/CMakeLists.txt
2025-11-10 16:57:05,145 - Knowledge - INFO - Worker kw19 processing /app/data/T0015/222062/b1841j9/RDK-Service/WebKitBrowser/cmake/FindWPEBackend.cmake
2025-11-10 16:57:05,235 - Knowledge - INFO - Fast-tracked /app/data/T0015/222062/b1841j9/RDK-Service/WebKitBrowser/Extension/ProcessInfo.h (ext=.h, size=902)
2025-11-10 16:57:05,319 - Knowledge - INFO - Worker kw1 processing /app/data/T0015/222062/b1841j9/RDK-Service/TextToSpeech/test/CMakeLists.txt
2025-11-10 16:57:05,432 - Knowledge - INFO - Worker kw3 processing /app/data/T0015/222062/b1841j9/RDK-Service/UnifiedCASManagement/CHANGELOG.md
2025-11-10 16:57:05,528 - Knowledge - INFO - Worker kw4 processing /app/data/T0015/222062/b1841j9/RDK-Service/AVOutput/AVOutputTV.h
2025-11-10 16:57:05,614 - Knowledge - INFO - Worker kw5 processing /app/data/T0015/222062/b1841j9/RDK-Service/Analytics/Implementation/SystemTime/CMakeLists.txt
2025-11-10 16:57:05,687 - Knowledge - INFO - Worker kw6 processing /app/data/T0015/222062/b1841j9/RDK-Service/Miracast/MiracastPlayer/RTSP/MiracastRTSPMsg.h
2025-11-10 16:57:05,778 - Knowledge - INFO - Worker kw7 processing /app/data/T0015/222062/b1841j9/RDK-Service/SystemAudioPlayer/Module.h
2025-11-10 16:57:05,879 - Knowledge - INFO - Worker kw8 processing /app/data/T0015/222062/b1841j9/RDK-Service/SystemAudioPlayer/SystemAudioPlayerPlugin.json
2025-11-10 16:57:06,049 - Knowledge - INFO - Worker kw9 processing /app/data/T0015/222062/b1841j9/RDK-Service/CloudStore/grpc/l0test/Store2Test.cpp
2025-11-10 16:57:06,138 - Knowledge - INFO - Fast-tracked /app/data/T0015/222062/b1841j9/RDK-Service/FireboltMediaPlayer/test/settings/setDRMConfig_01.json (ext=.json, size=422)
2025-11-10 16:57:06,258 - Knowledge - INFO - Worker kw11 processing /app/data/T0015/222062/b1841j9/RDK-Service/DeviceInfo/DeviceInfo.json
2025-11-10 16:57:06,348 - Knowledge - INFO - Worker kw12 processing /app/data/T0015/222062/b1841j9/RDK-Service/UsbAccess/Module.cpp
2025-11-10 16:57:06,431 - Knowledge - INFO - Worker kw13 processing /app/data/T0015/222062/b1841j9/RDK-Service/ControlService/ControlService.cpp
2025-11-10 16:57:06,517 - Knowledge - INFO - Worker kw14 processing /app/data/T0015/222062/b1841j9/RDK-Service/DisplayInfo/DeviceSettings/RPI/kms.c
2025-11-10 16:57:06,592 - Knowledge - INFO - Worker kw15 processing /app/data/T0015/222062/b1841j9/RDK-Service/HdmiInput/Module.h
2025-11-10 16:57:06,686 - Knowledge - INFO - Worker kw16 processing /app/data/T0015/222062/b1841j9/RDK-Service/DeviceIdentification/DeviceIdentification.h
2025-11-10 16:57:06,760 - Knowledge - INFO - Worker kw17 processing /app/data/T0015/222062/b1841j9/RDK-Service/WebKitBrowser/InjectedBundle/AAMPJSBindings.h
2025-11-10 16:57:06,858 - Knowledge - INFO - Fast-tracked /app/data/T0015/222062/b1841j9/RDK-Service/WebKitBrowser/CookieJarCrypto/CMakeLists.txt (ext=.txt, size=807)
2025-11-10 16:57:06,932 - Knowledge - INFO - Worker kw19 processing /app/data/T0015/222062/b1841j9/RDK-Service/WebKitBrowser/cmake/FindWPEWebKit.cmake
2025-11-10 16:57:07,047 - Knowledge - INFO - Worker kw20 processing /app/data/T0015/222062/b1841j9/RDK-Service/WebKitBrowser/Extension/NotifyWPEFramework.h
2025-11-10 16:57:07,135 - Knowledge - INFO - Fast-tracked /app/data/T0015/222062/b1841j9/RDK-Service/TextToSpeech/test/CMakeLists.txt (ext=.txt, size=1782)
2025-11-10 16:57:07,260 - Knowledge - INFO - Fast-tracked /app/data/T0015/222062/b1841j9/RDK-Service/UnifiedCASManagement/CHANGELOG.md (ext=.md, size=1660)
2025-11-10 16:57:07,352 - Knowledge - INFO - Worker kw4 processing /app/data/T0015/222062/b1841j9/RDK-Service/AVOutput/AVOutputBase.cpp
2025-11-10 16:57:07,434 - Knowledge - INFO - Fast-tracked /app/data/T0015/222062/b1841j9/RDK-Service/Analytics/Implementation/SystemTime/CMakeLists.txt (ext=.txt, size=1475)
2025-11-10 16:57:07,557 - Knowledge - INFO - Worker kw6 processing /app/data/T0015/222062/b1841j9/RDK-Service/Miracast/MiracastPlayer/RTSP/MiracastRTSPMsg.cpp
2025-11-10 16:57:07,637 - Knowledge - INFO - Fast-tracked /app/data/T0015/222062/b1841j9/RDK-Service/SystemAudioPlayer/Module.h (ext=.h, size=875)
2025-11-10 16:57:07,720 - Knowledge - INFO - Fast-tracked /app/data/T0015/222062/b1841j9/RDK-Service/SystemAudioPlayer/SystemAudioPlayerPlugin.json (ext=.json, size=728)
2025-11-10 16:57:07,851 - Knowledge - INFO - Worker kw9 processing /app/data/T0015/222062/b1841j9/RDK-Service/CloudStore/grpc/l0test/CMakeLists.txt
2025-11-10 16:57:07,937 - Knowledge - INFO - Worker kw10 processing /app/data/T0015/222062/b1841j9/RDK-Service/FireboltMediaPlayer/test/settings/Testing.md
2025-11-10 16:57:08,020 - Knowledge - INFO - Fast-tracked /app/data/T0015/222062/b1841j9/RDK-Service/DeviceInfo/DeviceInfo.json (ext=.json, size=22135)
2025-11-10 16:57:08,089 - Knowledge - INFO - Fast-tracked /app/data/T0015/222062/b1841j9/RDK-Service/UsbAccess/Module.cpp (ext=.cpp, size=765)
2025-11-10 16:57:08,223 - Knowledge - INFO - Fast-tracked /app/data/T0015/222062/b1841j9/RDK-Service/ControlService/ControlService.cpp (ext=.cpp, size=111794)
2025-11-10 16:57:08,312 - Knowledge - INFO - Worker kw14 processing /app/data/T0015/222062/b1841j9/RDK-Service/DisplayInfo/DeviceSettings/RPI/kms.h
2025-11-10 16:57:08,436 - Knowledge - INFO - Fast-tracked /app/data/T0015/222062/b1841j9/RDK-Service/HdmiInput/Module.h (ext=.h, size=873)
2025-11-10 16:57:08,516 - Knowledge - INFO - Worker kw16 processing /app/data/T0015/222062/b1841j9/RDK-Service/DeviceIdentification/Module.h
2025-11-10 16:57:08,607 - Knowledge - INFO - Fast-tracked /app/data/T0015/222062/b1841j9/RDK-Service/WebKitBrowser/InjectedBundle/AAMPJSBindings.h (ext=.h, size=1079)
2025-11-10 16:57:08,696 - Knowledge - INFO - Worker kw18 processing /app/data/T0015/222062/b1841j9/RDK-Service/WebKitBrowser/Module.h
2025-11-10 16:57:08,818 - Knowledge - INFO - Worker kw19 processing /app/data/T0015/222062/b1841j9/RDK-Service/WebKitBrowser/cmake/FindAampJSBindings.cmake
2025-11-10 16:57:08,906 - Knowledge - INFO - Fast-tracked /app/data/T0015/222062/b1841j9/RDK-Service/WebKitBrowser/Extension/NotifyWPEFramework.h (ext=.h, size=974)
2025-11-10 16:57:08,989 - Knowledge - INFO - Worker kw1 processing /app/data/T0015/222062/b1841j9/RDK-Service/TextToSpeech/TextToSpeechJsonRpc.cpp
2025-11-10 16:57:09,067 - Knowledge - INFO - Worker kw3 processing /app/data/T0015/222062/b1841j9/RDK-Service/UnifiedCASManagement/LibMediaPlayerImpl.cpp
2025-11-10 16:57:09,149 - Knowledge - INFO - Fast-tracked /app/data/T0015/222062/b1841j9/RDK-Service/AVOutput/AVOutputBase.cpp (ext=.cpp, size=1460)
2025-11-10 16:57:09,224 - Knowledge - INFO - Worker kw5 processing /app/data/T0015/222062/b1841j9/RDK-Service/Analytics/Implementation/SystemTime/SystemTime.cpp
2025-11-10 16:57:09,307 - Knowledge - INFO - Worker kw6 processing /app/data/T0015/222062/b1841j9/RDK-Service/Miracast/MiracastPlayer/MiracastPlayer.json
2025-11-10 16:57:09,386 - Knowledge - INFO - Worker kw7 processing /app/data/T0015/222062/b1841j9/RDK-Service/SystemAudioPlayer/SystemAudioPlayer.json
2025-11-10 16:57:09,464 - Knowledge - INFO - Worker kw8 processing /app/data/T0015/222062/b1841j9/RDK-Service/SystemAudioPlayer/SystemAudioPlayerImplementation.cpp
2025-11-10 16:57:09,583 - Knowledge - INFO - Fast-tracked /app/data/T0015/222062/b1841j9/RDK-Service/CloudStore/grpc/l0test/CMakeLists.txt (ext=.txt, size=2415)
2025-11-10 16:57:09,660 - Knowledge - INFO - Fast-tracked /app/data/T0015/222062/b1841j9/RDK-Service/FireboltMediaPlayer/test/settings/Testing.md (ext=.md, size=5287)
2025-11-10 16:57:09,739 - Knowledge - INFO - Worker kw11 processing /app/data/T0015/222062/b1841j9/RDK-Service/DeviceInfo/Module.h
2025-11-10 16:57:09,825 - Knowledge - INFO - Worker kw12 processing /app/data/T0015/222062/b1841j9/RDK-Service/UsbAccess/CHANGELOG.md
2025-11-10 16:57:09,910 - Knowledge - INFO - Worker kw13 processing /app/data/T0015/222062/b1841j9/RDK-Service/ControlService/Module.cpp
2025-11-10 16:57:10,029 - Knowledge - INFO - Worker kw14 processing /app/data/T0015/222062/b1841j9/RDK-Service/DisplayInfo/DeviceSettings/RPI/SoC_abstraction.cpp
2025-11-10 16:57:10,117 - Knowledge - INFO - Worker kw15 processing /app/data/T0015/222062/b1841j9/RDK-Service/HdmiInput/HdmiInput.json
2025-11-10 16:57:10,222 - Knowledge - INFO - Fast-tracked /app/data/T0015/222062/b1841j9/RDK-Service/DeviceIdentification/Module.h (ext=.h, size=1009)
2025-11-10 16:57:10,293 - Knowledge - INFO - Worker kw17 processing /app/data/T0015/222062/b1841j9/RDK-Service/WebKitBrowser/InjectedBundle/ClassDefinition.cpp
2025-11-10 16:57:10,386 - Knowledge - INFO - Fast-tracked /app/data/T0015/222062/b1841j9/RDK-Service/WebKitBrowser/Module.h (ext=.h, size=998)
2025-11-10 16:57:10,469 - Knowledge - INFO - Fast-tracked /app/data/T0015/222062/b1841j9/RDK-Service/WebKitBrowser/cmake/FindAampJSBindings.cmake (ext=.cmake, size=920)
2025-11-10 16:57:10,584 - Knowledge - INFO - Worker kw20 processing /app/data/T0015/222062/b1841j9/RDK-Service/WebKitBrowser/Extension/BridgeObject.cpp
2025-11-10 16:57:10,773 - Knowledge - INFO - Worker kw3 processing /app/data/T0015/222062/b1841j9/RDK-Service/UnifiedCASManagement/UnifiedCASManagementPlugin.json
2025-11-10 16:57:10,865 - Knowledge - INFO - Worker kw4 processing /app/data/T0015/222062/b1841j9/RDK-Service/AVOutput/Module.h
2025-11-10 16:57:10,942 - Knowledge - INFO - Worker kw5 processing /app/data/T0015/222062/b1841j9/RDK-Service/Analytics/Implementation/AnalyticsImplementation.h
2025-11-10 16:57:11,027 - Knowledge - INFO - Fast-tracked /app/data/T0015/222062/b1841j9/RDK-Service/Miracast/MiracastPlayer/MiracastPlayer.json (ext=.json, size=20015)
2025-11-10 16:57:11,113 - Knowledge - INFO - Fast-tracked /app/data/T0015/222062/b1841j9/RDK-Service/SystemAudioPlayer/SystemAudioPlayer.json (ext=.json, size=18932)
2025-11-10 16:57:11,243 - Knowledge - INFO - Worker kw8 processing /app/data/T0015/222062/b1841j9/RDK-Service/SystemAudioPlayer/Module.cpp
2025-11-10 16:57:11,324 - Knowledge - INFO - Worker kw9 processing /app/data/T0015/222062/b1841j9/RDK-Service/CloudStore/grpc/l0test/SecureStorageServiceMock.h
2025-11-10 16:57:11,409 - Knowledge - INFO - Worker kw10 processing /app/data/T0015/222062/b1841j9/RDK-Service/FireboltMediaPlayer/test/settings/initConfig_02.json
2025-11-10 16:57:11,531 - Knowledge - INFO - Fast-tracked /app/data/T0015/222062/b1841j9/RDK-Service/DeviceInfo/Module.h (ext=.h, size=1115)
2025-11-10 16:57:11,622 - Knowledge - INFO - Fast-tracked /app/data/T0015/222062/b1841j9/RDK-Service/UsbAccess/CHANGELOG.md (ext=.md, size=2438)
2025-11-10 16:57:11,692 - Knowledge - INFO - Fast-tracked /app/data/T0015/222062/b1841j9/RDK-Service/ControlService/Module.cpp (ext=.cpp, size=765)
2025-11-10 16:57:11,779 - Knowledge - INFO - Worker kw14 processing /app/data/T0015/222062/b1841j9/RDK-Service/DisplayInfo/DeviceSettings/Broadcom/SoC_abstraction.cpp
2025-11-10 16:57:11,861 - Knowledge - INFO - Fast-tracked /app/data/T0015/222062/b1841j9/RDK-Service/HdmiInput/HdmiInput.json (ext=.json, size=25862)
2025-11-10 16:57:11,971 - Knowledge - INFO - Worker kw16 processing /app/data/T0015/222062/b1841j9/RDK-Service/DeviceIdentification/DeviceIdentification.json
2025-11-10 16:57:12,059 - Knowledge - INFO - Worker kw17 processing /app/data/T0015/222062/b1841j9/RDK-Service/WebKitBrowser/InjectedBundle/SecurityAgent.cpp
2025-11-10 16:57:12,184 - Knowledge - INFO - Worker kw18 processing /app/data/T0015/222062/b1841j9/RDK-Service/WebKitBrowser/WebKitBrowser.json
2025-11-10 16:57:12,270 - Knowledge - INFO - Worker kw19 processing /app/data/T0015/222062/b1841j9/RDK-Service/WebKitBrowser/WebKitBrowserPlugin.json
2025-11-10 16:57:12,374 - Knowledge - INFO - Worker kw20 processing /app/data/T0015/222062/b1841j9/RDK-Service/WebKitBrowser/Extension/SecurityAgent.h
2025-11-10 16:57:12,464 - Knowledge - INFO - Fast-tracked /app/data/T0015/222062/b1841j9/RDK-Service/UnifiedCASManagement/UnifiedCASManagementPlugin.json (ext=.json, size=399)
2025-11-10 16:57:12,565 - Knowledge - INFO - Fast-tracked /app/data/T0015/222062/b1841j9/RDK-Service/AVOutput/Module.h (ext=.h, size=957)
2025-11-10 16:57:12,654 - Knowledge - INFO - Worker kw5 processing /app/data/T0015/222062/b1841j9/RDK-Service/Analytics/Implementation/Interfaces/ISystemTime.h
2025-11-10 16:57:12,724 - Knowledge - INFO - Worker kw6 processing /app/data/T0015/222062/b1841j9/RDK-Service/Miracast/MiracastPlayer/SoC_GstPlayer.h
2025-11-10 16:57:12,820 - Knowledge - INFO - Worker kw7 processing /app/data/T0015/222062/b1841j9/RDK-Service/SystemAudioPlayer/impl/BufferQueue.cpp
2025-11-10 16:57:12,865 - Knowledge - INFO - Fast-tracked /app/data/T0015/222062/b1841j9/RDK-Service/TextToSpeech/impl/RFCURLObserver.cpp (small file (2863 bytes))
2025-11-10 16:57:12,890 - Knowledge - INFO - Fast-tracked /app/data/T0015/222062/b1841j9/RDK-Service/SystemAudioPlayer/Module.cpp (ext=.cpp, size=765)
2025-11-10 16:57:12,975 - Knowledge - INFO - Fast-tracked /app/data/T0015/222062/b1841j9/RDK-Service/CloudStore/grpc/l0test/SecureStorageServiceMock.h (ext=.h, size=1421)
2025-11-10 16:57:13,087 - Knowledge - INFO - Fast-tracked /app/data/T0015/222062/b1841j9/RDK-Service/FireboltMediaPlayer/test/settings/initConfig_02.json (ext=.json, size=178)
2025-11-10 16:57:13,183 - Knowledge - INFO - Worker kw11 processing /app/data/T0015/222062/b1841j9/RDK-Service/DeviceInfo/DeviceInfoJsonRpc.cpp
2025-11-10 16:57:13,269 - Knowledge - INFO - Worker kw12 processing /app/data/T0015/222062/b1841j9/RDK-Service/SharedStorage/SharedStorage.json
2025-11-10 16:57:13,351 - Knowledge - INFO - Worker kw13 processing /app/data/T0015/222062/b1841j9/RDK-Service/ControlService/CHANGELOG.md
2025-11-10 16:57:13,436 - Knowledge - INFO - Worker kw14 processing /app/data/T0015/222062/b1841j9/RDK-Service/DisplayInfo/DisplayInfoPlugin.json
2025-11-10 16:57:13,515 - Knowledge - INFO - Worker kw15 processing /app/data/T0015/222062/b1841j9/RDK-Service/HdmiInput/CMakeLists.txt
2025-11-10 16:57:13,597 - Knowledge - INFO - Fast-tracked /app/data/T0015/222062/b1841j9/RDK-Service/DeviceIdentification/DeviceIdentification.json (ext=.json, size=1507)
2025-11-10 16:57:13,679 - Knowledge - INFO - Worker kw17 processing /app/data/T0015/222062/b1841j9/RDK-Service/WebKitBrowser/InjectedBundle/NotifyWPEFramework.cpp
2025-11-10 16:57:13,764 - Knowledge - INFO - Fast-tracked /app/data/T0015/222062/b1841j9/RDK-Service/WebKitBrowser/WebKitBrowser.json (ext=.json, size=10557)
2025-11-10 16:57:13,835 - Knowledge - INFO - Fast-tracked /app/data/T0015/222062/b1841j9/RDK-Service/WebKitBrowser/WebKitBrowserPlugin.json (ext=.json, size=6051)
2025-11-10 16:57:13,919 - Knowledge - INFO - Fast-tracked /app/data/T0015/222062/b1841j9/RDK-Service/WebKitBrowser/Extension/SecurityAgent.h (ext=.h, size=963)
2025-11-10 16:57:14,150 - Knowledge - INFO - Worker kw4 processing /app/data/T0015/222062/b1841j9/RDK-Service/AVOutput/AVOutputSTB.cpp
2025-11-10 16:57:14,242 - Knowledge - INFO - Fast-tracked /app/data/T0015/222062/b1841j9/RDK-Service/Analytics/Implementation/Interfaces/ISystemTime.h (ext=.h, size=1333)
2025-11-10 16:57:14,326 - Knowledge - INFO - Worker kw6 processing /app/data/T0015/222062/b1841j9/RDK-Service/Miracast/MiracastPlayer/Module.cpp
2025-11-10 16:57:14,605 - Knowledge - INFO - Worker kw8 processing /app/data/T0015/222062/b1841j9/RDK-Service/SystemAudioPlayer/CHANGELOG.md
2025-11-10 16:57:14,707 - Knowledge - INFO - Worker kw9 processing /app/data/T0015/222062/b1841j9/RDK-Service/CloudStore/grpc/l0test/Server.h
2025-11-10 16:57:14,786 - Knowledge - INFO - Worker kw10 processing /app/data/T0015/222062/b1841j9/RDK-Service/FireboltMediaPlayer/Module.h
2025-11-10 16:57:14,868 - Knowledge - INFO - Worker kw11 processing /app/data/T0015/222062/b1841j9/RDK-Service/DeviceInfo/DeviceInfo.h
2025-11-10 16:57:14,944 - Knowledge - INFO - Fast-tracked /app/data/T0015/222062/b1841j9/RDK-Service/SharedStorage/SharedStorage.json (ext=.json, size=10999)
2025-11-10 16:57:15,027 - Knowledge - INFO - Fast-tracked /app/data/T0015/222062/b1841j9/RDK-Service/ControlService/CHANGELOG.md (ext=.md, size=2030)
2025-11-10 16:57:15,133 - Knowledge - INFO - Fast-tracked /app/data/T0015/222062/b1841j9/RDK-Service/DisplayInfo/DisplayInfoPlugin.json (ext=.json, size=481)
2025-11-10 16:57:15,211 - Knowledge - INFO - Fast-tracked /app/data/T0015/222062/b1841j9/RDK-Service/HdmiInput/CMakeLists.txt (ext=.txt, size=2193)
2025-11-10 16:57:15,299 - Knowledge - INFO - Worker kw16 processing /app/data/T0015/222062/b1841j9/RDK-Service/DeviceIdentification/DeviceIdentificationJsonRpc.cpp
2025-11-10 16:57:15,424 - Knowledge - INFO - Worker kw17 processing /app/data/T0015/222062/b1841j9/RDK-Service/WebKitBrowser/InjectedBundle/Module.h
2025-11-10 16:57:15,504 - Knowledge - INFO - Worker kw18 processing /app/data/T0015/222062/b1841j9/RDK-Service/WebKitBrowser/WebKitBrowserJsonRpc.cpp
2025-11-10 16:57:15,590 - Knowledge - INFO - Worker kw19 processing /app/data/T0015/222062/b1841j9/RDK-Service/WebKitBrowser/LoggingUtils.cpp
2025-11-10 16:57:15,677 - Knowledge - INFO - Worker kw20 processing /app/data/T0015/222062/b1841j9/RDK-Service/WebKitBrowser/Extension/RequestHeaders.h
2025-11-10 16:57:15,762 - Knowledge - INFO - Fast-tracked /app/data/T0015/222062/b1841j9/RDK-Service/AVOutput/AVOutputSTB.cpp (ext=.cpp, size=1158)
2025-11-10 16:57:15,850 - Knowledge - INFO - Worker kw5 processing /app/data/T0015/222062/b1841j9/RDK-Service/Analytics/Implementation/Interfaces/ILocalStore.h
2025-11-10 16:57:15,934 - Knowledge - INFO - Fast-tracked /app/data/T0015/222062/b1841j9/RDK-Service/Miracast/MiracastPlayer/Module.cpp (ext=.cpp, size=765)
2025-11-10 16:57:16,033 - Knowledge - INFO - Fast-tracked /app/data/T0015/222062/b1841j9/RDK-Service/SystemAudioPlayer/CHANGELOG.md (ext=.md, size=2336)
2025-11-10 16:57:16,120 - Knowledge - INFO - Fast-tracked /app/data/T0015/222062/b1841j9/RDK-Service/CloudStore/grpc/l0test/Server.h (ext=.h, size=506)
2025-11-10 16:57:16,243 - Knowledge - INFO - Fast-tracked /app/data/T0015/222062/b1841j9/RDK-Service/FireboltMediaPlayer/Module.h (ext=.h, size=984)
2025-11-10 16:57:16,329 - Knowledge - INFO - Worker kw11 processing /app/data/T0015/222062/b1841j9/RDK-Service/DeviceInfo/Implementation/FirmwareVersion.cpp
2025-11-10 16:57:16,407 - Knowledge - INFO - Worker kw12 processing /app/data/T0015/222062/b1841j9/RDK-Service/SharedStorage/Module.h
2025-11-10 16:57:16,500 - Knowledge - INFO - Worker kw13 processing /app/data/T0015/222062/b1841j9/RDK-Service/ContentProtection/ContentProtection.h
2025-11-10 16:57:16,735 - Knowledge - INFO - Worker kw15 processing /app/data/T0015/222062/b1841j9/RDK-Service/HdmiInput/cmake/FindIARMBus.cmake
2025-11-10 16:57:16,825 - Knowledge - INFO - Fast-tracked /app/data/T0015/222062/b1841j9/RDK-Service/DeviceIdentification/DeviceIdentificationJsonRpc.cpp (ext=.cpp, size=1544)
2025-11-10 16:57:16,915 - Knowledge - INFO - Fast-tracked /app/data/T0015/222062/b1841j9/RDK-Service/WebKitBrowser/InjectedBundle/Module.h (ext=.h, size=921)
2025-11-10 16:57:17,000 - Knowledge - INFO - Worker kw18 processing /app/data/T0015/222062/b1841j9/RDK-Service/WebKitBrowser/doc/WebKitBrowserPlugin.md
2025-11-10 16:57:17,083 - Knowledge - INFO - Worker kw19 processing /app/data/T0015/222062/b1841j9/RDK-Service/WebKitBrowser/Tags.h
2025-11-10 16:57:17,174 - Knowledge - INFO - Fast-tracked /app/data/T0015/222062/b1841j9/RDK-Service/WebKitBrowser/Extension/RequestHeaders.h (ext=.h, size=1012)
2025-11-10 16:57:17,257 - Knowledge - INFO - Worker kw4 processing /app/data/T0015/222062/b1841j9/RDK-Service/AVOutput/AVOutput.h
2025-11-10 16:57:17,371 - Knowledge - INFO - Fast-tracked /app/data/T0015/222062/b1841j9/RDK-Service/Analytics/Implementation/Interfaces/ILocalStore.h (ext=.h, size=1680)
2025-11-10 16:57:17,459 - Knowledge - INFO - Worker kw6 processing /app/data/T0015/222062/b1841j9/RDK-Service/Miracast/MiracastPlayer/MiracastPlayer.h
2025-11-10 16:57:17,536 - Knowledge - INFO - Worker kw8 processing /app/data/T0015/222062/b1841j9/RDK-Service/ScreenCapture/Module.h
2025-11-10 16:57:17,621 - Knowledge - INFO - Worker kw9 processing /app/data/T0015/222062/b1841j9/RDK-Service/CloudStore/grpc/l2test/CMakeLists.txt
2025-11-10 16:57:17,704 - Knowledge - INFO - Worker kw10 processing /app/data/T0015/222062/b1841j9/RDK-Service/FireboltMediaPlayer/FireboltMediaPlayer.json
2025-11-10 16:57:17,824 - Knowledge - INFO - Fast-tracked /app/data/T0015/222062/b1841j9/RDK-Service/DeviceInfo/Implementation/FirmwareVersion.cpp (ext=.cpp, size=1501)
2025-11-10 16:57:17,933 - Knowledge - INFO - Fast-tracked /app/data/T0015/222062/b1841j9/RDK-Service/SharedStorage/Module.h (ext=.h, size=1066)
2025-11-10 16:57:18,044 - Knowledge - INFO - Worker kw13 processing /app/data/T0015/222062/b1841j9/RDK-Service/ContentProtection/Module.h
2025-11-10 16:57:18,127 - Knowledge - INFO - Fast-tracked /app/data/T0015/222062/b1841j9/RDK-Service/HdmiInput/cmake/FindIARMBus.cmake (ext=.cmake, size=1747)
2025-11-10 16:57:18,207 - Knowledge - INFO - Worker kw16 processing /app/data/T0015/222062/b1841j9/RDK-Service/DeviceIdentification/Implementation/Linux/Linux.cpp
2025-11-10 16:57:18,293 - Knowledge - INFO - Worker kw17 processing /app/data/T0015/222062/b1841j9/RDK-Service/WebKitBrowser/InjectedBundle/Utils.cpp
2025-11-10 16:57:18,382 - Knowledge - INFO - Fast-tracked /app/data/T0015/222062/b1841j9/RDK-Service/WebKitBrowser/doc/WebKitBrowserPlugin.md (ext=.md, size=373)
2025-11-10 16:57:18,501 - Knowledge - INFO - Fast-tracked /app/data/T0015/222062/b1841j9/RDK-Service/WebKitBrowser/Tags.h (ext=.h, size=1051)
2025-11-10 16:57:18,574 - Knowledge - INFO - Worker kw20 processing /app/data/T0015/222062/b1841j9/RDK-Service/WebKitBrowser/Extension/WhiteListedOriginDomainsList.h
2025-11-10 16:57:18,659 - Knowledge - INFO - Fast-tracked /app/data/T0015/222062/b1841j9/RDK-Service/AVOutput/AVOutput.h (ext=.h, size=1937)
2025-11-10 16:57:18,732 - Knowledge - INFO - Split /app/data/T0015/222062/b1841j9/RDK-Service/AVOutput/AVOutputTVHelper.cpp (96511 bytes) into 3 chunks of ~32KB
2025-11-10 16:57:18,885 - Knowledge - INFO - Fast-tracked /app/data/T0015/222062/b1841j9/RDK-Service/ScreenCapture/Module.h (ext=.h, size=877)
2025-11-10 16:57:19,002 - Knowledge - INFO - Fast-tracked /app/data/T0015/222062/b1841j9/RDK-Service/CloudStore/grpc/l2test/CMakeLists.txt (ext=.txt, size=2202)
2025-11-10 16:57:19,082 - Knowledge - INFO - Fast-tracked /app/data/T0015/222062/b1841j9/RDK-Service/FireboltMediaPlayer/FireboltMediaPlayer.json (ext=.json, size=8080)
2025-11-10 16:57:19,166 - Knowledge - INFO - Worker kw11 processing /app/data/T0015/222062/b1841j9/RDK-Service/DeviceInfo/Implementation/DeviceVideoCapabilities.cpp
2025-11-10 16:57:19,250 - Knowledge - INFO - Worker kw12 processing /app/data/T0015/222062/b1841j9/RDK-Service/SharedStorage/SharedStorageJsonRpc.cpp
2025-11-10 16:57:19,332 - Knowledge - INFO - Fast-tracked /app/data/T0015/222062/b1841j9/RDK-Service/ContentProtection/Module.h (ext=.h, size=1085)
2025-11-10 16:57:19,410 - Knowledge - INFO - Worker kw15 processing /app/data/T0015/222062/b1841j9/RDK-Service/HdmiInput/cmake/FindDS.cmake
2025-11-10 16:57:19,509 - Knowledge - INFO - Worker kw16 processing /app/data/T0015/222062/b1841j9/RDK-Service/DeviceIdentification/Implementation/Realtek/Realtek.cpp
2025-11-10 16:57:19,601 - Knowledge - INFO - Worker kw17 processing /app/data/T0015/222062/b1841j9/RDK-Service/WebKitBrowser/InjectedBundle/BridgeObject.h
2025-11-10 16:57:19,689 - Knowledge - INFO - Worker kw18 processing /app/data/T0015/222062/b1841j9/RDK-Service/WebKitBrowser/doc/javascript/CORS/test.html
2025-11-10 16:57:19,767 - Knowledge - INFO - Worker kw19 processing /app/data/T0015/222062/b1841j9/RDK-Service/WebKitBrowser/CookieJar.h
2025-11-10 16:57:19,883 - Knowledge - INFO - Fast-tracked /app/data/T0015/222062/b1841j9/RDK-Service/WebKitBrowser/Extension/WhiteListedOriginDomainsList.h (ext=.h, size=1749)
2025-11-10 16:57:20,328 - Knowledge - INFO - Worker kw10 processing /app/data/T0015/222062/b1841j9/RDK-Service/FireboltMediaPlayer/impl/AampMediaPlayer/AampEventListener.cpp
2025-11-10 16:57:20,418 - Knowledge - INFO - Worker kw11 processing /app/data/T0015/222062/b1841j9/RDK-Service/DeviceInfo/Implementation/DeviceInfo.h
2025-11-10 16:57:20,499 - Knowledge - INFO - Worker kw12 processing /app/data/T0015/222062/b1841j9/RDK-Service/SharedStorage/SharedStorage.h
2025-11-10 16:57:20,583 - Knowledge - INFO - Worker kw13 processing /app/data/T0015/222062/b1841j9/RDK-Service/ContentProtection/CMakeLists.txt
2025-11-10 16:57:20,684 - Knowledge - INFO - Worker kw15 processing /app/data/T0015/222062/b1841j9/RDK-Service/HdmiInput/HdmiInputPlugin.json
2025-11-10 16:57:20,759 - Knowledge - INFO - Worker kw16 processing /app/data/T0015/222062/b1841j9/RDK-Service/DeviceIdentification/Implementation/Amlogic/Amlogic.cpp
2025-11-10 16:57:20,832 - Knowledge - INFO - Fast-tracked /app/data/T0015/222062/b1841j9/RDK-Service/WebKitBrowser/InjectedBundle/BridgeObject.h (ext=.h, size=1073)
2025-11-10 16:57:20,910 - Knowledge - INFO - Fast-tracked /app/data/T0015/222062/b1841j9/RDK-Service/WebKitBrowser/doc/javascript/CORS/test.html (ext=.html, size=421)
2025-11-10 16:57:21,028 - Knowledge - INFO - Fast-tracked /app/data/T0015/222062/b1841j9/RDK-Service/WebKitBrowser/CookieJar.h (ext=.h, size=1725)
2025-11-10 16:57:21,124 - Knowledge - INFO - Worker kw20 processing /app/data/T0015/222062/b1841j9/RDK-Service/WebKitBrowser/Extension/AAMPJSBindings.cpp
2025-11-10 16:57:21,217 - Knowledge - INFO - Worker kw10 processing /app/data/T0015/222062/b1841j9/RDK-Service/FireboltMediaPlayer/impl/AampMediaPlayer/AampMediaStream.cpp
2025-11-10 16:57:21,306 - Knowledge - INFO - Fast-tracked /app/data/T0015/222062/b1841j9/RDK-Service/DeviceInfo/Implementation/DeviceInfo.h (ext=.h, size=1244)
2025-11-10 16:57:21,396 - Knowledge - INFO - Worker kw12 processing /app/data/T0015/222062/b1841j9/RDK-Service/SharedStorage/CMakeLists.txt
2025-11-10 16:57:21,489 - Knowledge - INFO - Fast-tracked /app/data/T0015/222062/b1841j9/RDK-Service/ContentProtection/CMakeLists.txt (ext=.txt, size=1538)
2025-11-10 16:57:21,582 - Knowledge - INFO - Fast-tracked /app/data/T0015/222062/b1841j9/RDK-Service/HdmiInput/HdmiInputPlugin.json (ext=.json, size=461)
2025-11-10 16:57:21,684 - Knowledge - INFO - Worker kw16 processing /app/data/T0015/222062/b1841j9/RDK-Service/DeviceIdentification/Implementation/MFR/MFR.cpp
2025-11-10 16:57:21,766 - Knowledge - INFO - Worker kw17 processing /app/data/T0015/222062/b1841j9/RDK-Service/WebKitBrowser/InjectedBundle/WhiteListedOriginDomainsList.cpp
2025-11-10 16:57:21,880 - Knowledge - INFO - Fast-tracked /app/data/T0015/222062/b1841j9/RDK-Service/WebKitBrowser/InjectedBundle/Milestone.cpp (small file (2805 bytes))
2025-11-10 16:57:21,971 - Knowledge - INFO - Worker kw19 processing /app/data/T0015/222062/b1841j9/RDK-Service/WebKitBrowser/Extension/AAMPJSBindings.h
2025-11-10 16:57:22,052 - Knowledge - INFO - Worker kw20 processing /app/data/T0015/222062/b1841j9/RDK-Service/WebKitBrowser/WebKitImplementation.cpp
2025-11-10 16:57:22,179 - Knowledge - INFO - Worker kw10 processing /app/data/T0015/222062/b1841j9/RDK-Service/FireboltMediaPlayer/impl/AampMediaPlayer/AampMediaPlayer.h
2025-11-10 16:57:22,202 - Knowledge - INFO - Fast-tracked /app/data/T0015/222062/b1841j9/RDK-Service/TraceControl/TraceOutput.h (small file (2594 bytes))
2025-11-10 16:57:22,297 - Knowledge - INFO - Worker kw11 processing /app/data/T0015/222062/b1841j9/RDK-Service/DeviceInfo/Implementation/DeviceAudioCapabilities.h
2025-11-10 16:57:22,385 - Knowledge - INFO - Fast-tracked /app/data/T0015/222062/b1841j9/RDK-Service/SharedStorage/CMakeLists.txt (ext=.txt, size=1610)
2025-11-10 16:57:22,471 - Knowledge - INFO - Worker kw13 processing /app/data/T0015/222062/b1841j9/RDK-Service/ContentProtection/ContentProtectionPlugin.json
2025-11-10 16:57:22,561 - Knowledge - INFO - Worker kw15 processing /app/data/T0015/222062/b1841j9/RDK-Service/HdmiInput/README.md
2025-11-10 16:57:22,668 - Knowledge - INFO - Worker kw16 processing /app/data/T0015/222062/b1841j9/RDK-Service/DeviceIdentification/Implementation/RPI/RPI.cpp
2025-11-10 16:57:22,750 - Knowledge - INFO - Worker kw17 processing /app/data/T0015/222062/b1841j9/RDK-Service/WebKitBrowser/InjectedBundle/Milestone.h
2025-11-10 16:57:22,942 - Knowledge - INFO - Fast-tracked /app/data/T0015/222062/b1841j9/RDK-Service/WebKitBrowser/Extension/AAMPJSBindings.h (ext=.h, size=1097)
2025-11-10 16:57:23,024 - Knowledge - INFO - Fast-tracked /app/data/T0015/222062/b1841j9/RDK-Service/WebKitBrowser/WebKitImplementation.cpp (ext=.cpp, size=168918)
2025-11-10 16:57:23,117 - Knowledge - INFO - Fast-tracked /app/data/T0015/222062/b1841j9/RDK-Service/FireboltMediaPlayer/impl/AampMediaPlayer/AampMediaPlayer.h (ext=.h, size=1442)
2025-11-10 16:57:23,372 - Knowledge - INFO - Fast-tracked /app/data/T0015/222062/b1841j9/RDK-Service/DeviceInfo/Implementation/DeviceAudioCapabilities.h (ext=.h, size=1268)
2025-11-10 16:57:23,452 - Knowledge - INFO - Worker kw12 processing /app/data/T0015/222062/b1841j9/RDK-Service/SharedStorage/SharedStorage.cpp
2025-11-10 16:57:23,542 - Knowledge - INFO - Fast-tracked /app/data/T0015/222062/b1841j9/RDK-Service/ContentProtection/ContentProtectionPlugin.json (ext=.json, size=431)
2025-11-10 16:57:23,640 - Knowledge - INFO - Fast-tracked /app/data/T0015/222062/b1841j9/RDK-Service/HdmiInput/README.md (ext=.md, size=242)
2025-11-10 16:57:23,808 - Knowledge - INFO - Fast-tracked /app/data/T0015/222062/b1841j9/RDK-Service/WebKitBrowser/InjectedBundle/Milestone.h (ext=.h, size=1156)
2025-11-10 16:57:23,886 - Knowledge - INFO - Worker kw19 processing /app/data/T0015/222062/b1841j9/RDK-Service/WebKitBrowser/Extension/SecurityAgent.cpp
2025-11-10 16:57:23,982 - Knowledge - INFO - Worker kw20 processing /app/data/T0015/222062/b1841j9/RDK-Service/WebKitBrowser/WebKitBrowser.cpp
2025-11-10 16:57:24,066 - Knowledge - INFO - Worker kw10 processing /app/data/T0015/222062/b1841j9/RDK-Service/FireboltMediaPlayer/impl/AampMediaPlayer/CMakeLists.txt
2025-11-10 16:57:24,201 - Knowledge - INFO - Fast-tracked /app/data/T0015/222062/b1841j9/RDK-Service/FireboltMediaPlayer/impl/AampMediaPlayer/AampMediaStream.h (small file (2602 bytes))
2025-11-10 16:57:24,285 - Knowledge - INFO - Worker kw12 processing /app/data/T0015/222062/b1841j9/RDK-Service/SharedStorage/SharedStoragePlugin.json
2025-11-10 16:57:24,379 - Knowledge - INFO - Worker kw13 processing /app/data/T0015/222062/b1841j9/RDK-Service/ContentProtection/ContentProtection.cpp
2025-11-10 16:57:24,479 - Knowledge - INFO - Worker kw15 processing /app/data/T0015/222062/b1841j9/RDK-Service/HdmiInput/HdmiInput.cpp
2025-11-10 16:57:24,554 - Knowledge - INFO - Worker kw17 processing /app/data/T0015/222062/b1841j9/RDK-Service/WebKitBrowser/InjectedBundle/RequestHeaders.cpp
2025-11-10 16:57:24,745 - Knowledge - INFO - Worker kw20 processing /app/data/T0015/222062/b1841j9/RDK-Service/WebKitBrowser/TimeZone/TimeZoneSupport.h
2025-11-10 16:57:24,826 - Knowledge - INFO - Fast-tracked /app/data/T0015/222062/b1841j9/RDK-Service/FireboltMediaPlayer/impl/AampMediaPlayer/CMakeLists.txt (ext=.txt, size=1548)
2025-11-10 16:57:25,009 - Knowledge - INFO - Fast-tracked /app/data/T0015/222062/b1841j9/RDK-Service/SharedStorage/SharedStoragePlugin.json (ext=.json, size=480)
2025-11-10 16:57:25,100 - Knowledge - INFO - Worker kw13 processing /app/data/T0015/222062/b1841j9/RDK-Service/ContentProtection/Module.cpp
2025-11-10 16:57:25,326 - Knowledge - INFO - Worker kw15 processing /app/data/T0015/222062/b1841j9/RDK-Service/HdmiInput/Module.cpp
2025-11-10 16:57:25,376 - Knowledge - INFO - Worker kw17 processing /app/data/T0015/222062/b1841j9/RDK-Service/WebKitBrowser/InjectedBundle/main.cpp
2025-11-10 16:57:25,453 - Knowledge - INFO - Fast-tracked /app/data/T0015/222062/b1841j9/RDK-Service/WebKitBrowser/TimeZone/TimeZoneSupport.h (ext=.h, size=1358)
2025-11-10 16:57:25,724 - Knowledge - INFO - Fast-tracked /app/data/T0015/222062/b1841j9/RDK-Service/ContentProtection/Module.cpp (ext=.cpp, size=780)
2025-11-10 16:57:25,815 - Knowledge - INFO - Fast-tracked /app/data/T0015/222062/b1841j9/RDK-Service/HdmiInput/Module.cpp (ext=.cpp, size=765)
2025-11-10 16:57:25,894 - Knowledge - INFO - Worker kw17 processing /app/data/T0015/222062/b1841j9/RDK-Service/WebKitBrowser/InjectedBundle/JavaScriptFunction.cpp
2025-11-10 16:57:26,081 - Knowledge - INFO - Worker kw13 processing /app/data/T0015/222062/b1841j9/RDK-Service/ContentProtection/CHANGELOG.md
2025-11-10 16:57:26,176 - Knowledge - INFO - Worker kw15 processing /app/data/T0015/222062/b1841j9/RDK-Service/HdmiInput/CHANGELOG.md
2025-11-10 16:57:26,358 - Knowledge - INFO - Fast-tracked /app/data/T0015/222062/b1841j9/RDK-Service/ContentProtection/CHANGELOG.md (ext=.md, size=2392)
2025-11-10 16:57:26,458 - Knowledge - INFO - Fast-tracked /app/data/T0015/222062/b1841j9/RDK-Service/HdmiInput/CHANGELOG.md (ext=.md, size=2619)
2025-11-10 16:57:26,622 - Knowledge - INFO - Worker kw13 processing /app/data/T0015/222062/b1841j9/RDK-Service/DisplayInfo/DisplayInfoTracing.h
2025-11-10 16:57:26,706 - Knowledge - INFO - Worker kw15 processing /app/data/T0015/222062/b1841j9/RDK-Service/Network/Network.h
2025-11-10 16:57:26,784 - Knowledge - INFO - Fast-tracked /app/data/T0015/222062/b1841j9/RDK-Service/raspberrypi.cmake (small file (2824 bytes))
2025-11-10 16:57:29,524 - Knowledge - INFO - Fast-tracked /app/data/T0015/222062/b1841j9/RDK-Service/Analytics/Analytics.h (small file (2916 bytes))
2025-11-10 16:57:31,976 - Knowledge - INFO - Fast-tracked /app/data/T0015/222062/b1841j9/RDK-Service/Analytics/Implementation/LocalStore/DatabaseInterface.h (small file (2632 bytes))
2025-11-10 16:57:34,314 - Knowledge - INFO - Fast-tracked /app/data/T0015/222062/b1841j9/RDK-Service/SystemAudioPlayer/impl/amlogic/SoC_abstraction.cpp (small file (2205 bytes))
2025-11-10 16:57:34,511 - Knowledge - INFO - Fast-tracked /app/data/T0015/222062/b1841j9/RDK-Service/SystemAudioPlayer/impl/Helper.h (small file (2408 bytes))
2025-11-10 16:57:34,685 - Knowledge - INFO - Fast-tracked /app/data/T0015/222062/b1841j9/RDK-Service/SystemAudioPlayer/impl/logger.h (small file (2924 bytes))
2025-11-10 16:57:40,807 - Knowledge - INFO - Fast-tracked /app/data/T0015/222062/b1841j9/RDK-Service/WebKitBrowser/InjectedBundle/ClassDefinition.h (small file (2670 bytes))
2025-11-10 16:57:40,840 - Knowledge - INFO - Fast-tracked /app/data/T0015/222062/b1841j9/RDK-Service/Network/NetUtils.h (small file (2335 bytes))
2025-11-10 16:57:41,013 - Knowledge - INFO - Fast-tracked /app/data/T0015/222062/b1841j9/RDK-Service/WebKitBrowser/InjectedBundle/JavaScriptFunctionType.h (small file (2303 bytes))
2025-11-10 16:57:44,916 - Knowledge - INFO - Fast-tracked /app/data/T0015/222062/b1841j9/RDK-Service/DeviceIdentification/cmake/FindMFRFWLibs.cmake (small file (2538 bytes))
2025-11-10 16:57:52,691 - Knowledge - INFO - [LLM_CALL] Completed: TextToSpeechValidator.h:chunk1, Duration: 53672ms, PromptTokens: 3622, CompletionTokens: 277, Cost: $0.00047
2025-11-10 16:57:52,881 - Knowledge - INFO - done ingest for /app/data/T0015/222062/b1841j9/RDK-Service/TextToSpeech/TextToSpeechValidator.h
2025-11-10 16:57:54,076 - Knowledge - INFO - [LLM_CALL] Completed: logger.cpp:chunk1, Duration: 48113ms, PromptTokens: 3076, CompletionTokens: 432, Cost: $0.00048
2025-11-10 16:57:54,275 - Knowledge - INFO - done ingest for /app/data/T0015/222062/b1841j9/RDK-Service/TextToSpeech/impl/logger.cpp
2025-11-10 16:57:54,852 - Knowledge - INFO - [LLM_CALL] Completed: TTSDownloader.cpp:chunk1, Duration: 46514ms, PromptTokens: 2848, CompletionTokens: 378, Cost: $0.00044
2025-11-10 16:57:55,061 - Knowledge - INFO - done ingest for /app/data/T0015/222062/b1841j9/RDK-Service/TextToSpeech/impl/TTSDownloader.cpp
2025-11-10 16:57:57,192 - Knowledge - INFO - Fast-tracked /app/data/T0015/222062/b1841j9/RDK-Service/DisplayInfo/cmake/FindLibDRM.cmake (small file (2059 bytes))
2025-11-10 16:57:57,375 - Knowledge - INFO - Fast-tracked /app/data/T0015/222062/b1841j9/RDK-Service/DisplayInfo/cmake/FindGStreamer.cmake (small file (2703 bytes))
2025-11-10 16:57:58,070 - Knowledge - INFO - [LLM_CALL] Completed: TextToSpeech.cpp:chunk1, Duration: 40821ms, PromptTokens: 2744, CompletionTokens: 515, Cost: $0.00048
2025-11-10 16:57:58,071 - Knowledge - INFO - Fast-tracked /app/data/T0015/222062/b1841j9/RDK-Service/DisplayInfo/cmake/FindNXCLIENT.cmake (small file (2451 bytes))
2025-11-10 16:57:58,277 - Knowledge - INFO - done ingest for /app/data/T0015/222062/b1841j9/RDK-Service/TextToSpeech/TextToSpeech.cpp
2025-11-10 16:57:58,361 - Knowledge - INFO - Fast-tracked /app/data/T0015/222062/b1841j9/RDK-Service/ScreenCapture/Implementation/Realtek/kms.h (small file (3053 bytes))
2025-11-10 16:57:59,644 - Knowledge - INFO - [LLM_CALL] Completed: TextToSpeech.h:chunk1, Duration: 45111ms, PromptTokens: 4016, CompletionTokens: 730, Cost: $0.00069
2025-11-10 16:57:59,809 - Knowledge - INFO - done ingest for /app/data/T0015/222062/b1841j9/RDK-Service/TextToSpeech/TextToSpeech.h
2025-11-10 16:58:04,388 - Knowledge - INFO - [LLM_CALL] Completed: TTSURLConstructer.cpp:chunk1, Duration: 56871ms, PromptTokens: 4896, CompletionTokens: 737, Cost: $0.00078
2025-11-10 16:58:04,608 - Knowledge - INFO - done ingest for /app/data/T0015/222062/b1841j9/RDK-Service/TextToSpeech/impl/TTSURLConstructer.cpp
2025-11-10 16:58:05,573 - Knowledge - INFO - Fast-tracked /app/data/T0015/222062/b1841j9/RDK-Service/WebKitBrowser/InjectedBundle/AAMPJSBindings.cpp (small file (2781 bytes))
2025-11-10 16:58:08,417 - Knowledge - INFO - [LLM_CALL] Completed: TTSManager.cpp:chunk1, Duration: 58441ms, PromptTokens: 7608, CompletionTokens: 1835, Cost: $0.00149
2025-11-10 16:58:08,584 - Knowledge - INFO - done ingest for /app/data/T0015/222062/b1841j9/RDK-Service/TextToSpeech/impl/TTSManager.cpp
2025-11-10 16:58:09,229 - Knowledge - INFO - [LLM_CALL] Completed: TTSConfiguration.h:chunk1, Duration: 62470ms, PromptTokens: 2532, CompletionTokens: 1308, Cost: $0.00078
2025-11-10 16:58:09,402 - Knowledge - INFO - done ingest for /app/data/T0015/222062/b1841j9/RDK-Service/TextToSpeech/impl/TTSConfiguration.h
2025-11-10 16:58:09,992 - Knowledge - INFO - [LLM_CALL] Completed: SatToken.cpp:chunk1, Duration: 68416ms, PromptTokens: 2842, CompletionTokens: 637, Cost: $0.00054
2025-11-10 16:58:10,011 - Knowledge - INFO - Fast-tracked /app/data/T0015/222062/b1841j9/RDK-Service/UnifiedCASManagement/UnifiedCASManagement.h (small file (2378 bytes))
2025-11-10 16:58:10,158 - Knowledge - INFO - done ingest for /app/data/T0015/222062/b1841j9/RDK-Service/TextToSpeech/impl/SatToken.cpp
2025-11-10 16:58:12,154 - Knowledge - INFO - [LLM_CALL] Completed: NetworkStatusObserver.cpp:chunk1, Duration: 61283ms, PromptTokens: 2724, CompletionTokens: 558, Cost: $0.00050
2025-11-10 16:58:12,394 - Knowledge - INFO - done ingest for /app/data/T0015/222062/b1841j9/RDK-Service/TextToSpeech/impl/NetworkStatusObserver.cpp
2025-11-10 16:58:13,189 - Knowledge - INFO - [LLM_CALL] Completed: TTSSpeaker.cpp:chunk1, Duration: 64020ms, PromptTokens: 23076, CompletionTokens: 1378, Cost: $0.00286
2025-11-10 16:58:13,359 - Knowledge - INFO - done ingest for /app/data/T0015/222062/b1841j9/RDK-Service/TextToSpeech/impl/TTSSpeaker.cpp
2025-11-10 16:58:13,527 - Knowledge - ERROR - Timeout processing /app/data/T0015/222062/b1841j9/RDK-Service/TextToSpeech/TextToSpeechImplementation.h after 90s
2025-11-10 16:58:13,696 - Knowledge - ERROR - Timeout processing /app/data/T0015/222062/b1841j9/RDK-Service/TextToSpeech/impl/TTSManager.h after 90s
2025-11-10 16:58:13,888 - Knowledge - ERROR - Timeout processing /app/data/T0015/222062/b1841j9/RDK-Service/TextToSpeech/impl/TTSSpeaker.h after 90s
2025-11-10 16:58:14,119 - Knowledge - WARNING - File /app/data/T0015/222062/b1841j9/RDK-Service/TextToSpeech/TextToSpeechImplementation.h not successfully processed
2025-11-10 16:58:14,309 - Knowledge - WARNING - File /app/data/T0015/222062/b1841j9/RDK-Service/TextToSpeech/impl/TTSManager.h not successfully processed
2025-11-10 16:58:14,508 - Knowledge - WARNING - File /app/data/T0015/222062/b1841j9/RDK-Service/TextToSpeech/impl/TTSSpeaker.h not successfully processed
2025-11-10 16:58:14,809 - Knowledge - INFO - Processing batch of 22 files
2025-11-10 16:58:14,973 - Knowledge - INFO - process ingested knowledge for /app/data/T0015/222062/b1841j9/RDK-Service/TextToSpeech/TextToSpeech.json
2025-11-10 16:58:15,161 - Knowledge - INFO - process ingested knowledge for /app/data/T0015/222062/b1841j9/RDK-Service/TextToSpeech/Module.h
2025-11-10 16:58:15,318 - Knowledge - INFO - process ingested knowledge for /app/data/T0015/222062/b1841j9/RDK-Service/TextToSpeech/TextToSpeechValidator.h
2025-11-10 16:58:15,482 - Knowledge - INFO - process ingested knowledge for /app/data/T0015/222062/b1841j9/RDK-Service/TextToSpeech/impl/TTSURLConstructer.h
2025-11-10 16:58:15,664 - Knowledge - INFO - process ingested knowledge for /app/data/T0015/222062/b1841j9/RDK-Service/TextToSpeech/impl/TTSDownloader.h
2025-11-10 16:58:15,834 - Knowledge - INFO - process ingested knowledge for /app/data/T0015/222062/b1841j9/RDK-Service/TextToSpeech/impl/NetworkStatusObserver.h
2025-11-10 16:58:15,993 - Knowledge - INFO - process ingested knowledge for /app/data/T0015/222062/b1841j9/RDK-Service/TextToSpeech/impl/RFCURLObserver.h
2025-11-10 16:58:16,162 - Knowledge - INFO - process ingested knowledge for /app/data/T0015/222062/b1841j9/RDK-Service/TextToSpeech/impl/SatToken.cpp
2025-11-10 16:58:16,331 - Knowledge - INFO - process ingested knowledge for /app/data/T0015/222062/b1841j9/RDK-Service/TextToSpeech/impl/TTSCommon.h
2025-11-10 16:58:16,544 - Knowledge - INFO - process ingested knowledge for /app/data/T0015/222062/b1841j9/RDK-Service/TextToSpeech/impl/logger.h
2025-11-10 16:58:16,737 - Knowledge - INFO - process ingested knowledge for /app/data/T0015/222062/b1841j9/RDK-Service/TextToSpeech/impl/logger.cpp
2025-11-10 16:58:16,925 - Knowledge - INFO - process ingested knowledge for /app/data/T0015/222062/b1841j9/RDK-Service/TextToSpeech/impl/TTSConfiguration.h
2025-11-10 16:58:17,085 - Knowledge - INFO - process ingested knowledge for /app/data/T0015/222062/b1841j9/RDK-Service/TextToSpeech/impl/TTSURLConstructer.cpp
2025-11-10 16:58:17,253 - Knowledge - INFO - process ingested knowledge for /app/data/T0015/222062/b1841j9/RDK-Service/TextToSpeech/impl/TTSDownloader.cpp
2025-11-10 16:58:17,418 - Knowledge - INFO - process ingested knowledge for /app/data/T0015/222062/b1841j9/RDK-Service/TextToSpeech/impl/TTSSpeaker.cpp
2025-11-10 16:58:17,616 - Knowledge - INFO - process ingested knowledge for /app/data/T0015/222062/b1841j9/RDK-Service/TextToSpeech/impl/TTSManager.cpp
2025-11-10 16:58:17,804 - Knowledge - INFO - process ingested knowledge for /app/data/T0015/222062/b1841j9/RDK-Service/TextToSpeech/impl/NetworkStatusObserver.cpp
2025-11-10 16:58:17,956 - Knowledge - INFO - process ingested knowledge for /app/data/T0015/222062/b1841j9/RDK-Service/TextToSpeech/impl/RFCURLObserver.cpp
2025-11-10 16:58:18,134 - Knowledge - INFO - process ingested knowledge for /app/data/T0015/222062/b1841j9/RDK-Service/TextToSpeech/impl/SatToken.h
2025-11-10 16:58:18,307 - Knowledge - INFO - process ingested knowledge for /app/data/T0015/222062/b1841j9/RDK-Service/TextToSpeech/TextToSpeech.h
2025-11-10 16:58:18,425 - Knowledge - INFO - Fast-tracked /app/data/T0015/222062/b1841j9/RDK-Service/DisplayInfo/DisplayInfoTracing.h (small file (2181 bytes))
2025-11-10 16:58:18,480 - Knowledge - INFO - process ingested knowledge for /app/data/T0015/222062/b1841j9/RDK-Service/TextToSpeech/CMakeLists.txt
2025-11-10 16:58:18,657 - Knowledge - ERROR - Timeout processing /app/data/T0015/222062/b1841j9/RDK-Service/ControlService/ControlService.h after 90s
2025-11-10 16:58:18,715 - Knowledge - INFO - Fast-tracked /app/data/T0015/222062/b1841j9/RDK-Service/DisplayInfo/cmake/FindBCM_HOST.cmake (small file (2763 bytes))
2025-11-10 16:58:18,751 - Knowledge - INFO - process ingested knowledge for /app/data/T0015/222062/b1841j9/RDK-Service/TextToSpeech/TextToSpeech.cpp
2025-11-10 16:58:20,689 - Knowledge - INFO - Fast-tracked /app/data/T0015/222062/b1841j9/RDK-Service/DeviceDiagnostics/DeviceDiagnostics.h (small file (2675 bytes))
2025-11-10 16:58:21,208 - Knowledge - INFO - [kw2] Queue=891, InProgress=0, PendingWorkers=20/20, Completed=22/1376 (1.6%)
2025-11-10 16:58:21,353 - Knowledge - ERROR - Timeout processing /app/data/T0015/222062/b1841j9/RDK-Service/UserSettings/UserSettingsImplementation.h after 90s
2025-11-10 16:58:21,366 - Knowledge - INFO - Batch sizing: calculated=20, max_allowed=25, queue=891, active_workers=20/20
2025-11-10 16:58:21,656 - Knowledge - ERROR - Timeout processing /app/data/T0015/222062/b1841j9/RDK-Service/UserSettings/UserSettings.h after 90s
2025-11-10 16:58:21,737 - Knowledge - INFO - Async storing batch of 22 embeddings
2025-11-10 16:58:21,840 - Knowledge - ERROR - Timeout processing /app/data/T0015/222062/b1841j9/RDK-Service/UserSettings/UserSettings.cpp after 90s
2025-11-10 16:58:21,936 - Knowledge - INFO - Worker kw2 processing /app/data/T0015/222062/b1841j9/RDK-Service/WebKitBrowser/TimeZone/TimeZoneSupport.cpp
2025-11-10 16:58:22,013 - Knowledge - ERROR - Timeout processing /app/data/T0015/222062/b1841j9/RDK-Service/UserSettings/UserSettingsImplementation.cpp after 90s
2025-11-10 16:58:22,107 - Knowledge - INFO - Worker kw2 processing /app/data/T0015/222062/b1841j9/RDK-Service/WebKitBrowser/HTML5Notification.h
2025-11-10 16:58:22,223 - Knowledge - ERROR - Timeout processing /app/data/T0015/222062/b1841j9/RDK-Service/TraceControl/TraceControlJsonRpc.cpp after 90s
2025-11-10 16:58:22,300 - Knowledge - INFO - Fast-tracked /app/data/T0015/222062/b1841j9/RDK-Service/ScreenCapture/cmake/FindLibDRM.cmake (small file (2059 bytes))
2025-11-10 16:58:22,307 - Knowledge - INFO - Fast-tracked /app/data/T0015/222062/b1841j9/RDK-Service/WebKitBrowser/HTML5Notification.h (ext=.h, size=1639)
2025-11-10 16:58:22,390 - Knowledge - ERROR - Timeout processing /app/data/T0015/222062/b1841j9/RDK-Service/TraceControl/TraceControl.h after 90s
2025-11-10 16:58:22,582 - Knowledge - INFO - Worker kw2 processing /app/data/T0015/222062/b1841j9/RDK-Service/WebKitBrowser/Module.cpp
2025-11-10 16:58:22,702 - Knowledge - ERROR - Timeout processing /app/data/T0015/222062/b1841j9/RDK-Service/TraceControl/TraceControl.cpp after 90s
2025-11-10 16:58:22,784 - Knowledge - INFO - Fast-tracked /app/data/T0015/222062/b1841j9/RDK-Service/WebKitBrowser/Module.cpp (ext=.cpp, size=781)
2025-11-10 16:58:23,000 - Knowledge - INFO - Worker kw2 processing /app/data/T0015/222062/b1841j9/RDK-Service/WebKitBrowser/CHANGELOG.md
2025-11-10 16:58:23,193 - Knowledge - INFO - Fast-tracked /app/data/T0015/222062/b1841j9/RDK-Service/WebKitBrowser/CHANGELOG.md (ext=.md, size=4616)
2025-11-10 16:58:23,389 - Knowledge - INFO - Worker kw2 processing /app/data/T0015/222062/b1841j9/RDK-Service/WebKitBrowser/BrowserConsoleLog.h
2025-11-10 16:58:23,853 - Knowledge - INFO - Worker kw2 processing /app/data/T0015/222062/b1841j9/RDK-Service/SystemMode/SystemMode.h
2025-11-10 16:58:24,092 - Knowledge - INFO - Worker kw2 processing /app/data/T0015/222062/b1841j9/RDK-Service/SystemMode/Module.h
2025-11-10 16:58:24,317 - Knowledge - INFO - Fast-tracked /app/data/T0015/222062/b1841j9/RDK-Service/SystemMode/Module.h (ext=.h, size=872)
2025-11-10 16:58:24,687 - Knowledge - INFO - Worker kw2 processing /app/data/T0015/222062/b1841j9/RDK-Service/SystemMode/SystemMode.json
2025-11-10 16:58:24,925 - Knowledge - INFO - Fast-tracked /app/data/T0015/222062/b1841j9/RDK-Service/SystemMode/SystemMode.json (ext=.json, size=2371)
2025-11-10 16:58:25,131 - Knowledge - INFO - Worker kw2 processing /app/data/T0015/222062/b1841j9/RDK-Service/SystemMode/SystemModeImplementation.h
2025-11-10 16:58:25,238 - Knowledge - INFO - Fast-tracked /app/data/T0015/222062/b1841j9/RDK-Service/WebKitBrowser/CookieJarCrypto/CookieJarCryptoExample.h (small file (2895 bytes))
2025-11-10 16:58:25,334 - Knowledge - INFO - Worker kw2 processing /app/data/T0015/222062/b1841j9/RDK-Service/SystemMode/CMakeLists.txt
2025-11-10 16:58:25,400 - Knowledge - INFO - [LLM_CALL] Completed: ContentProtection.cpp:chunk1, Duration: 30582ms, PromptTokens: 2236, CompletionTokens: 485, Cost: $0.00042
2025-11-10 16:58:25,557 - Knowledge - INFO - Fast-tracked /app/data/T0015/222062/b1841j9/RDK-Service/SystemMode/CMakeLists.txt (ext=.txt, size=2721)
2025-11-10 16:58:25,656 - Knowledge - INFO - done ingest for /app/data/T0015/222062/b1841j9/RDK-Service/ContentProtection/ContentProtection.cpp
2025-11-10 16:58:25,744 - Knowledge - INFO - Worker kw2 processing /app/data/T0015/222062/b1841j9/RDK-Service/SystemMode/SystemModeImplementation.cpp
2025-11-10 16:58:25,952 - Knowledge - INFO - Worker kw2 processing /app/data/T0015/222062/b1841j9/RDK-Service/SystemMode/SystemModePlugin.json
2025-11-10 16:58:26,035 - Knowledge - INFO - Fast-tracked /app/data/T0015/222062/b1841j9/RDK-Service/WebKitBrowser/cmake/FindWPEBackend.cmake (small file (2634 bytes))
2025-11-10 16:58:26,157 - Knowledge - INFO - Fast-tracked /app/data/T0015/222062/b1841j9/RDK-Service/SystemMode/SystemModePlugin.json (ext=.json, size=498)
2025-11-10 16:58:26,354 - Knowledge - INFO - Worker kw2 processing /app/data/T0015/222062/b1841j9/RDK-Service/SystemMode/SystemMode.cpp
2025-11-10 16:58:26,513 - Knowledge - INFO - Worker kw2 processing /app/data/T0015/222062/b1841j9/RDK-Service/SystemMode/Module.cpp
2025-11-10 16:58:26,692 - Knowledge - INFO - Fast-tracked /app/data/T0015/222062/b1841j9/RDK-Service/SystemMode/Module.cpp (ext=.cpp, size=763)
2025-11-10 16:58:26,871 - Knowledge - INFO - Worker kw2 processing /app/data/T0015/222062/b1841j9/RDK-Service/SystemMode/CHANGELOG.md
2025-11-10 16:58:27,127 - Knowledge - INFO - Fast-tracked /app/data/T0015/222062/b1841j9/RDK-Service/SystemMode/CHANGELOG.md (ext=.md, size=1352)
2025-11-10 16:58:27,291 - Knowledge - INFO - Worker kw2 processing /app/data/T0015/222062/b1841j9/RDK-Service/WifiManager/test/thunder-wifimanager-test.js
2025-11-10 16:58:27,496 - Knowledge - INFO - Fast-tracked /app/data/T0015/222062/b1841j9/RDK-Service/WifiManager/test/thunder-wifimanager-test.js (ext=.js, size=19708)
2025-11-10 16:58:27,681 - Knowledge - INFO - Worker kw2 processing /app/data/T0015/222062/b1841j9/RDK-Service/WifiManager/WifiManager.h
2025-11-10 16:58:27,866 - Knowledge - INFO - Worker kw2 processing /app/data/T0015/222062/b1841j9/RDK-Service/WifiManager/Module.h
2025-11-10 16:58:28,082 - Knowledge - INFO - Fast-tracked /app/data/T0015/222062/b1841j9/RDK-Service/WifiManager/Module.h (ext=.h, size=868)
2025-11-10 16:58:28,266 - Knowledge - INFO - Worker kw2 processing /app/data/T0015/222062/b1841j9/RDK-Service/WifiManager/impl/WifiManagerEvents.cpp
2025-11-10 16:58:28,463 - Knowledge - INFO - Worker kw2 processing /app/data/T0015/222062/b1841j9/RDK-Service/WifiManager/impl/WifiManagerScan.cpp
2025-11-10 16:58:29,878 - Knowledge - INFO - Fast-tracked /app/data/T0015/222062/b1841j9/RDK-Service/UnifiedCASManagement/MediaPlayer.h (small file (2293 bytes))
2025-11-10 16:58:32,807 - Knowledge - INFO - Fast-tracked /app/data/T0015/222062/b1841j9/RDK-Service/Analytics/Implementation/SystemTime/SystemTime.h (small file (2685 bytes))
2025-11-10 16:58:33,147 - Knowledge - INFO - Split /app/data/T0015/222062/b1841j9/RDK-Service/Miracast/MiracastPlayer/RTSP/MiracastRTSPMsg.cpp (94226 bytes) into 3 chunks of ~32KB
2025-11-10 16:58:33,855 - Knowledge - INFO - Fast-tracked /app/data/T0015/222062/b1841j9/RDK-Service/DisplayInfo/DeviceSettings/Realtek/kms.h (small file (3053 bytes))
2025-11-10 16:58:36,867 - Knowledge - INFO - [LLM_CALL] Completed: TextToSpeechJsonRpc.cpp:chunk1, Duration: 37058ms, PromptTokens: 6944, CompletionTokens: 933, Cost: $0.00107
2025-11-10 16:58:37,034 - Knowledge - INFO - done ingest for /app/data/T0015/222062/b1841j9/RDK-Service/TextToSpeech/TextToSpeechJsonRpc.cpp
2025-11-10 16:58:37,240 - Knowledge - WARNING - File /app/data/T0015/222062/b1841j9/RDK-Service/UserSettings/UserSettingsImplementation.h not successfully processed
2025-11-10 16:58:37,399 - Knowledge - WARNING - File /app/data/T0015/222062/b1841j9/RDK-Service/UserSettings/UserSettings.h not successfully processed
2025-11-10 16:58:37,570 - Knowledge - WARNING - File /app/data/T0015/222062/b1841j9/RDK-Service/UserSettings/UserSettings.cpp not successfully processed
2025-11-10 16:58:37,770 - Knowledge - WARNING - File /app/data/T0015/222062/b1841j9/RDK-Service/UserSettings/UserSettingsImplementation.cpp not successfully processed
2025-11-10 16:58:37,949 - Knowledge - WARNING - File /app/data/T0015/222062/b1841j9/RDK-Service/TraceControl/TraceControlJsonRpc.cpp not successfully processed
2025-11-10 16:58:38,166 - Knowledge - WARNING - File /app/data/T0015/222062/b1841j9/RDK-Service/TraceControl/TraceControl.h not successfully processed
2025-11-10 16:58:38,349 - Knowledge - WARNING - File /app/data/T0015/222062/b1841j9/RDK-Service/TraceControl/TraceControl.cpp not successfully processed
2025-11-10 16:58:38,462 - Knowledge - INFO - [LLM_CALL] Completed: ContentProtection.h:chunk1, Duration: 58420ms, PromptTokens: 15758, CompletionTokens: 1320, Cost: $0.00210
2025-11-10 16:58:38,668 - Knowledge - INFO - done ingest for /app/data/T0015/222062/b1841j9/RDK-Service/ContentProtection/ContentProtection.h
2025-11-10 16:58:38,710 - Knowledge - INFO - Processing batch of 18 files
2025-11-10 16:58:38,928 - Knowledge - WARNING - File /app/data/T0015/222062/b1841j9/RDK-Service/ControlService/ControlService.h not successfully processed
2025-11-10 16:58:38,968 - Knowledge - INFO - process ingested knowledge for /app/data/T0015/222062/b1841j9/RDK-Service/UserSettings/UserSettings.json
2025-11-10 16:58:39,177 - Knowledge - INFO - Processing batch of 24 files
2025-11-10 16:58:39,188 - Knowledge - INFO - process ingested knowledge for /app/data/T0015/222062/b1841j9/RDK-Service/UserSettings/Module.h
2025-11-10 16:58:39,337 - Knowledge - INFO - process ingested knowledge for /app/data/T0015/222062/b1841j9/RDK-Service/SharedStorage/Module.cpp
2025-11-10 16:58:39,439 - Knowledge - INFO - process ingested knowledge for /app/data/T0015/222062/b1841j9/RDK-Service/UserSettings/CMakeLists.txt
2025-11-10 16:58:39,527 - Knowledge - INFO - process ingested knowledge for /app/data/T0015/222062/b1841j9/RDK-Service/SharedStorage/CHANGELOG.md
2025-11-10 16:58:39,619 - Knowledge - INFO - process ingested knowledge for /app/data/T0015/222062/b1841j9/RDK-Service/UserSettings/Module.cpp
2025-11-10 16:58:39,699 - Knowledge - INFO - process ingested knowledge for /app/data/T0015/222062/b1841j9/RDK-Service/raspberrypi.cmake
2025-11-10 16:58:39,798 - Knowledge - INFO - process ingested knowledge for /app/data/T0015/222062/b1841j9/RDK-Service/UserSettings/CHANGELOG.md
2025-11-10 16:58:39,883 - Knowledge - INFO - process ingested knowledge for /app/data/T0015/222062/b1841j9/RDK-Service/ControlService/test/Module.h
2025-11-10 16:58:39,962 - Knowledge - INFO - process ingested knowledge for /app/data/T0015/222062/b1841j9/RDK-Service/UserSettings/UserSettingsPlugin.json
2025-11-10 16:58:40,053 - Knowledge - INFO - process ingested knowledge for /app/data/T0015/222062/b1841j9/RDK-Service/ControlService/test/CMakeLists.txt
2025-11-10 16:58:40,153 - Knowledge - INFO - process ingested knowledge for /app/data/T0015/222062/b1841j9/RDK-Service/TraceControl/TraceControl.json
2025-11-10 16:58:40,275 - Knowledge - INFO - process ingested knowledge for /app/data/T0015/222062/b1841j9/RDK-Service/ControlService/test/controlSvcTestClient.cpp
2025-11-10 16:58:40,276 - Knowledge - INFO - Fast-tracked /app/data/T0015/222062/b1841j9/RDK-Service/Network/NetUtilsNetlink.h (small file (2258 bytes))
2025-11-10 16:58:40,365 - Knowledge - INFO - process ingested knowledge for /app/data/T0015/222062/b1841j9/RDK-Service/TraceControl/Module.h
2025-11-10 16:58:40,458 - Knowledge - INFO - process ingested knowledge for /app/data/T0015/222062/b1841j9/RDK-Service/ControlService/Module.h
2025-11-10 16:58:40,586 - Knowledge - INFO - Split /app/data/T0015/222062/b1841j9/RDK-Service/Network/Network.cpp (73060 bytes) into 3 chunks of ~32KB
2025-11-10 16:58:40,672 - Knowledge - INFO - process ingested knowledge for /app/data/T0015/222062/b1841j9/RDK-Service/TraceControl/TraceOutput.h
2025-11-10 16:58:40,772 - Knowledge - INFO - process ingested knowledge for /app/data/T0015/222062/b1841j9/RDK-Service/ControlService/ControlService.json
2025-11-10 16:58:40,974 - Knowledge - INFO - process ingested knowledge for /app/data/T0015/222062/b1841j9/RDK-Service/TraceControl/doc/TraceControlPlugin.md
2025-11-10 16:58:41,062 - Knowledge - INFO - process ingested knowledge for /app/data/T0015/222062/b1841j9/RDK-Service/ControlService/CMakeLists.txt
2025-11-10 16:58:41,177 - Knowledge - INFO - process ingested knowledge for /app/data/T0015/222062/b1841j9/RDK-Service/TraceControl/CMakeLists.txt
2025-11-10 16:58:41,298 - Knowledge - INFO - process ingested knowledge for /app/data/T0015/222062/b1841j9/RDK-Service/ControlService/cmake/FindCTRLM.cmake
2025-11-10 16:58:41,389 - Knowledge - INFO - process ingested knowledge for /app/data/T0015/222062/b1841j9/RDK-Service/TraceControl/Module.cpp
2025-11-10 16:58:41,482 - Knowledge - INFO - process ingested knowledge for /app/data/T0015/222062/b1841j9/RDK-Service/ControlService/cmake/FindIARMBus.cmake
2025-11-10 16:58:41,602 - Knowledge - INFO - process ingested knowledge for /app/data/T0015/222062/b1841j9/RDK-Service/TraceControl/TraceControlPlugin.json
2025-11-10 16:58:41,684 - Knowledge - INFO - process ingested knowledge for /app/data/T0015/222062/b1841j9/RDK-Service/ControlService/ControlServicePlugin.json
2025-11-10 16:58:41,801 - Knowledge - INFO - process ingested knowledge for /app/data/T0015/222062/b1841j9/RDK-Service/TraceControl/CHANGELOG.md
2025-11-10 16:58:41,891 - Knowledge - INFO - process ingested knowledge for /app/data/T0015/222062/b1841j9/RDK-Service/ControlService/README.md
2025-11-10 16:58:42,004 - Knowledge - INFO - process ingested knowledge for /app/data/T0015/222062/b1841j9/RDK-Service/TextToSpeech/test/TTSThunderAPITest.cpp
2025-11-10 16:58:42,090 - Knowledge - INFO - process ingested knowledge for /app/data/T0015/222062/b1841j9/RDK-Service/ControlService/ControlService.cpp
2025-11-10 16:58:42,179 - Knowledge - INFO - process ingested knowledge for /app/data/T0015/222062/b1841j9/RDK-Service/TextToSpeech/test/Module.h
2025-11-10 16:58:42,230 - Knowledge - INFO - Fast-tracked /app/data/T0015/222062/b1841j9/RDK-Service/WebKitBrowser/InjectedBundle/SecurityAgent.cpp (small file (2621 bytes))
2025-11-10 16:58:42,261 - Knowledge - INFO - process ingested knowledge for /app/data/T0015/222062/b1841j9/RDK-Service/ControlService/Module.cpp
2025-11-10 16:58:42,354 - Knowledge - INFO - process ingested knowledge for /app/data/T0015/222062/b1841j9/RDK-Service/TextToSpeech/test/CMakeLists.txt
2025-11-10 16:58:42,461 - Knowledge - INFO - Fast-tracked /app/data/T0015/222062/b1841j9/RDK-Service/WebKitBrowser/InjectedBundle/NotifyWPEFramework.cpp (small file (2389 bytes))
2025-11-10 16:58:42,605 - Knowledge - INFO - process ingested knowledge for /app/data/T0015/222062/b1841j9/RDK-Service/ControlService/CHANGELOG.md
2025-11-10 16:58:42,696 - Knowledge - INFO - process ingested knowledge for /app/data/T0015/222062/b1841j9/RDK-Service/TextToSpeech/TextToSpeechJsonRpc.cpp
2025-11-10 16:58:42,763 - Knowledge - ERROR - Timeout processing /app/data/T0015/222062/b1841j9/RDK-Service/WebKitBrowser/InjectedBundle/HawaiiMessage.cpp after 90s
2025-11-10 16:58:42,780 - Knowledge - INFO - Fast-tracked /app/data/T0015/222062/b1841j9/RDK-Service/WebKitBrowser/InjectedBundle/Utils.cpp (small file (2307 bytes))
2025-11-10 16:58:42,860 - Knowledge - INFO - process ingested knowledge for /app/data/T0015/222062/b1841j9/RDK-Service/ContentProtection/ContentProtection.h
2025-11-10 16:58:43,094 - Knowledge - ERROR - Timeout processing /app/data/T0015/222062/b1841j9/RDK-Service/WebKitBrowser/InjectedBundle/BridgeObject.cpp after 90s
2025-11-10 16:58:43,314 - Knowledge - INFO - process ingested knowledge for /app/data/T0015/222062/b1841j9/RDK-Service/ContentProtection/Module.h
2025-11-10 16:58:43,386 - Knowledge - ERROR - Timeout processing /app/data/T0015/222062/b1841j9/RDK-Service/WebKitBrowser/CookieJar.cpp after 90s
2025-11-10 16:58:43,474 - Knowledge - INFO - process ingested knowledge for /app/data/T0015/222062/b1841j9/RDK-Service/ContentProtection/CMakeLists.txt
2025-11-10 16:58:43,692 - Knowledge - INFO - process ingested knowledge for /app/data/T0015/222062/b1841j9/RDK-Service/ContentProtection/ContentProtectionPlugin.json
2025-11-10 16:58:44,003 - Knowledge - INFO - process ingested knowledge for /app/data/T0015/222062/b1841j9/RDK-Service/ContentProtection/ContentProtection.cpp
2025-11-10 16:58:44,165 - Knowledge - INFO - process ingested knowledge for /app/data/T0015/222062/b1841j9/RDK-Service/ContentProtection/Module.cpp
2025-11-10 16:58:44,186 - Knowledge - INFO - Fast-tracked /app/data/T0015/222062/b1841j9/RDK-Service/WebKitBrowser/BrowserConsoleLog.h (small file (2633 bytes))
2025-11-10 16:58:44,355 - Knowledge - INFO - Fast-tracked /app/data/T0015/222062/b1841j9/RDK-Service/HdmiInput/cmake/FindDS.cmake (small file (2066 bytes))
2025-11-10 16:58:44,419 - Knowledge - INFO - process ingested knowledge for /app/data/T0015/222062/b1841j9/RDK-Service/ContentProtection/CHANGELOG.md
2025-11-10 16:58:44,459 - Knowledge - INFO - Fast-tracked /app/data/T0015/222062/b1841j9/RDK-Service/SystemMode/SystemMode.h (small file (2257 bytes))
2025-11-10 16:58:44,737 - Knowledge - INFO - process ingested knowledge for /app/data/T0015/222062/b1841j9/RDK-Service/DisplayInfo/DisplayInfoTracing.h
2025-11-10 16:58:44,746 - Knowledge - INFO - Fast-tracked /app/data/T0015/222062/b1841j9/RDK-Service/SystemMode/SystemModeImplementation.h (small file (2880 bytes))
2025-11-10 16:58:45,645 - Knowledge - INFO - [WEBSOCKET] Sent: Type=progress_update, Size: 292, Duration: 0ms
2025-11-10 16:58:45,795 - Knowledge - INFO - [WEBSOCKET] Sent: Type=unknown, Size: ?, Duration: 150ms
2025-11-10 16:58:46,103 - Knowledge - INFO - Progress: 4.7% | Files: 64/1376 | Rate: 0.36 files/sec | Queue: 871
2025-11-10 16:58:46,372 - Knowledge - INFO - [kw1] Queue=871, InProgress=0, PendingWorkers=20/20, Completed=64/1376 (4.7%)
2025-11-10 16:58:46,614 - Knowledge - INFO - Batch sizing: calculated=20, max_allowed=25, queue=871, active_workers=20/20
2025-11-10 16:58:46,849 - Knowledge - INFO - Async storing batch of 18 embeddings
2025-11-10 16:58:47,001 - Knowledge - ERROR - Timeout processing /app/data/T0015/222062/b1841j9/RDK-Service/WebKitBrowser/WebKitBrowserJsonRpc.cpp after 90s
2025-11-10 16:58:47,029 - Knowledge - INFO - Worker kw1 processing /app/data/T0015/222062/b1841j9/RDK-Service/WifiManager/impl/WifiManagerState.cpp
2025-11-10 16:58:47,285 - Knowledge - WARNING - File /app/data/T0015/222062/b1841j9/RDK-Service/WebKitBrowser/InjectedBundle/HawaiiMessage.cpp not successfully processed
2025-11-10 16:58:47,299 - Knowledge - INFO - Worker kw1 processing /app/data/T0015/222062/b1841j9/RDK-Service/WifiManager/impl/WifiManagerWPS.h
2025-11-10 16:58:47,470 - Knowledge - WARNING - File /app/data/T0015/222062/b1841j9/RDK-Service/WebKitBrowser/InjectedBundle/BridgeObject.cpp not successfully processed
2025-11-10 16:58:47,579 - Knowledge - INFO - Worker kw1 processing /app/data/T0015/222062/b1841j9/RDK-Service/WifiManager/impl/WifiManagerConnect.h
2025-11-10 16:58:47,605 - Knowledge - ERROR - Timeout processing /app/data/T0015/222062/b1841j9/RDK-Service/Monitor/MonitorJsonRpc.cpp after 90s
2025-11-10 16:58:47,744 - Knowledge - WARNING - File /app/data/T0015/222062/b1841j9/RDK-Service/WebKitBrowser/CookieJar.cpp not successfully processed
2025-11-10 16:58:47,800 - Knowledge - INFO - Fast-tracked /app/data/T0015/222062/b1841j9/RDK-Service/WifiManager/impl/WifiManagerConnect.h (ext=.h, size=1452)
2025-11-10 16:58:47,897 - Knowledge - ERROR - Timeout processing /app/data/T0015/222062/b1841j9/RDK-Service/Monitor/Monitor.h after 90s
2025-11-10 16:58:47,989 - Knowledge - WARNING - File /app/data/T0015/222062/b1841j9/RDK-Service/WebKitBrowser/WebKitBrowserJsonRpc.cpp not successfully processed
2025-11-10 16:58:48,056 - Knowledge - INFO - Worker kw1 processing /app/data/T0015/222062/b1841j9/RDK-Service/WifiManager/impl/WifiManagerSignalThreshold.cpp
2025-11-10 16:58:48,145 - Knowledge - ERROR - Timeout processing /app/data/T0015/222062/b1841j9/RDK-Service/Monitor/Monitor.cpp after 90s
2025-11-10 16:58:48,294 - Knowledge - INFO - Processing batch of 16 files
2025-11-10 16:58:48,370 - Knowledge - INFO - Worker kw1 processing /app/data/T0015/222062/b1841j9/RDK-Service/WifiManager/impl/WifiManagerState.h
2025-11-10 16:58:48,465 - Knowledge - ERROR - Timeout processing /app/data/T0015/222062/b1841j9/RDK-Service/DeviceDiagnostics/DeviceDiagnostics.cpp after 90s
2025-11-10 16:58:48,580 - Knowledge - INFO - process ingested knowledge for /app/data/T0015/222062/b1841j9/RDK-Service/WebKitBrowser/InjectedBundle/CMakeLists.txt
2025-11-10 16:58:48,658 - Knowledge - INFO - Fast-tracked /app/data/T0015/222062/b1841j9/RDK-Service/WifiManager/impl/WifiManagerState.h (ext=.h, size=1870)
2025-11-10 16:58:48,684 - Knowledge - INFO - [kw13] Queue=851, InProgress=0, PendingWorkers=20/20, Completed=80/1376 (5.8%)
2025-11-10 16:58:48,739 - Knowledge - ERROR - Timeout processing /app/data/T0015/222062/b1841j9/RDK-Service/AVOutput/AVOutputTV.h after 90s
2025-11-10 16:58:48,853 - Knowledge - INFO - process ingested knowledge for /app/data/T0015/222062/b1841j9/RDK-Service/WebKitBrowser/InjectedBundle/Milestone.cpp
2025-11-10 16:58:48,948 - Knowledge - INFO - Worker kw1 processing /app/data/T0015/222062/b1841j9/RDK-Service/WifiManager/impl/WifiManagerEvents.h
2025-11-10 16:58:49,033 - Knowledge - INFO - Batch sizing: calculated=20, max_allowed=25, queue=851, active_workers=20/20
2025-11-10 16:58:49,163 - Knowledge - WARNING - File /app/data/T0015/222062/b1841j9/RDK-Service/Monitor/MonitorJsonRpc.cpp not successfully processed
2025-11-10 16:58:49,246 - Knowledge - INFO - process ingested knowledge for /app/data/T0015/222062/b1841j9/RDK-Service/WebKitBrowser/InjectedBundle/NotifyWPEFramework.h
2025-11-10 16:58:49,327 - Knowledge - INFO - Fast-tracked /app/data/T0015/222062/b1841j9/RDK-Service/WifiManager/impl/WifiManagerEvents.h (ext=.h, size=1598)
2025-11-10 16:58:49,403 - Knowledge - INFO - Async storing batch of 24 embeddings
2025-11-10 16:58:49,531 - Knowledge - WARNING - File /app/data/T0015/222062/b1841j9/RDK-Service/Monitor/Monitor.h not successfully processed
2025-11-10 16:58:49,597 - Knowledge - INFO - process ingested knowledge for /app/data/T0015/222062/b1841j9/RDK-Service/WebKitBrowser/InjectedBundle/ClassDefinition.h
2025-11-10 16:58:49,709 - Knowledge - INFO - Worker kw1 processing /app/data/T0015/222062/b1841j9/RDK-Service/WifiManager/impl/WifiManagerWPS.cpp
2025-11-10 16:58:49,835 - Knowledge - INFO - Worker kw13 processing /app/data/T0015/222062/b1841j9/RDK-Service/ContinueWatching/test/Module.h
2025-11-10 16:58:49,920 - Knowledge - WARNING - File /app/data/T0015/222062/b1841j9/RDK-Service/Monitor/Monitor.cpp not successfully processed
2025-11-10 16:58:50,007 - Knowledge - INFO - process ingested knowledge for /app/data/T0015/222062/b1841j9/RDK-Service/WebKitBrowser/InjectedBundle/JavaScriptFunctionType.h
2025-11-10 16:58:50,121 - Knowledge - INFO - Worker kw1 processing /app/data/T0015/222062/b1841j9/RDK-Service/WifiManager/impl/WifiManagerConnect.cpp
2025-11-10 16:58:50,212 - Knowledge - INFO - Fast-tracked /app/data/T0015/222062/b1841j9/RDK-Service/ContinueWatching/test/Module.h (ext=.h, size=834)
2025-11-10 16:58:50,358 - Knowledge - WARNING - File /app/data/T0015/222062/b1841j9/RDK-Service/DeviceDiagnostics/DeviceDiagnostics.cpp not successfully processed
2025-11-10 16:58:50,625 - Knowledge - INFO - process ingested knowledge for /app/data/T0015/222062/b1841j9/RDK-Service/WebKitBrowser/InjectedBundle/JavaScriptFunction.h
2025-11-10 16:58:50,709 - Knowledge - INFO - Worker kw1 processing /app/data/T0015/222062/b1841j9/RDK-Service/WifiManager/impl/WifiManagerScan.h
2025-11-10 16:58:50,789 - Knowledge - INFO - Worker kw13 processing /app/data/T0015/222062/b1841j9/RDK-Service/ContinueWatching/test/CMakeLists.txt
2025-11-10 16:58:50,917 - Knowledge - WARNING - File /app/data/T0015/222062/b1841j9/RDK-Service/AVOutput/AVOutputTV.h not successfully processed
2025-11-10 16:58:50,960 - Knowledge - INFO - process ingested knowledge for /app/data/T0015/222062/b1841j9/RDK-Service/WebKitBrowser/InjectedBundle/RequestHeaders.h
2025-11-10 16:58:51,053 - Knowledge - INFO - Worker kw1 processing /app/data/T0015/222062/b1841j9/RDK-Service/WifiManager/impl/WifiManagerSignalThreshold.h
2025-11-10 16:58:51,150 - Knowledge - INFO - Fast-tracked /app/data/T0015/222062/b1841j9/RDK-Service/ContinueWatching/test/CMakeLists.txt (ext=.txt, size=1321)
2025-11-10 16:58:51,277 - Knowledge - ERROR - Timeout processing /app/data/T0015/222062/b1841j9/RDK-Service/TextToSpeech/TextToSpeechImplementation.cpp after 90s
2025-11-10 16:58:51,289 - Knowledge - INFO - Processing batch of 20 files
2025-11-10 16:58:51,315 - Knowledge - INFO - process ingested knowledge for /app/data/T0015/222062/b1841j9/RDK-Service/WebKitBrowser/InjectedBundle/WhiteListedOriginDomainsList.h
2025-11-10 16:58:51,406 - Knowledge - INFO - Worker kw1 processing /app/data/T0015/222062/b1841j9/RDK-Service/WifiManager/WifiPlugin.json
2025-11-10 16:58:51,499 - Knowledge - INFO - Worker kw13 processing /app/data/T0015/222062/b1841j9/RDK-Service/ContinueWatching/ContinueWatching.h
2025-11-10 16:58:51,589 - Knowledge - ERROR - Timeout processing /app/data/T0015/222062/b1841j9/RDK-Service/l2tests.cmake after 90s
2025-11-10 16:58:51,671 - Knowledge - INFO - process ingested knowledge for /app/data/T0015/222062/b1841j9/RDK-Service/Monitor/Monitor.json
2025-11-10 16:58:51,751 - Knowledge - INFO - process ingested knowledge for /app/data/T0015/222062/b1841j9/RDK-Service/WebKitBrowser/InjectedBundle/AAMPJSBindings.cpp
2025-11-10 16:58:51,846 - Knowledge - INFO - Fast-tracked /app/data/T0015/222062/b1841j9/RDK-Service/WifiManager/WifiPlugin.json (ext=.json, size=453)
2025-11-10 16:58:51,937 - Knowledge - INFO - Worker kw13 processing /app/data/T0015/222062/b1841j9/RDK-Service/ContinueWatching/Module.h
2025-11-10 16:58:52,013 - Knowledge - ERROR - Timeout processing /app/data/T0015/222062/b1841j9/RDK-Service/HdcpProfile/HdcpProfile.h after 90s
2025-11-10 16:58:52,092 - Knowledge - INFO - process ingested knowledge for /app/data/T0015/222062/b1841j9/RDK-Service/Monitor/Module.h
2025-11-10 16:58:52,176 - Knowledge - INFO - process ingested knowledge for /app/data/T0015/222062/b1841j9/RDK-Service/WebKitBrowser/InjectedBundle/Utils.h
2025-11-10 16:58:52,254 - Knowledge - INFO - Worker kw1 processing /app/data/T0015/222062/b1841j9/RDK-Service/WifiManager/CMakeLists.txt
2025-11-10 16:58:52,333 - Knowledge - INFO - Fast-tracked /app/data/T0015/222062/b1841j9/RDK-Service/ContinueWatching/Module.h (ext=.h, size=880)
2025-11-10 16:58:52,407 - Knowledge - ERROR - Timeout processing /app/data/T0015/222062/b1841j9/RDK-Service/HdcpProfile/HdcpProfile.cpp after 90s
2025-11-10 16:58:52,544 - Knowledge - INFO - process ingested knowledge for /app/data/T0015/222062/b1841j9/RDK-Service/Monitor/doc/MonitorPlugin.md
2025-11-10 16:58:52,651 - Knowledge - INFO - process ingested knowledge for /app/data/T0015/222062/b1841j9/RDK-Service/WebKitBrowser/CookieJarCrypto/CookieJarCryptoExample.h
2025-11-10 16:58:52,785 - Knowledge - INFO - Fast-tracked /app/data/T0015/222062/b1841j9/RDK-Service/WifiManager/CMakeLists.txt (ext=.txt, size=1872)
2025-11-10 16:58:52,861 - Knowledge - INFO - Worker kw13 processing /app/data/T0015/222062/b1841j9/RDK-Service/ContinueWatching/ContinueWatching.json
2025-11-10 16:58:52,935 - Knowledge - ERROR - Timeout processing /app/data/T0015/222062/b1841j9/RDK-Service/UnifiedCASManagement/LibMediaPlayerImpl.h after 90s
2025-11-10 16:58:53,041 - Knowledge - INFO - process ingested knowledge for /app/data/T0015/222062/b1841j9/RDK-Service/Monitor/CMakeLists.txt
2025-11-10 16:58:53,179 - Knowledge - INFO - Fast-tracked /app/data/T0015/222062/b1841j9/RDK-Service/CloudStore/l0test/CloudStoreImplementationMock.h (small file (2702 bytes))
2025-11-10 16:58:53,432 - Knowledge - INFO - process ingested knowledge for /app/data/T0015/222062/b1841j9/RDK-Service/WebKitBrowser/CookieJarCrypto/CMakeLists.txt
2025-11-10 16:58:53,546 - Knowledge - INFO - Worker kw1 processing /app/data/T0015/222062/b1841j9/RDK-Service/WifiManager/WifiManagerDefines.h
2025-11-10 16:58:53,638 - Knowledge - INFO - Fast-tracked /app/data/T0015/222062/b1841j9/RDK-Service/ContinueWatching/ContinueWatching.json (ext=.json, size=4226)
2025-11-10 16:58:53,720 - Knowledge - ERROR - Timeout processing /app/data/T0015/222062/b1841j9/RDK-Service/UnifiedCASManagement/UnifiedCASManagement.cpp after 90s
2025-11-10 16:58:53,813 - Knowledge - INFO - process ingested knowledge for /app/data/T0015/222062/b1841j9/RDK-Service/Monitor/Module.cpp
2025-11-10 16:58:53,997 - Knowledge - INFO - process ingested knowledge for /app/data/T0015/222062/b1841j9/RDK-Service/WebKitBrowser/Module.h
2025-11-10 16:58:54,071 - Knowledge - INFO - Worker kw1 processing /app/data/T0015/222062/b1841j9/RDK-Service/WifiManager/WifiManagerInterface.h
2025-11-10 16:58:54,144 - Knowledge - INFO - Worker kw13 processing /app/data/T0015/222062/b1841j9/RDK-Service/ContinueWatching/CMakeLists.txt
2025-11-10 16:58:54,268 - Knowledge - ERROR - Timeout processing /app/data/T0015/222062/b1841j9/RDK-Service/UnifiedCASManagement/LibMediaPlayerImpl.cpp after 90s
2025-11-10 16:58:54,359 - Knowledge - ERROR - Timeout processing /app/data/T0015/222062/b1841j9/RDK-Service/Analytics/Implementation/AnalyticsImplementation.h after 90s
2025-11-10 16:58:54,377 - Knowledge - INFO - process ingested knowledge for /app/data/T0015/222062/b1841j9/RDK-Service/Monitor/CHANGELOG.md
2025-11-10 16:58:54,495 - Knowledge - INFO - process ingested knowledge for /app/data/T0015/222062/b1841j9/RDK-Service/WebKitBrowser/WebKitBrowser.json
2025-11-10 16:58:54,584 - Knowledge - INFO - Worker kw1 processing /app/data/T0015/222062/b1841j9/RDK-Service/WifiManager/README.md
2025-11-10 16:58:54,659 - Knowledge - INFO - Fast-tracked /app/data/T0015/222062/b1841j9/RDK-Service/ContinueWatching/CMakeLists.txt (ext=.txt, size=1561)
2025-11-10 16:58:54,764 - Knowledge - WARNING - File /app/data/T0015/222062/b1841j9/RDK-Service/TextToSpeech/TextToSpeechImplementation.cpp not successfully processed
2025-11-10 16:58:54,901 - Knowledge - ERROR - Timeout processing /app/data/T0015/222062/b1841j9/RDK-Service/AVOutput/AVOutputTVHelper.cpp after 90s
2025-11-10 16:58:54,988 - Knowledge - INFO - process ingested knowledge for /app/data/T0015/222062/b1841j9/RDK-Service/Monitor/MonitorPlugin.json
2025-11-10 16:58:55,063 - Knowledge - INFO - process ingested knowledge for /app/data/T0015/222062/b1841j9/RDK-Service/WebKitBrowser/doc/WebKitBrowserPlugin.md
2025-11-10 16:58:55,148 - Knowledge - INFO - Fast-tracked /app/data/T0015/222062/b1841j9/RDK-Service/WifiManager/README.md (ext=.md, size=2263)
2025-11-10 16:58:55,256 - Knowledge - INFO - Worker kw13 processing /app/data/T0015/222062/b1841j9/RDK-Service/ContinueWatching/ContinueWatchingPlugin.json
2025-11-10 16:58:55,378 - Knowledge - WARNING - File /app/data/T0015/222062/b1841j9/RDK-Service/l2tests.cmake not successfully processed
2025-11-10 16:58:55,427 - Knowledge - ERROR - Timeout processing /app/data/T0015/222062/b1841j9/RDK-Service/Analytics/Implementation/LocalStore/DatabaseConnection.cpp after 90s
2025-11-10 16:58:55,557 - Knowledge - INFO - process ingested knowledge for /app/data/T0015/222062/b1841j9/RDK-Service/DeviceDiagnostics/DeviceDiagnostics.json
2025-11-10 16:58:55,649 - Knowledge - INFO - process ingested knowledge for /app/data/T0015/222062/b1841j9/RDK-Service/WebKitBrowser/doc/javascript/CORS/test.html
2025-11-10 16:58:55,734 - Knowledge - INFO - Worker kw1 processing /app/data/T0015/222062/b1841j9/RDK-Service/WifiManager/WifiManager.cpp
2025-11-10 16:58:55,818 - Knowledge - INFO - Fast-tracked /app/data/T0015/222062/b1841j9/RDK-Service/ContinueWatching/ContinueWatchingPlugin.json (ext=.json, size=459)
2025-11-10 16:58:55,928 - Knowledge - WARNING - File /app/data/T0015/222062/b1841j9/RDK-Service/HdcpProfile/HdcpProfile.h not successfully processed
2025-11-10 16:58:55,999 - Knowledge - ERROR - Timeout processing /app/data/T0015/222062/b1841j9/RDK-Service/Analytics/Implementation/LocalStore/LocalStore.cpp after 90s
2025-11-10 16:58:56,085 - Knowledge - INFO - process ingested knowledge for /app/data/T0015/222062/b1841j9/RDK-Service/DeviceDiagnostics/Module.h
2025-11-10 16:58:56,268 - Knowledge - INFO - Worker kw1 processing /app/data/T0015/222062/b1841j9/RDK-Service/WifiManager/Module.cpp
2025-11-10 16:58:56,344 - Knowledge - INFO - Worker kw13 processing /app/data/T0015/222062/b1841j9/RDK-Service/ContinueWatching/README.md
2025-11-10 16:58:56,496 - Knowledge - ERROR - Timeout processing /app/data/T0015/222062/b1841j9/RDK-Service/Analytics/Implementation/LocalStore/DatabaseConnection.h after 90s
2025-11-10 16:58:56,564 - Knowledge - WARNING - File /app/data/T0015/222062/b1841j9/RDK-Service/HdcpProfile/HdcpProfile.cpp not successfully processed
2025-11-10 16:58:56,577 - Knowledge - INFO - process ingested knowledge for /app/data/T0015/222062/b1841j9/RDK-Service/DeviceDiagnostics/DeviceDiagnostics.h
2025-11-10 16:58:56,667 - Knowledge - INFO - Fast-tracked /app/data/T0015/222062/b1841j9/RDK-Service/WifiManager/Module.cpp (ext=.cpp, size=765)
2025-11-10 16:58:56,759 - Knowledge - INFO - Fast-tracked /app/data/T0015/222062/b1841j9/RDK-Service/ContinueWatching/README.md (ext=.md, size=3189)
2025-11-10 16:58:56,841 - Knowledge - ERROR - Timeout processing /app/data/T0015/222062/b1841j9/RDK-Service/Analytics/Implementation/SystemTime/SystemTime.cpp after 90s
2025-11-10 16:58:56,982 - Knowledge - WARNING - File /app/data/T0015/222062/b1841j9/RDK-Service/UnifiedCASManagement/LibMediaPlayerImpl.h not successfully processed
2025-11-10 16:58:57,122 - Knowledge - INFO - process ingested knowledge for /app/data/T0015/222062/b1841j9/RDK-Service/DeviceDiagnostics/CMakeLists.txt
2025-11-10 16:58:57,130 - Knowledge - INFO - Worker kw1 processing /app/data/T0015/222062/b1841j9/RDK-Service/WifiManager/Wifi.json
2025-11-10 16:58:57,259 - Knowledge - INFO - Worker kw13 processing /app/data/T0015/222062/b1841j9/RDK-Service/ContinueWatching/ContinueWatching.cpp
2025-11-10 16:58:57,383 - Knowledge - WARNING - File /app/data/T0015/222062/b1841j9/RDK-Service/AVOutput/AVOutputTVHelper.cpp not successfully processed
2025-11-10 16:58:57,528 - Knowledge - INFO - process ingested knowledge for /app/data/T0015/222062/b1841j9/RDK-Service/DeviceDiagnostics/README.md
2025-11-10 16:58:57,535 - Knowledge - WARNING - File /app/data/T0015/222062/b1841j9/RDK-Service/UnifiedCASManagement/UnifiedCASManagement.cpp not successfully processed
2025-11-10 16:58:57,617 - Knowledge - INFO - Fast-tracked /app/data/T0015/222062/b1841j9/RDK-Service/WifiManager/Wifi.json (ext=.json, size=29249)
2025-11-10 16:58:57,697 - Knowledge - INFO - Worker kw13 processing /app/data/T0015/222062/b1841j9/RDK-Service/ContinueWatching/Module.cpp
2025-11-10 16:58:57,876 - Knowledge - INFO - process ingested knowledge for /app/data/T0015/222062/b1841j9/RDK-Service/DeviceDiagnostics/Module.cpp
2025-11-10 16:58:57,921 - Knowledge - WARNING - File /app/data/T0015/222062/b1841j9/RDK-Service/Analytics/Implementation/LocalStore/DatabaseConnection.cpp not successfully processed
2025-11-10 16:58:58,072 - Knowledge - INFO - Worker kw1 processing /app/data/T0015/222062/b1841j9/RDK-Service/WifiManager/CHANGELOG.md
2025-11-10 16:58:58,153 - Knowledge - WARNING - File /app/data/T0015/222062/b1841j9/RDK-Service/UnifiedCASManagement/LibMediaPlayerImpl.cpp not successfully processed
2025-11-10 16:58:58,160 - Knowledge - INFO - Fast-tracked /app/data/T0015/222062/b1841j9/RDK-Service/ContinueWatching/Module.cpp (ext=.cpp, size=765)
2025-11-10 16:58:58,270 - Knowledge - INFO - process ingested knowledge for /app/data/T0015/222062/b1841j9/RDK-Service/DeviceDiagnostics/CHANGELOG.md
2025-11-10 16:58:58,422 - Knowledge - WARNING - File /app/data/T0015/222062/b1841j9/RDK-Service/Analytics/Implementation/LocalStore/LocalStore.cpp not successfully processed
2025-11-10 16:58:58,439 - Knowledge - INFO - Fast-tracked /app/data/T0015/222062/b1841j9/RDK-Service/WifiManager/CHANGELOG.md (ext=.md, size=2412)
2025-11-10 16:58:58,598 - Knowledge - INFO - Processing batch of 18 files
2025-11-10 16:58:58,640 - Knowledge - INFO - Worker kw13 processing /app/data/T0015/222062/b1841j9/RDK-Service/ContinueWatching/CHANGELOG.md
2025-11-10 16:58:58,773 - Knowledge - INFO - process ingested knowledge for /app/data/T0015/222062/b1841j9/RDK-Service/DeviceDiagnostics/DeviceDiagnosticsPlugin.json
2025-11-10 16:58:58,853 - Knowledge - WARNING - File /app/data/T0015/222062/b1841j9/RDK-Service/Analytics/Implementation/LocalStore/DatabaseConnection.h not successfully processed
2025-11-10 16:58:58,929 - Knowledge - INFO - Worker kw1 processing /app/data/T0015/222062/b1841j9/RDK-Service/ContinueWatching/test/CWTestThunderClient.cpp
2025-11-10 16:58:59,029 - Knowledge - INFO - process ingested knowledge for /app/data/T0015/222062/b1841j9/RDK-Service/TextToSpeech/TextToSpeechPlugin.json
2025-11-10 16:58:59,112 - Knowledge - INFO - Fast-tracked /app/data/T0015/222062/b1841j9/RDK-Service/ContinueWatching/CHANGELOG.md (ext=.md, size=1700)
2025-11-10 16:58:59,196 - Knowledge - INFO - process ingested knowledge for /app/data/T0015/222062/b1841j9/RDK-Service/AVOutput/AVOutput.json
2025-11-10 16:58:59,225 - Knowledge - INFO - [WEBSOCKET] Sent: Type=progress_update, Size: 293, Duration: 0ms
2025-11-10 16:58:59,406 - Knowledge - INFO - Fast-tracked /app/data/T0015/222062/b1841j9/RDK-Service/ContinueWatching/test/CWTestThunderClient.cpp (ext=.cpp, size=3907)
2025-11-10 16:58:59,498 - Knowledge - INFO - process ingested knowledge for /app/data/T0015/222062/b1841j9/RDK-Service/TextToSpeech/Module.cpp
2025-11-10 16:58:59,578 - Knowledge - INFO - Worker kw13 processing /app/data/T0015/222062/b1841j9/RDK-Service/LocationSync/LocationService.h
2025-11-10 16:58:59,658 - Knowledge - INFO - process ingested knowledge for /app/data/T0015/222062/b1841j9/RDK-Service/AVOutput/AVOutputBase.cpp
2025-11-10 16:58:59,735 - Knowledge - INFO - [WEBSOCKET] Sent: Type=unknown, Size: ?, Duration: 510ms
2025-11-10 16:58:59,943 - Knowledge - INFO - process ingested knowledge for /app/data/T0015/222062/b1841j9/RDK-Service/TextToSpeech/CHANGELOG.md
2025-11-10 16:59:00,077 - Knowledge - INFO - Worker kw13 processing /app/data/T0015/222062/b1841j9/RDK-Service/LocationSync/Module.h
2025-11-10 16:59:00,141 - Knowledge - INFO - Fast-tracked /app/data/T0015/222062/b1841j9/RDK-Service/WebKitBrowser/Extension/SecurityAgent.cpp (small file (2252 bytes))
2025-11-10 16:59:00,162 - Knowledge - INFO - process ingested knowledge for /app/data/T0015/222062/b1841j9/RDK-Service/AVOutput/Module.h
2025-11-10 16:59:00,249 - Knowledge - INFO - Progress: 9.7% | Files: 134/1376 | Rate: 0.70 files/sec | Queue: 831
2025-11-10 16:59:00,254 - Knowledge - WARNING - File /app/data/T0015/222062/b1841j9/RDK-Service/Analytics/Implementation/SystemTime/SystemTime.cpp not successfully processed
2025-11-10 16:59:00,324 - Knowledge - INFO - process ingested knowledge for /app/data/T0015/222062/b1841j9/RDK-Service/HdcpProfile/HdcpProfile.json
2025-11-10 16:59:00,416 - Knowledge - INFO - Fast-tracked /app/data/T0015/222062/b1841j9/RDK-Service/LocationSync/Module.h (ext=.h, size=944)
2025-11-10 16:59:00,545 - Knowledge - ERROR - Timeout processing /app/data/T0015/222062/b1841j9/RDK-Service/WebKitBrowser/Testing/westerosfocusmanager.cpp after 90s
2025-11-10 16:59:00,590 - Knowledge - INFO - process ingested knowledge for /app/data/T0015/222062/b1841j9/RDK-Service/AVOutput/AVOutputSTB.cpp
2025-11-10 16:59:00,674 - Knowledge - INFO - [kw18] Queue=831, InProgress=0, PendingWorkers=20/20, Completed=135/1376 (9.8%)
2025-11-10 16:59:00,787 - Knowledge - WARNING - File /app/data/T0015/222062/b1841j9/RDK-Service/Analytics/Implementation/AnalyticsImplementation.h not successfully processed
2025-11-10 16:59:00,872 - Knowledge - INFO - process ingested knowledge for /app/data/T0015/222062/b1841j9/RDK-Service/HdcpProfile/Module.h
2025-11-10 16:59:00,946 - Knowledge - INFO - Worker kw13 processing /app/data/T0015/222062/b1841j9/RDK-Service/LocationSync/LocationSync.h
2025-11-10 16:59:01,024 - Knowledge - ERROR - Timeout processing /app/data/T0015/222062/b1841j9/RDK-Service/WebKitBrowser/Testing/Extension/testrunnerextension.cpp after 90s
2025-11-10 16:59:01,114 - Knowledge - INFO - process ingested knowledge for /app/data/T0015/222062/b1841j9/RDK-Service/AVOutput/AVOutput.h
2025-11-10 16:59:01,231 - Knowledge - INFO - Batch sizing: calculated=20, max_allowed=25, queue=831, active_workers=20/20
2025-11-10 16:59:01,367 - Knowledge - INFO - Processing batch of 19 files
2025-11-10 16:59:01,411 - Knowledge - INFO - process ingested knowledge for /app/data/T0015/222062/b1841j9/RDK-Service/HdcpProfile/CMakeLists.txt
2025-11-10 16:59:01,506 - Knowledge - INFO - Worker kw13 processing /app/data/T0015/222062/b1841j9/RDK-Service/LocationSync/LocationSyncJsonRpc.cpp
2025-11-10 16:59:01,581 - Knowledge - ERROR - Timeout processing /app/data/T0015/222062/b1841j9/RDK-Service/WebKitBrowser/Testing/testrunner.cpp after 90s
2025-11-10 16:59:01,884 - Knowledge - INFO - process ingested knowledge for /app/data/T0015/222062/b1841j9/RDK-Service/AVOutput/CMakeLists.txt
2025-11-10 16:59:01,903 - Knowledge - INFO - Async storing batch of 16 embeddings
2025-11-10 16:59:02,085 - Knowledge - INFO - Worker kw13 processing /app/data/T0015/222062/b1841j9/RDK-Service/LocationSync/CMakeLists.txt
2025-11-10 16:59:02,163 - Knowledge - ERROR - Timeout processing /app/data/T0015/222062/b1841j9/RDK-Service/WebKitBrowser/cmake/FindWPEWebKit.cmake after 90s
2025-11-10 16:59:02,267 - Knowledge - INFO - process ingested knowledge for /app/data/T0015/222062/b1841j9/RDK-Service/HdcpProfile/README.md
2025-11-10 16:59:02,298 - Knowledge - INFO - process ingested knowledge for /app/data/T0015/222062/b1841j9/RDK-Service/AVOutput/AVOutput.cpp
2025-11-10 16:59:02,391 - Knowledge - INFO - Worker kw18 processing /app/data/T0015/222062/b1841j9/RDK-Service/LocationSync/CHANGELOG.md
2025-11-10 16:59:02,486 - Knowledge - INFO - Fast-tracked /app/data/T0015/222062/b1841j9/RDK-Service/LocationSync/CMakeLists.txt (ext=.txt, size=1778)
2025-11-10 16:59:02,561 - Knowledge - ERROR - Timeout processing /app/data/T0015/222062/b1841j9/RDK-Service/WebKitBrowser/LoggingUtils.cpp after 90s
2025-11-10 16:59:02,768 - Knowledge - INFO - process ingested knowledge for /app/data/T0015/222062/b1841j9/RDK-Service/HdcpProfile/HdcpProfilePlugin.json
2025-11-10 16:59:02,769 - Knowledge - INFO - process ingested knowledge for /app/data/T0015/222062/b1841j9/RDK-Service/AVOutput/AVOutputBase.h
2025-11-10 16:59:02,829 - Knowledge - INFO - Fast-tracked /app/data/T0015/222062/b1841j9/RDK-Service/LocationSync/CHANGELOG.md (ext=.md, size=1501)
2025-11-10 16:59:02,948 - Knowledge - INFO - Worker kw13 processing /app/data/T0015/222062/b1841j9/RDK-Service/LocationSync/LocationSync.json
2025-11-10 16:59:03,070 - Knowledge - WARNING - File /app/data/T0015/222062/b1841j9/RDK-Service/WebKitBrowser/Testing/westerosfocusmanager.cpp not successfully processed
2025-11-10 16:59:03,160 - Knowledge - INFO - process ingested knowledge for /app/data/T0015/222062/b1841j9/RDK-Service/HdcpProfile/Module.cpp
2025-11-10 16:59:03,356 - Knowledge - INFO - process ingested knowledge for /app/data/T0015/222062/b1841j9/RDK-Service/AVOutput/AVOutputTV.cpp
2025-11-10 16:59:03,382 - Knowledge - INFO - Worker kw18 processing /app/data/T0015/222062/b1841j9/RDK-Service/LocationSync/LocationSync.cpp
2025-11-10 16:59:03,472 - Knowledge - INFO - Fast-tracked /app/data/T0015/222062/b1841j9/RDK-Service/LocationSync/LocationSync.json (ext=.json, size=2963)
2025-11-10 16:59:03,621 - Knowledge - WARNING - File /app/data/T0015/222062/b1841j9/RDK-Service/WebKitBrowser/Testing/Extension/testrunnerextension.cpp not successfully processed
2025-11-10 16:59:03,739 - Knowledge - INFO - process ingested knowledge for /app/data/T0015/222062/b1841j9/RDK-Service/HdcpProfile/CHANGELOG.md
2025-11-10 16:59:03,747 - Knowledge - INFO - process ingested knowledge for /app/data/T0015/222062/b1841j9/RDK-Service/AVOutput/Module.cpp
2025-11-10 16:59:03,841 - Knowledge - INFO - Worker kw18 processing /app/data/T0015/222062/b1841j9/RDK-Service/MessageControl/Module.h
2025-11-10 16:59:03,929 - Knowledge - INFO - Worker kw13 processing /app/data/T0015/222062/b1841j9/RDK-Service/LocationSync/LocationSyncPlugin.json
2025-11-10 16:59:04,112 - Knowledge - WARNING - File /app/data/T0015/222062/b1841j9/RDK-Service/WebKitBrowser/Testing/testrunner.cpp not successfully processed
2025-11-10 16:59:04,244 - Knowledge - INFO - process ingested knowledge for /app/data/T0015/222062/b1841j9/RDK-Service/UnifiedCASManagement/Module.h
2025-11-10 16:59:04,244 - Knowledge - INFO - process ingested knowledge for /app/data/T0015/222062/b1841j9/RDK-Service/AVOutput/CHANGELOG.md
2025-11-10 16:59:04,301 - Knowledge - INFO - Fast-tracked /app/data/T0015/222062/b1841j9/RDK-Service/MessageControl/Module.h (ext=.h, size=1029)
2025-11-10 16:59:04,418 - Knowledge - INFO - Fast-tracked /app/data/T0015/222062/b1841j9/RDK-Service/LocationSync/LocationSyncPlugin.json (ext=.json, size=1459)
2025-11-10 16:59:04,577 - Knowledge - WARNING - File /app/data/T0015/222062/b1841j9/RDK-Service/WebKitBrowser/cmake/FindWPEWebKit.cmake not successfully processed
2025-11-10 16:59:04,588 - Knowledge - INFO - process ingested knowledge for /app/data/T0015/222062/b1841j9/RDK-Service/UnifiedCASManagement/doc/UnifiedCASManagementService.md
2025-11-10 16:59:04,701 - Knowledge - INFO - process ingested knowledge for /app/data/T0015/222062/b1841j9/RDK-Service/AVOutput/AVOutputSTB.h
2025-11-10 16:59:04,760 - Knowledge - INFO - Worker kw18 processing /app/data/T0015/222062/b1841j9/RDK-Service/MessageControl/MessageControl.h
2025-11-10 16:59:04,853 - Knowledge - INFO - Worker kw13 processing /app/data/T0015/222062/b1841j9/RDK-Service/LocationSync/LocationService.cpp
2025-11-10 16:59:04,963 - Knowledge - WARNING - File /app/data/T0015/222062/b1841j9/RDK-Service/WebKitBrowser/LoggingUtils.cpp not successfully processed
2025-11-10 16:59:05,104 - Knowledge - INFO - process ingested knowledge for /app/data/T0015/222062/b1841j9/RDK-Service/UnifiedCASManagement/CMakeLists.txt
2025-11-10 16:59:05,227 - Knowledge - INFO - process ingested knowledge for /app/data/T0015/222062/b1841j9/RDK-Service/Analytics/Analytics.json
2025-11-10 16:59:05,238 - Knowledge - INFO - Worker kw18 processing /app/data/T0015/222062/b1841j9/RDK-Service/MessageControl/MessageOutput.h
2025-11-10 16:59:05,328 - Knowledge - INFO - Worker kw13 processing /app/data/T0015/222062/b1841j9/RDK-Service/LocationSync/Module.cpp
2025-11-10 16:59:05,404 - Knowledge - INFO - [kw4] Queue=811, InProgress=0, PendingWorkers=20/20, Completed=148/1376 (10.8%)
2025-11-10 16:59:05,475 - Knowledge - INFO - Processing batch of 15 files
2025-11-10 16:59:05,527 - Knowledge - INFO - process ingested knowledge for /app/data/T0015/222062/b1841j9/RDK-Service/UnifiedCASManagement/UnifiedCASManagement.h
2025-11-10 16:59:05,622 - Knowledge - INFO - process ingested knowledge for /app/data/T0015/222062/b1841j9/RDK-Service/Analytics/Module.h
2025-11-10 16:59:05,726 - Knowledge - INFO - Worker kw18 processing /app/data/T0015/222062/b1841j9/RDK-Service/MessageControl/CMakeLists.txt
2025-11-10 16:59:05,816 - Knowledge - INFO - Fast-tracked /app/data/T0015/222062/b1841j9/RDK-Service/LocationSync/Module.cpp (ext=.cpp, size=781)
2025-11-10 16:59:05,893 - Knowledge - INFO - Batch sizing: calculated=20, max_allowed=25, queue=811, active_workers=20/20
2025-11-10 16:59:05,971 - Knowledge - INFO - process ingested knowledge for /app/data/T0015/222062/b1841j9/RDK-Service/WebKitBrowser/Testing/testrunner.h
2025-11-10 16:59:06,052 - Knowledge - INFO - process ingested knowledge for /app/data/T0015/222062/b1841j9/RDK-Service/UnifiedCASManagement/MediaPlayer.h
2025-11-10 16:59:06,161 - Knowledge - INFO - process ingested knowledge for /app/data/T0015/222062/b1841j9/RDK-Service/Analytics/Implementation/Backend/AnalyticsBackendLoader.cpp
2025-11-10 16:59:06,247 - Knowledge - INFO - Fast-tracked /app/data/T0015/222062/b1841j9/RDK-Service/MessageControl/CMakeLists.txt (ext=.txt, size=2202)
2025-11-10 16:59:06,453 - Knowledge - INFO - Async storing batch of 20 embeddings
2025-11-10 16:59:06,530 - Knowledge - INFO - process ingested knowledge for /app/data/T0015/222062/b1841j9/RDK-Service/WebKitBrowser/Testing/mockfocusmanager.cpp
2025-11-10 16:59:06,616 - Knowledge - INFO - process ingested knowledge for /app/data/T0015/222062/b1841j9/RDK-Service/UnifiedCASManagement/Module.cpp
2025-11-10 16:59:06,718 - Knowledge - INFO - process ingested knowledge for /app/data/T0015/222062/b1841j9/RDK-Service/Analytics/Implementation/Backend/CMakeLists.txt
2025-11-10 16:59:06,792 - Knowledge - INFO - Worker kw18 processing /app/data/T0015/222062/b1841j9/RDK-Service/MessageControl/MessageControlPlugin.json
2025-11-10 16:59:06,892 - Knowledge - INFO - Worker kw4 processing /app/data/T0015/222062/b1841j9/RDK-Service/Bluetooth/Bluetooth.cpp
2025-11-10 16:59:06,986 - Knowledge - INFO - process ingested knowledge for /app/data/T0015/222062/b1841j9/RDK-Service/WebKitBrowser/Testing/CMakeLists.txt
2025-11-10 16:59:07,068 - Knowledge - INFO - process ingested knowledge for /app/data/T0015/222062/b1841j9/RDK-Service/UnifiedCASManagement/CHANGELOG.md
2025-11-10 16:59:07,156 - Knowledge - INFO - process ingested knowledge for /app/data/T0015/222062/b1841j9/RDK-Service/Analytics/Implementation/Backend/AnalyticsBackendLoader.h
2025-11-10 16:59:07,237 - Knowledge - INFO - Fast-tracked /app/data/T0015/222062/b1841j9/RDK-Service/MessageControl/MessageControlPlugin.json (ext=.json, size=1729)
2025-11-10 16:59:07,339 - Knowledge - INFO - Worker kw4 processing /app/data/T0015/222062/b1841j9/RDK-Service/Bluetooth/Module.cpp
2025-11-10 16:59:07,424 - Knowledge - INFO - process ingested knowledge for /app/data/T0015/222062/b1841j9/RDK-Service/WebKitBrowser/Testing/focusmanager.h
2025-11-10 16:59:07,548 - Knowledge - INFO - process ingested knowledge for /app/data/T0015/222062/b1841j9/RDK-Service/UnifiedCASManagement/UnifiedCASManagementPlugin.json
2025-11-10 16:59:07,664 - Knowledge - INFO - process ingested knowledge for /app/data/T0015/222062/b1841j9/RDK-Service/Analytics/Implementation/LocalStore/DatabaseInterface.h
2025-11-10 16:59:07,752 - Knowledge - INFO - Worker kw18 processing /app/data/T0015/222062/b1841j9/RDK-Service/MessageControl/MessageControlImplementation.cpp
2025-11-10 16:59:07,833 - Knowledge - INFO - Fast-tracked /app/data/T0015/222062/b1841j9/RDK-Service/Bluetooth/Module.cpp (ext=.cpp, size=765)
2025-11-10 16:59:07,929 - Knowledge - INFO - process ingested knowledge for /app/data/T0015/222062/b1841j9/RDK-Service/WebKitBrowser/Testing/tags.h
2025-11-10 16:59:08,154 - Knowledge - INFO - process ingested knowledge for /app/data/T0015/222062/b1841j9/RDK-Service/Analytics/Implementation/LocalStore/CMakeLists.txt
2025-11-10 16:59:08,188 - Knowledge - INFO - Worker kw18 processing /app/data/T0015/222062/b1841j9/RDK-Service/MessageControl/Module.cpp
2025-11-10 16:59:08,278 - Knowledge - INFO - Worker kw4 processing /app/data/T0015/222062/b1841j9/RDK-Service/Bluetooth/CHANGELOG.md
2025-11-10 16:59:08,356 - Knowledge - INFO - process ingested knowledge for /app/data/T0015/222062/b1841j9/RDK-Service/WebKitBrowser/Testing/Extension/TestRunnerJS.h
2025-11-10 16:59:08,461 - Knowledge - INFO - process ingested knowledge for /app/data/T0015/222062/b1841j9/RDK-Service/Analytics/Implementation/LocalStore/LocalStore.h
2025-11-10 16:59:08,556 - Knowledge - INFO - Fast-tracked /app/data/T0015/222062/b1841j9/RDK-Service/MessageControl/Module.cpp (ext=.cpp, size=781)
2025-11-10 16:59:08,649 - Knowledge - INFO - Fast-tracked /app/data/T0015/222062/b1841j9/RDK-Service/Bluetooth/CHANGELOG.md (ext=.md, size=2714)
2025-11-10 16:59:08,726 - Knowledge - INFO - process ingested knowledge for /app/data/T0015/222062/b1841j9/RDK-Service/WebKitBrowser/CMakeLists.txt
2025-11-10 16:59:08,828 - Knowledge - INFO - process ingested knowledge for /app/data/T0015/222062/b1841j9/RDK-Service/Analytics/Implementation/SystemTime/SystemTime.h
2025-11-10 16:59:08,903 - Knowledge - INFO - Worker kw18 processing /app/data/T0015/222062/b1841j9/RDK-Service/MessageControl/MessageControl.cpp
2025-11-10 16:59:08,991 - Knowledge - INFO - Worker kw4 processing /app/data/T0015/222062/b1841j9/RDK-Service/LEDControl/Module.h
2025-11-10 16:59:09,165 - Knowledge - INFO - process ingested knowledge for /app/data/T0015/222062/b1841j9/RDK-Service/WebKitBrowser/LoggingUtils.h
2025-11-10 16:59:09,172 - Knowledge - INFO - process ingested knowledge for /app/data/T0015/222062/b1841j9/RDK-Service/Analytics/Implementation/SystemTime/CMakeLists.txt
2025-11-10 16:59:09,251 - Knowledge - INFO - Worker kw18 processing /app/data/T0015/222062/b1841j9/RDK-Service/MessageControl/CHANGELOG.md
2025-11-10 16:59:09,340 - Knowledge - INFO - Fast-tracked /app/data/T0015/222062/b1841j9/RDK-Service/LEDControl/Module.h (ext=.h, size=874)
2025-11-10 16:59:09,355 - Knowledge - INFO - Split /app/data/T0015/222062/b1841j9/RDK-Service/Miracast/MiracastService/MiracastController.cpp (71390 bytes) into 3 chunks of ~32KB
2025-11-10 16:59:09,473 - Knowledge - INFO - process ingested knowledge for /app/data/T0015/222062/b1841j9/RDK-Service/WebKitBrowser/cmake/FindWPEBackend.cmake
2025-11-10 16:59:09,510 - Knowledge - INFO - process ingested knowledge for /app/data/T0015/222062/b1841j9/RDK-Service/Analytics/Implementation/Interfaces/ISystemTime.h
2025-11-10 16:59:09,597 - Knowledge - INFO - Fast-tracked /app/data/T0015/222062/b1841j9/RDK-Service/MessageControl/CHANGELOG.md (ext=.md, size=1260)
2025-11-10 16:59:09,719 - Knowledge - INFO - Worker kw4 processing /app/data/T0015/222062/b1841j9/RDK-Service/LEDControl/LEDControl.h
2025-11-10 16:59:09,947 - Knowledge - INFO - process ingested knowledge for /app/data/T0015/222062/b1841j9/RDK-Service/WebKitBrowser/cmake/FindAampJSBindings.cmake
2025-11-10 16:59:10,089 - Knowledge - ERROR - Timeout processing /app/data/T0015/222062/b1841j9/RDK-Service/DisplayInfo/DisplayInfo.cpp after 90s
2025-11-10 16:59:10,106 - Knowledge - INFO - Worker kw18 processing /app/data/T0015/222062/b1841j9/RDK-Service/MessageControl/MessageOutput.cpp
2025-11-10 16:59:10,140 - Knowledge - INFO - process ingested knowledge for /app/data/T0015/222062/b1841j9/RDK-Service/Analytics/Implementation/Interfaces/ILocalStore.h
2025-11-10 16:59:10,198 - Knowledge - INFO - Worker kw4 processing /app/data/T0015/222062/b1841j9/RDK-Service/LEDControl/LEDControl.json
2025-11-10 16:59:10,284 - Knowledge - ERROR - Timeout processing /app/data/T0015/222062/b1841j9/RDK-Service/WebKitBrowser/Extension/WhiteListedOriginDomainsList.cpp after 90s
2025-11-10 16:59:10,312 - Knowledge - INFO - process ingested knowledge for /app/data/T0015/222062/b1841j9/RDK-Service/WebKitBrowser/WebKitBrowserPlugin.json
2025-11-10 16:59:10,372 - Knowledge - ERROR - Timeout processing /app/data/T0015/222062/b1841j9/RDK-Service/DisplayInfo/RPI/PlatformImplementation.cpp after 90s
2025-11-10 16:59:10,470 - Knowledge - INFO - Worker kw18 processing /app/data/T0015/222062/b1841j9/RDK-Service/broadcom.cmake
2025-11-10 16:59:10,663 - Knowledge - INFO - Fast-tracked /app/data/T0015/222062/b1841j9/RDK-Service/LEDControl/LEDControl.json (ext=.json, size=2742)
2025-11-10 16:59:10,706 - Knowledge - INFO - [kw3] Queue=791, InProgress=0, PendingWorkers=20/20, Completed=152/1376 (11.0%)
2025-11-10 16:59:10,753 - Knowledge - ERROR - Timeout processing /app/data/T0015/222062/b1841j9/RDK-Service/WebKitBrowser/Extension/RequestHeaders.cpp after 90s
2025-11-10 16:59:10,832 - Knowledge - INFO - process ingested knowledge for /app/data/T0015/222062/b1841j9/RDK-Service/WebKitBrowser/Tags.h
2025-11-10 16:59:10,861 - Knowledge - INFO - Fast-tracked /app/data/T0015/222062/b1841j9/RDK-Service/DisplayInfo/DeviceSettings/Amlogic/kms.h (small file (3053 bytes))
2025-11-10 16:59:10,918 - Knowledge - ERROR - Timeout processing /app/data/T0015/222062/b1841j9/RDK-Service/HdmiCecSink/HdmiCecSink.h after 90s
2025-11-10 16:59:11,040 - Knowledge - INFO - Worker kw18 processing /app/data/T0015/222062/b1841j9/RDK-Service/Bluetooth/Bluetooth.h
2025-11-10 16:59:11,114 - Knowledge - INFO - Worker kw4 processing /app/data/T0015/222062/b1841j9/RDK-Service/LEDControl/CMakeLists.txt
2025-11-10 16:59:11,209 - Knowledge - INFO - Batch sizing: calculated=20, max_allowed=25, queue=791, active_workers=20/20
2025-11-10 16:59:11,282 - Knowledge - ERROR - Timeout processing /app/data/T0015/222062/b1841j9/RDK-Service/WebKitBrowser/Extension/main.cpp after 90s
2025-11-10 16:59:11,448 - Knowledge - INFO - process ingested knowledge for /app/data/T0015/222062/b1841j9/RDK-Service/WebKitBrowser/CookieJar.h
2025-11-10 16:59:11,614 - Knowledge - ERROR - Timeout processing /app/data/T0015/222062/b1841j9/RDK-Service/HdmiInput/HdmiInput.h after 90s
2025-11-10 16:59:11,709 - Knowledge - INFO - Worker kw18 processing /app/data/T0015/222062/b1841j9/RDK-Service/Bluetooth/Module.h
2025-11-10 16:59:11,782 - Knowledge - INFO - Fast-tracked /app/data/T0015/222062/b1841j9/RDK-Service/LEDControl/CMakeLists.txt (ext=.txt, size=2114)
2025-11-10 16:59:11,935 - Knowledge - INFO - Async storing batch of 18 embeddings
2025-11-10 16:59:12,027 - Knowledge - ERROR - Timeout processing /app/data/T0015/222062/b1841j9/RDK-Service/WebKitBrowser/Extension/BridgeObject.cpp after 90s
2025-11-10 16:59:12,120 - Knowledge - INFO - process ingested knowledge for /app/data/T0015/222062/b1841j9/RDK-Service/WebKitBrowser/Extension/AAMPJSBindings.h
2025-11-10 16:59:12,152 - Knowledge - INFO - Fast-tracked /app/data/T0015/222062/b1841j9/RDK-Service/WifiManager/impl/WifiManagerWPS.h (small file (2084 bytes))
2025-11-10 16:59:12,191 - Knowledge - ERROR - Timeout processing /app/data/T0015/222062/b1841j9/RDK-Service/HdmiInput/HdmiInput.cpp after 90s
2025-11-10 16:59:12,295 - Knowledge - INFO - Fast-tracked /app/data/T0015/222062/b1841j9/RDK-Service/Bluetooth/Module.h (ext=.h, size=873)
2025-11-10 16:59:12,408 - Knowledge - INFO - Worker kw4 processing /app/data/T0015/222062/b1841j9/RDK-Service/LEDControl/LEDControlPlugin.json
2025-11-10 16:59:12,501 - Knowledge - INFO - Worker kw3 processing /app/data/T0015/222062/b1841j9/RDK-Service/RemoteActionMapping/cmake/FindIARMBus.cmake
2025-11-10 16:59:12,654 - Knowledge - ERROR - Timeout processing /app/data/T0015/222062/b1841j9/RDK-Service/WebKitBrowser/Extension/AAMPJSBindings.cpp after 90s
2025-11-10 16:59:12,774 - Knowledge - INFO - process ingested knowledge for /app/data/T0015/222062/b1841j9/RDK-Service/WebKitBrowser/Extension/SecurityAgent.cpp
2025-11-10 16:59:12,936 - Knowledge - ERROR - Timeout processing /app/data/T0015/222062/b1841j9/RDK-Service/Network/Network.h after 90s
2025-11-10 16:59:12,944 - Knowledge - INFO - [kw5] Queue=771, InProgress=0, PendingWorkers=20/20, Completed=152/1376 (11.0%)
2025-11-10 16:59:13,028 - Knowledge - INFO - Worker kw18 processing /app/data/T0015/222062/b1841j9/RDK-Service/Bluetooth/Bluetooth.json
2025-11-10 16:59:13,154 - Knowledge - INFO - Fast-tracked /app/data/T0015/222062/b1841j9/RDK-Service/LEDControl/LEDControlPlugin.json (ext=.json, size=484)
2025-11-10 16:59:13,253 - Knowledge - INFO - Fast-tracked /app/data/T0015/222062/b1841j9/RDK-Service/RemoteActionMapping/cmake/FindIARMBus.cmake (ext=.cmake, size=1672)
2025-11-10 16:59:13,346 - Knowledge - ERROR - Timeout processing /app/data/T0015/222062/b1841j9/RDK-Service/WebKitBrowser/WebKitBrowser.cpp after 90s
2025-11-10 16:59:13,523 - Knowledge - WARNING - File /app/data/T0015/222062/b1841j9/RDK-Service/DisplayInfo/DisplayInfo.cpp not successfully processed
2025-11-10 16:59:13,606 - Knowledge - INFO - Batch sizing: calculated=20, max_allowed=25, queue=771, active_workers=20/20
2025-11-10 16:59:13,695 - Knowledge - INFO - Fast-tracked /app/data/T0015/222062/b1841j9/RDK-Service/Bluetooth/Bluetooth.json (ext=.json, size=54044)
2025-11-10 16:59:13,785 - Knowledge - INFO - Worker kw4 processing /app/data/T0015/222062/b1841j9/RDK-Service/LEDControl/Module.cpp
2025-11-10 16:59:13,876 - Knowledge - INFO - Worker kw3 processing /app/data/T0015/222062/b1841j9/RDK-Service/RemoteActionMapping/RamHelper.cpp
2025-11-10 16:59:14,070 - Knowledge - WARNING - File /app/data/T0015/222062/b1841j9/RDK-Service/DisplayInfo/RPI/PlatformImplementation.cpp not successfully processed
2025-11-10 16:59:14,073 - Knowledge - WARNING - File /app/data/T0015/222062/b1841j9/RDK-Service/WebKitBrowser/Extension/WhiteListedOriginDomainsList.cpp not successfully processed
2025-11-10 16:59:14,219 - Knowledge - INFO - Async storing batch of 19 embeddings
2025-11-10 16:59:14,230 - Knowledge - INFO - Worker kw18 processing /app/data/T0015/222062/b1841j9/RDK-Service/Bluetooth/CMakeLists.txt
2025-11-10 16:59:14,334 - Knowledge - INFO - Fast-tracked /app/data/T0015/222062/b1841j9/RDK-Service/LEDControl/Module.cpp (ext=.cpp, size=765)
2025-11-10 16:59:14,421 - Knowledge - INFO - Worker kw3 processing /app/data/T0015/222062/b1841j9/RDK-Service/RemoteActionMapping/RemoteActionMappingPlugin.json
2025-11-10 16:59:14,558 - Knowledge - WARNING - File /app/data/T0015/222062/b1841j9/RDK-Service/HdmiCecSink/HdmiCecSink.h not successfully processed
2025-11-10 16:59:14,725 - Knowledge - WARNING - File /app/data/T0015/222062/b1841j9/RDK-Service/WebKitBrowser/Extension/RequestHeaders.cpp not successfully processed
2025-11-10 16:59:14,746 - Knowledge - INFO - Worker kw5 processing /app/data/T0015/222062/b1841j9/RDK-Service/HdmiCec_2/HDMICec_2.json
2025-11-10 16:59:14,856 - Knowledge - INFO - Fast-tracked /app/data/T0015/222062/b1841j9/RDK-Service/Bluetooth/CMakeLists.txt (ext=.txt, size=1956)
2025-11-10 16:59:14,939 - Knowledge - INFO - Worker kw4 processing /app/data/T0015/222062/b1841j9/RDK-Service/LEDControl/LEDControl.cpp
2025-11-10 16:59:15,043 - Knowledge - INFO - Fast-tracked /app/data/T0015/222062/b1841j9/RDK-Service/RemoteActionMapping/RemoteActionMappingPlugin.json (ext=.json, size=495)
2025-11-10 16:59:15,096 - Knowledge - ERROR - Timeout processing /app/data/T0015/222062/b1841j9/RDK-Service/Analytics/Implementation/AnalyticsImplementation.cpp after 90s
2025-11-10 16:59:15,203 - Knowledge - WARNING - File /app/data/T0015/222062/b1841j9/RDK-Service/HdmiInput/HdmiInput.h not successfully processed
2025-11-10 16:59:15,219 - Knowledge - WARNING - File /app/data/T0015/222062/b1841j9/RDK-Service/WebKitBrowser/Extension/main.cpp not successfully processed
2025-11-10 16:59:15,311 - Knowledge - INFO - Fast-tracked /app/data/T0015/222062/b1841j9/RDK-Service/HdmiCec_2/HDMICec_2.json (ext=.json, size=13376)
2025-11-10 16:59:15,425 - Knowledge - INFO - Worker kw18 processing /app/data/T0015/222062/b1841j9/RDK-Service/Bluetooth/cmake/FindBTMGR.cmake
2025-11-10 16:59:15,452 - Knowledge - INFO - Fast-tracked /app/data/T0015/222062/b1841j9/RDK-Service/WebKitBrowser/InjectedBundle/JavaScriptFunction.cpp (small file (2080 bytes))
2025-11-10 16:59:15,509 - Knowledge - INFO - Worker kw4 processing /app/data/T0015/222062/b1841j9/RDK-Service/LEDControl/CHANGELOG.md
2025-11-10 16:59:15,602 - Knowledge - INFO - Worker kw3 processing /app/data/T0015/222062/b1841j9/RDK-Service/RemoteActionMapping/README.md
2025-11-10 16:59:15,687 - Knowledge - ERROR - Timeout processing /app/data/T0015/222062/b1841j9/RDK-Service/Analytics/Analytics.cpp after 90s
2025-11-10 16:59:15,845 - Knowledge - WARNING - File /app/data/T0015/222062/b1841j9/RDK-Service/HdmiInput/HdmiInput.cpp not successfully processed
2025-11-10 16:59:15,870 - Knowledge - INFO - [WEBSOCKET] Sent: Type=progress_update, Size: 295, Duration: 0ms
2025-11-10 16:59:15,972 - Knowledge - INFO - Worker kw5 processing /app/data/T0015/222062/b1841j9/RDK-Service/HdmiCec_2/CMakeLists.txt
2025-11-10 16:59:16,059 - Knowledge - INFO - Fast-tracked /app/data/T0015/222062/b1841j9/RDK-Service/Bluetooth/cmake/FindBTMGR.cmake (ext=.cmake, size=1591)
2025-11-10 16:59:16,167 - Knowledge - ERROR - Timeout processing /app/data/T0015/222062/b1841j9/RDK-Service/DeviceIdentification/Implementation/Broadcom/Broadcom.cpp after 90s
2025-11-10 16:59:16,221 - Knowledge - INFO - Fast-tracked /app/data/T0015/222062/b1841j9/RDK-Service/LEDControl/CHANGELOG.md (ext=.md, size=1357)
2025-11-10 16:59:16,307 - Knowledge - INFO - Fast-tracked /app/data/T0015/222062/b1841j9/RDK-Service/RemoteActionMapping/README.md (ext=.md, size=5171)
2025-11-10 16:59:16,396 - Knowledge - ERROR - Timeout processing /app/data/T0015/222062/b1841j9/RDK-Service/Miracast/MiracastPlayer/Amlogic/SoC_GstPlayer.cpp after 90s
2025-11-10 16:59:16,567 - Knowledge - INFO - [WEBSOCKET] Sent: Type=unknown, Size: ?, Duration: 697ms
2025-11-10 16:59:16,649 - Knowledge - INFO - Fast-tracked /app/data/T0015/222062/b1841j9/RDK-Service/HdmiCec_2/CMakeLists.txt (ext=.txt, size=1927)
2025-11-10 16:59:16,726 - Knowledge - INFO - Worker kw18 processing /app/data/T0015/222062/b1841j9/RDK-Service/Bluetooth/BluetoothPlugin.json
2025-11-10 16:59:16,809 - Knowledge - ERROR - Timeout processing /app/data/T0015/222062/b1841j9/RDK-Service/DeviceIdentification/DeviceIdentification.cpp after 90s
2025-11-10 16:59:16,887 - Knowledge - INFO - Worker kw4 processing /app/data/T0015/222062/b1841j9/RDK-Service/RemoteActionMapping/test/ramTestClient.cpp
2025-11-10 16:59:16,962 - Knowledge - INFO - Worker kw3 processing /app/data/T0015/222062/b1841j9/RDK-Service/RemoteActionMapping/Module.cpp
2025-11-10 16:59:17,037 - Knowledge - ERROR - Timeout processing /app/data/T0015/222062/b1841j9/RDK-Service/Miracast/MiracastPlayer/MiracastPlayer.cpp after 90s
2025-11-10 16:59:17,118 - Knowledge - INFO - Progress: 12.8% | Files: 178/1376 | Rate: 0.86 files/sec | Queue: 751
2025-11-10 16:59:17,118 - Knowledge - WARNING - File /app/data/T0015/222062/b1841j9/RDK-Service/Network/Network.h not successfully processed
2025-11-10 16:59:17,152 - Knowledge - WARNING - File /app/data/T0015/222062/b1841j9/RDK-Service/WebKitBrowser/Extension/BridgeObject.cpp not successfully processed
2025-11-10 16:59:17,224 - Knowledge - INFO - Worker kw5 processing /app/data/T0015/222062/b1841j9/RDK-Service/HdmiCec_2/HdmiCec_2Plugin.json
2025-11-10 16:59:17,318 - Knowledge - INFO - Fast-tracked /app/data/T0015/222062/b1841j9/RDK-Service/Bluetooth/BluetoothPlugin.json (ext=.json, size=492)
2025-11-10 16:59:17,455 - Knowledge - ERROR - Timeout processing /app/data/T0015/222062/b1841j9/RDK-Service/WebKitBrowser/WebKitBrowser.h after 90s
2025-11-10 16:59:17,555 - Knowledge - INFO - Fast-tracked /app/data/T0015/222062/b1841j9/RDK-Service/RemoteActionMapping/test/ramTestClient.cpp (ext=.cpp, size=47397)
2025-11-10 16:59:17,646 - Knowledge - INFO - Fast-tracked /app/data/T0015/222062/b1841j9/RDK-Service/RemoteActionMapping/Module.cpp (ext=.cpp, size=765)
2025-11-10 16:59:17,722 - Knowledge - ERROR - Timeout processing /app/data/T0015/222062/b1841j9/RDK-Service/Miracast/MiracastPlayer/RTSP/MiracastRTSPMsg.h after 90s
2025-11-10 16:59:17,802 - Knowledge - INFO - [kw19] Queue=751, InProgress=0, PendingWorkers=20/20, Completed=180/1376 (13.1%)
2025-11-10 16:59:17,891 - Knowledge - INFO - Processing batch of 19 files
2025-11-10 16:59:18,008 - Knowledge - WARNING - File /app/data/T0015/222062/b1841j9/RDK-Service/WebKitBrowser/Extension/AAMPJSBindings.cpp not successfully processed
2025-11-10 16:59:18,056 - Knowledge - INFO - Fast-tracked /app/data/T0015/222062/b1841j9/RDK-Service/HdmiCec_2/HdmiCec_2Plugin.json (ext=.json, size=717)
2025-11-10 16:59:18,141 - Knowledge - INFO - Worker kw18 processing /app/data/T0015/222062/b1841j9/RDK-Service/Bluetooth/README.md
2025-11-10 16:59:18,226 - Knowledge - ERROR - Timeout processing /app/data/T0015/222062/b1841j9/RDK-Service/WebKitBrowser/InjectedBundle/ClassDefinition.cpp after 90s
2025-11-10 16:59:18,306 - Knowledge - INFO - Worker kw4 processing /app/data/T0015/222062/b1841j9/RDK-Service/RemoteActionMapping/test/Module.h
2025-11-10 16:59:18,384 - Knowledge - INFO - Worker kw3 processing /app/data/T0015/222062/b1841j9/RDK-Service/RemoteActionMapping/RemoteActionMapping.cpp
2025-11-10 16:59:18,439 - Knowledge - ERROR - Timeout processing /app/data/T0015/222062/b1841j9/RDK-Service/CloudStore/grpc/l2test/StubTest.cpp after 90s
2025-11-10 16:59:18,479 - Knowledge - ERROR - Timeout processing /app/data/T0015/222062/b1841j9/RDK-Service/Miracast/MiracastPlayer/RTSP/MiracastRTSPMsg.cpp after 90s
2025-11-10 16:59:18,563 - Knowledge - INFO - Batch sizing: calculated=20, max_allowed=25, queue=751, active_workers=20/20
2025-11-10 16:59:18,684 - Knowledge - INFO - process ingested knowledge for /app/data/T0015/222062/b1841j9/RDK-Service/DisplayInfo/Module.cpp
2025-11-10 16:59:18,830 - Knowledge - WARNING - File /app/data/T0015/222062/b1841j9/RDK-Service/WebKitBrowser/WebKitBrowser.cpp not successfully processed
2025-11-10 16:59:18,916 - Knowledge - INFO - Worker kw5 processing /app/data/T0015/222062/b1841j9/RDK-Service/HdmiCec_2/README.md
2025-11-10 16:59:19,013 - Knowledge - INFO - Fast-tracked /app/data/T0015/222062/b1841j9/RDK-Service/Bluetooth/README.md (ext=.md, size=8171)
2025-11-10 16:59:19,088 - Knowledge - ERROR - Timeout processing /app/data/T0015/222062/b1841j9/RDK-Service/WebKitBrowser/InjectedBundle/WhiteListedOriginDomainsList.cpp after 90s
2025-11-10 16:59:19,208 - Knowledge - INFO - Fast-tracked /app/data/T0015/222062/b1841j9/RDK-Service/RemoteActionMapping/test/Module.h (ext=.h, size=835)
2025-11-10 16:59:19,289 - Knowledge - INFO - Fast-tracked /app/data/T0015/222062/b1841j9/RDK-Service/RemoteActionMapping/RemoteActionMapping.cpp (ext=.cpp, size=110207)
2025-11-10 16:59:19,371 - Knowledge - ERROR - Timeout processing /app/data/T0015/222062/b1841j9/RDK-Service/CloudStore/grpc/Store2.h after 90s
2025-11-10 16:59:19,446 - Knowledge - ERROR - Timeout processing /app/data/T0015/222062/b1841j9/RDK-Service/Miracast/MiracastPlayer/SoC_GstPlayer.h after 90s
2025-11-10 16:59:19,536 - Knowledge - INFO - Async storing batch of 15 embeddings
2025-11-10 16:59:19,655 - Knowledge - INFO - process ingested knowledge for /app/data/T0015/222062/b1841j9/RDK-Service/DisplayInfo/CHANGELOG.md
2025-11-10 16:59:19,771 - Knowledge - INFO - Processing batch of 14 files
2025-11-10 16:59:19,821 - Knowledge - INFO - Fast-tracked /app/data/T0015/222062/b1841j9/RDK-Service/HdmiCec_2/README.md (ext=.md, size=250)
2025-11-10 16:59:19,982 - Knowledge - ERROR - Timeout processing /app/data/T0015/222062/b1841j9/RDK-Service/WebKitBrowser/InjectedBundle/RequestHeaders.cpp after 90s
2025-11-10 16:59:20,061 - Knowledge - INFO - Worker kw4 processing /app/data/T0015/222062/b1841j9/RDK-Service/RemoteActionMapping/test/CMakeLists.txt
2025-11-10 16:59:20,150 - Knowledge - INFO - Worker kw3 processing /app/data/T0015/222062/b1841j9/RDK-Service/RemoteActionMapping/CHANGELOG.md
2025-11-10 16:59:20,225 - Knowledge - ERROR - Timeout processing /app/data/T0015/222062/b1841j9/RDK-Service/CloudStore/CloudStore.h after 90s
2025-11-10 16:59:20,329 - Knowledge - ERROR - Timeout processing /app/data/T0015/222062/b1841j9/RDK-Service/Miracast/MiracastPlayer/MiracastPlayer.h after 90s
2025-11-10 16:59:20,343 - Knowledge - ERROR - Timeout processing /app/data/T0015/222062/b1841j9/RDK-Service/FireboltMediaPlayer/FireboltMediaPlayer.h after 90s
2025-11-10 16:59:20,426 - Knowledge - INFO - Worker kw19 processing /app/data/T0015/222062/b1841j9/RDK-Service/OCIContainer/Module.cpp
2025-11-10 16:59:20,518 - Knowledge - INFO - process ingested knowledge for /app/data/T0015/222062/b1841j9/RDK-Service/HdmiCecSink/Module.h
2025-11-10 16:59:20,630 - Knowledge - INFO - process ingested knowledge for /app/data/T0015/222062/b1841j9/RDK-Service/WebKitBrowser/Extension/NotifyWPEFramework.cpp
2025-11-10 16:59:20,716 - Knowledge - INFO - Worker kw5 processing /app/data/T0015/222062/b1841j9/RDK-Service/HdmiCec_2/Module.cpp
2025-11-10 16:59:20,810 - Knowledge - ERROR - Timeout processing /app/data/T0015/222062/b1841j9/RDK-Service/WebKitBrowser/InjectedBundle/main.cpp after 90s
2025-11-10 16:59:20,889 - Knowledge - INFO - Fast-tracked /app/data/T0015/222062/b1841j9/RDK-Service/RemoteActionMapping/test/CMakeLists.txt (ext=.txt, size=1476)
2025-11-10 16:59:20,971 - Knowledge - INFO - Fast-tracked /app/data/T0015/222062/b1841j9/RDK-Service/RemoteActionMapping/CHANGELOG.md (ext=.md, size=2101)
2025-11-10 16:59:21,057 - Knowledge - ERROR - Timeout processing /app/data/T0015/222062/b1841j9/RDK-Service/CloudStore/CloudStore.cpp after 90s
2025-11-10 16:59:21,162 - Knowledge - WARNING - File /app/data/T0015/222062/b1841j9/RDK-Service/Analytics/Implementation/AnalyticsImplementation.cpp not successfully processed
2025-11-10 16:59:21,253 - Knowledge - ERROR - Timeout processing /app/data/T0015/222062/b1841j9/RDK-Service/FireboltMediaPlayer/FireboltMediaPlayer.cpp after 90s
2025-11-10 16:59:21,369 - Knowledge - INFO - Fast-tracked /app/data/T0015/222062/b1841j9/RDK-Service/OCIContainer/Module.cpp (ext=.cpp, size=62)
2025-11-10 16:59:21,452 - Knowledge - INFO - process ingested knowledge for /app/data/T0015/222062/b1841j9/RDK-Service/HdmiCecSink/HdmiCecSink.json
2025-11-10 16:59:21,556 - Knowledge - ERROR - Timeout processing /app/data/T0015/222062/b1841j9/RDK-Service/SystemAudioPlayer/impl/AudioPlayer.cpp after 90s
2025-11-10 16:59:21,564 - Knowledge - INFO - process ingested knowledge for /app/data/T0015/222062/b1841j9/RDK-Service/WebKitBrowser/Extension/Module.h
2025-11-10 16:59:21,651 - Knowledge - INFO - Fast-tracked /app/data/T0015/222062/b1841j9/RDK-Service/HdmiCec_2/Module.cpp (ext=.cpp, size=765)
2025-11-10 16:59:21,739 - Knowledge - WARNING - File /app/data/T0015/222062/b1841j9/RDK-Service/DeviceIdentification/Implementation/Broadcom/Broadcom.cpp not successfully processed
2025-11-10 16:59:21,862 - Knowledge - INFO - Worker kw4 processing /app/data/T0015/222062/b1841j9/RDK-Service/RemoteActionMapping/Module.h
2025-11-10 16:59:21,942 - Knowledge - INFO - Worker kw3 processing /app/data/T0015/222062/b1841j9/RDK-Service/Packager/Packager.h
2025-11-10 16:59:22,024 - Knowledge - ERROR - Timeout processing /app/data/T0015/222062/b1841j9/RDK-Service/FireboltMediaPlayer/impl/AampMediaPlayer/AampEventListener.cpp after 90s
2025-11-10 16:59:22,140 - Knowledge - WARNING - File /app/data/T0015/222062/b1841j9/RDK-Service/Analytics/Analytics.cpp not successfully processed
2025-11-10 16:59:22,222 - Knowledge - ERROR - Timeout processing /app/data/T0015/222062/b1841j9/RDK-Service/Cryptography/CryptographyExtAccess.cpp after 90s
2025-11-10 16:59:22,346 - Knowledge - INFO - Worker kw19 processing /app/data/T0015/222062/b1841j9/RDK-Service/OCIContainer/CHANGELOG.md
2025-11-10 16:59:22,459 - Knowledge - INFO - process ingested knowledge for /app/data/T0015/222062/b1841j9/RDK-Service/HdmiCecSink/CMakeLists.txt
2025-11-10 16:59:22,564 - Knowledge - ERROR - Timeout processing /app/data/T0015/222062/b1841j9/RDK-Service/SystemAudioPlayer/impl/WebSocketClientImpl.h after 90s
2025-11-10 16:59:22,681 - Knowledge - INFO - process ingested knowledge for /app/data/T0015/222062/b1841j9/RDK-Service/WebKitBrowser/Extension/ProcessInfo.cpp
2025-11-10 16:59:22,788 - Knowledge - INFO - Worker kw5 processing /app/data/T0015/222062/b1841j9/RDK-Service/HdmiCec_2/CHANGELOG.md
2025-11-10 16:59:22,890 - Knowledge - WARNING - File /app/data/T0015/222062/b1841j9/RDK-Service/DeviceIdentification/DeviceIdentification.cpp not successfully processed
2025-11-10 16:59:22,969 - Knowledge - INFO - Fast-tracked /app/data/T0015/222062/b1841j9/RDK-Service/RemoteActionMapping/Module.h (ext=.h, size=883)
2025-11-10 16:59:23,060 - Knowledge - INFO - Worker kw3 processing /app/data/T0015/222062/b1841j9/RDK-Service/Packager/Module.h
2025-11-10 16:59:23,174 - Knowledge - ERROR - Timeout processing /app/data/T0015/222062/b1841j9/RDK-Service/FireboltMediaPlayer/impl/AampMediaPlayer/AampMediaStream.cpp after 90s
2025-11-10 16:59:23,316 - Knowledge - WARNING - File /app/data/T0015/222062/b1841j9/RDK-Service/Miracast/MiracastPlayer/Amlogic/SoC_GstPlayer.cpp not successfully processed
2025-11-10 16:59:23,353 - Knowledge - ERROR - Timeout processing /app/data/T0015/222062/b1841j9/RDK-Service/Cryptography/CryptographyRPC.cpp after 90s
2025-11-10 16:59:23,446 - Knowledge - INFO - Fast-tracked /app/data/T0015/222062/b1841j9/RDK-Service/OCIContainer/CHANGELOG.md (ext=.md, size=1736)
2025-11-10 16:59:23,516 - Knowledge - INFO - process ingested knowledge for /app/data/T0015/222062/b1841j9/RDK-Service/HdmiCecSink/HdmiCecSinkPlugin.json
2025-11-10 16:59:23,604 - Knowledge - ERROR - Timeout processing /app/data/T0015/222062/b1841j9/RDK-Service/SystemAudioPlayer/impl/logger.cpp after 90s
2025-11-10 16:59:23,740 - Knowledge - INFO - process ingested knowledge for /app/data/T0015/222062/b1841j9/RDK-Service/WebKitBrowser/Extension/BridgeObject.h
2025-11-10 16:59:23,822 - Knowledge - INFO - Fast-tracked /app/data/T0015/222062/b1841j9/RDK-Service/HdmiCec_2/CHANGELOG.md (ext=.md, size=2580)
2025-11-10 16:59:23,970 - Knowledge - WARNING - File /app/data/T0015/222062/b1841j9/RDK-Service/WebKitBrowser/WebKitBrowser.h not successfully processed
2025-11-10 16:59:24,030 - Knowledge - INFO - Worker kw4 processing /app/data/T0015/222062/b1841j9/RDK-Service/RemoteActionMapping/RemoteActionMapping.h
2025-11-10 16:59:24,121 - Knowledge - INFO - Fast-tracked /app/data/T0015/222062/b1841j9/RDK-Service/Packager/Module.h (ext=.h, size=984)
2025-11-10 16:59:24,214 - Knowledge - WARNING - File /app/data/T0015/222062/b1841j9/RDK-Service/CloudStore/grpc/l2test/StubTest.cpp not successfully processed
2025-11-10 16:59:24,301 - Knowledge - WARNING - File /app/data/T0015/222062/b1841j9/RDK-Service/Miracast/MiracastPlayer/MiracastPlayer.cpp not successfully processed
2025-11-10 16:59:24,393 - Knowledge - ERROR - Timeout processing /app/data/T0015/222062/b1841j9/RDK-Service/Cryptography/CryptographyExtAccess.h after 90s
2025-11-10 16:59:24,481 - Knowledge - INFO - Worker kw19 processing /app/data/T0015/222062/b1841j9/RDK-Service/OCIContainer/OCIContainer.cpp
2025-11-10 16:59:24,567 - Knowledge - INFO - process ingested knowledge for /app/data/T0015/222062/b1841j9/RDK-Service/HdmiCecSink/README.md
2025-11-10 16:59:24,685 - Knowledge - ERROR - Timeout processing /app/data/T0015/222062/b1841j9/RDK-Service/SystemAudioPlayer/impl/AudioPlayer.h after 90s
2025-11-10 16:59:24,762 - Knowledge - INFO - process ingested knowledge for /app/data/T0015/222062/b1841j9/RDK-Service/WebKitBrowser/Extension/Milestone.h
2025-11-10 16:59:24,835 - Knowledge - INFO - Worker kw5 processing /app/data/T0015/222062/b1841j9/RDK-Service/HdmiCec_2/HdmiCec_2.cpp
2025-11-10 16:59:24,964 - Knowledge - WARNING - File /app/data/T0015/222062/b1841j9/RDK-Service/WebKitBrowser/InjectedBundle/ClassDefinition.cpp not successfully processed
2025-11-10 16:59:25,033 - Knowledge - INFO - Worker kw4 processing /app/data/T0015/222062/b1841j9/RDK-Service/RemoteActionMapping/RamHelper.h
2025-11-10 16:59:25,112 - Knowledge - INFO - Worker kw3 processing /app/data/T0015/222062/b1841j9/RDK-Service/Packager/PackagerImplementation.h
2025-11-10 16:59:25,190 - Knowledge - WARNING - File /app/data/T0015/222062/b1841j9/RDK-Service/CloudStore/grpc/Store2.h not successfully processed
2025-11-10 16:59:25,284 - Knowledge - WARNING - File /app/data/T0015/222062/b1841j9/RDK-Service/Miracast/MiracastPlayer/RTSP/MiracastRTSPMsg.h not successfully processed
2025-11-10 16:59:25,391 - Knowledge - ERROR - Timeout processing /app/data/T0015/222062/b1841j9/RDK-Service/DeviceInfo/DeviceInfoJsonRpc.cpp after 90s
2025-11-10 16:59:25,477 - Knowledge - INFO - Worker kw19 processing /app/data/T0015/222062/b1841j9/RDK-Service/HdmiCecSource/HdmiCecSource.h
2025-11-10 16:59:25,569 - Knowledge - INFO - process ingested knowledge for /app/data/T0015/222062/b1841j9/RDK-Service/HdmiCecSink/HdmiCecSink.cpp
2025-11-10 16:59:25,643 - Knowledge - ERROR - Timeout processing /app/data/T0015/222062/b1841j9/RDK-Service/SystemAudioPlayer/SystemAudioPlayer.h after 90s
2025-11-10 16:59:25,752 - Knowledge - INFO - process ingested knowledge for /app/data/T0015/222062/b1841j9/RDK-Service/WebKitBrowser/Extension/CMakeLists.txt
2025-11-10 16:59:25,844 - Knowledge - INFO - Worker kw5 processing /app/data/T0015/222062/b1841j9/RDK-Service/OCIContainer/test/DobbySpecs/helloworld.json
2025-11-10 16:59:25,977 - Knowledge - WARNING - File /app/data/T0015/222062/b1841j9/RDK-Service/WebKitBrowser/InjectedBundle/WhiteListedOriginDomainsList.cpp not successfully processed
2025-11-10 16:59:25,998 - Knowledge - INFO - Worker kw4 processing /app/data/T0015/222062/b1841j9/RDK-Service/RemoteActionMapping/RemoteActionMapping.json
2025-11-10 16:59:26,074 - Knowledge - INFO - Worker kw3 processing /app/data/T0015/222062/b1841j9/RDK-Service/Packager/Packager.json
2025-11-10 16:59:26,148 - Knowledge - WARNING - File /app/data/T0015/222062/b1841j9/RDK-Service/CloudStore/CloudStore.h not successfully processed
2025-11-10 16:59:26,227 - Knowledge - WARNING - File /app/data/T0015/222062/b1841j9/RDK-Service/Miracast/MiracastPlayer/RTSP/MiracastRTSPMsg.cpp not successfully processed
2025-11-10 16:59:26,359 - Knowledge - ERROR - Timeout processing /app/data/T0015/222062/b1841j9/RDK-Service/DeviceInfo/DeviceInfo.h after 90s
2025-11-10 16:59:26,447 - Knowledge - INFO - Worker kw19 processing /app/data/T0015/222062/b1841j9/RDK-Service/HdmiCecSource/Module.h
2025-11-10 16:59:26,515 - Knowledge - INFO - process ingested knowledge for /app/data/T0015/222062/b1841j9/RDK-Service/HdmiCecSink/Module.cpp
2025-11-10 16:59:26,586 - Knowledge - ERROR - Timeout processing /app/data/T0015/222062/b1841j9/RDK-Service/SystemAudioPlayer/SystemAudioPlayer.cpp after 90s
2025-11-10 16:59:26,669 - Knowledge - INFO - process ingested knowledge for /app/data/T0015/222062/b1841j9/RDK-Service/WebKitBrowser/Extension/Milestone.cpp
2025-11-10 16:59:26,768 - Knowledge - INFO - Fast-tracked /app/data/T0015/222062/b1841j9/RDK-Service/OCIContainer/test/DobbySpecs/helloworld.json (ext=.json, size=480)
2025-11-10 16:59:26,874 - Knowledge - WARNING - File /app/data/T0015/222062/b1841j9/RDK-Service/WebKitBrowser/InjectedBundle/RequestHeaders.cpp not successfully processed
2025-11-10 16:59:26,950 - Knowledge - INFO - Fast-tracked /app/data/T0015/222062/b1841j9/RDK-Service/RemoteActionMapping/RemoteActionMapping.json (ext=.json, size=19165)
2025-11-10 16:59:27,054 - Knowledge - INFO - Fast-tracked /app/data/T0015/222062/b1841j9/RDK-Service/Packager/Packager.json (ext=.json, size=2343)
2025-11-10 16:59:27,124 - Knowledge - ERROR - Timeout processing /app/data/T0015/222062/b1841j9/RDK-Service/DeviceInfo/Implementation/DeviceInfo.cpp after 90s
2025-11-10 16:59:27,131 - Knowledge - WARNING - File /app/data/T0015/222062/b1841j9/RDK-Service/CloudStore/CloudStore.cpp not successfully processed
2025-11-10 16:59:27,213 - Knowledge - WARNING - File /app/data/T0015/222062/b1841j9/RDK-Service/Miracast/MiracastPlayer/SoC_GstPlayer.h not successfully processed
2025-11-10 16:59:27,296 - Knowledge - ERROR - Timeout processing /app/data/T0015/222062/b1841j9/RDK-Service/DeviceInfo/Implementation/DeviceVideoCapabilities.cpp after 90s
2025-11-10 16:59:27,385 - Knowledge - INFO - Fast-tracked /app/data/T0015/222062/b1841j9/RDK-Service/HdmiCecSource/Module.h (ext=.h, size=877)
2025-11-10 16:59:27,474 - Knowledge - INFO - process ingested knowledge for /app/data/T0015/222062/b1841j9/RDK-Service/HdmiCecSink/CHANGELOG.md
2025-11-10 16:59:27,571 - Knowledge - ERROR - Timeout processing /app/data/T0015/222062/b1841j9/RDK-Service/SystemAudioPlayer/SystemAudioPlayerImplementation.cpp after 90s
2025-11-10 16:59:27,677 - Knowledge - INFO - process ingested knowledge for /app/data/T0015/222062/b1841j9/RDK-Service/WebKitBrowser/Extension/ProcessInfo.h
2025-11-10 16:59:27,758 - Knowledge - INFO - Worker kw5 processing /app/data/T0015/222062/b1841j9/RDK-Service/OCIContainer/test/DobbySpecs/sleepy.json
2025-11-10 16:59:27,841 - Knowledge - WARNING - File /app/data/T0015/222062/b1841j9/RDK-Service/WebKitBrowser/InjectedBundle/main.cpp not successfully processed
2025-11-10 16:59:27,920 - Knowledge - INFO - Worker kw4 processing /app/data/T0015/222062/b1841j9/RDK-Service/RemoteActionMapping/CMakeLists.txt
2025-11-10 16:59:28,009 - Knowledge - INFO - Worker kw3 processing /app/data/T0015/222062/b1841j9/RDK-Service/Packager/CMakeLists.txt
2025-11-10 16:59:28,093 - Knowledge - ERROR - Timeout processing /app/data/T0015/222062/b1841j9/RDK-Service/DeviceInfo/Implementation/DeviceAudioCapabilities.cpp after 90s
2025-11-10 16:59:28,208 - Knowledge - WARNING - File /app/data/T0015/222062/b1841j9/RDK-Service/FireboltMediaPlayer/impl/AampMediaPlayer/AampEventListener.cpp not successfully processed
2025-11-10 16:59:28,283 - Knowledge - WARNING - File /app/data/T0015/222062/b1841j9/RDK-Service/Miracast/MiracastPlayer/MiracastPlayer.h not successfully processed
2025-11-10 16:59:28,371 - Knowledge - WARNING - File /app/data/T0015/222062/b1841j9/RDK-Service/FireboltMediaPlayer/FireboltMediaPlayer.h not successfully processed
2025-11-10 16:59:28,420 - Knowledge - INFO - Worker kw19 processing /app/data/T0015/222062/b1841j9/RDK-Service/HdmiCecSource/HDMICecSource.json
2025-11-10 16:59:28,500 - Knowledge - INFO - process ingested knowledge for /app/data/T0015/222062/b1841j9/RDK-Service/HdmiInput/Module.h
2025-11-10 16:59:28,528 - Knowledge - INFO - Fast-tracked /app/data/T0015/222062/b1841j9/RDK-Service/DisplayInfo/DeviceSettings/RPI/kms.h (small file (3053 bytes))
2025-11-10 16:59:28,579 - Knowledge - WARNING - File /app/data/T0015/222062/b1841j9/RDK-Service/SystemAudioPlayer/impl/AudioPlayer.cpp not successfully processed
2025-11-10 16:59:28,643 - Knowledge - ERROR - Timeout processing /app/data/T0015/222062/b1841j9/RDK-Service/ScreenCapture/ScreenCapture.h after 90s
2025-11-10 16:59:28,661 - Knowledge - INFO - process ingested knowledge for /app/data/T0015/222062/b1841j9/RDK-Service/WebKitBrowser/Extension/NotifyWPEFramework.h
2025-11-10 16:59:28,792 - Knowledge - INFO - Fast-tracked /app/data/T0015/222062/b1841j9/RDK-Service/OCIContainer/test/DobbySpecs/sleepy.json (ext=.json, size=477)
2025-11-10 16:59:28,950 - Knowledge - INFO - Processing batch of 18 files
2025-11-10 16:59:29,016 - Knowledge - INFO - Fast-tracked /app/data/T0015/222062/b1841j9/RDK-Service/RemoteActionMapping/CMakeLists.txt (ext=.txt, size=2081)
2025-11-10 16:59:29,146 - Knowledge - INFO - Fast-tracked /app/data/T0015/222062/b1841j9/RDK-Service/Packager/CMakeLists.txt (ext=.txt, size=2658)
2025-11-10 16:59:29,225 - Knowledge - ERROR - Timeout processing /app/data/T0015/222062/b1841j9/RDK-Service/DeviceInfo/DeviceInfo.cpp after 90s
2025-11-10 16:59:29,350 - Knowledge - WARNING - File /app/data/T0015/222062/b1841j9/RDK-Service/FireboltMediaPlayer/impl/AampMediaPlayer/AampMediaStream.cpp not successfully processed
2025-11-10 16:59:29,431 - Knowledge - INFO - Processing batch of 17 files
2025-11-10 16:59:29,524 - Knowledge - WARNING - File /app/data/T0015/222062/b1841j9/RDK-Service/FireboltMediaPlayer/FireboltMediaPlayer.cpp not successfully processed
2025-11-10 16:59:29,605 - Knowledge - INFO - Fast-tracked /app/data/T0015/222062/b1841j9/RDK-Service/HdmiCecSource/HDMICecSource.json (ext=.json, size=14944)
2025-11-10 16:59:29,681 - Knowledge - INFO - process ingested knowledge for /app/data/T0015/222062/b1841j9/RDK-Service/HdmiInput/HdmiInput.json
2025-11-10 16:59:29,930 - Knowledge - WARNING - File /app/data/T0015/222062/b1841j9/RDK-Service/SystemAudioPlayer/impl/WebSocketClientImpl.h not successfully processed
2025-11-10 16:59:29,937 - Knowledge - ERROR - Timeout processing /app/data/T0015/222062/b1841j9/RDK-Service/ScreenCapture/Implementation/Realtek/kms.c after 90s
2025-11-10 16:59:30,007 - Knowledge - INFO - process ingested knowledge for /app/data/T0015/222062/b1841j9/RDK-Service/WebKitBrowser/Extension/SecurityAgent.h
2025-11-10 16:59:30,089 - Knowledge - INFO - Worker kw5 processing /app/data/T0015/222062/b1841j9/RDK-Service/OCIContainer/test/DobbySpecs/wget.json
2025-11-10 16:59:30,167 - Knowledge - INFO - process ingested knowledge for /app/data/T0015/222062/b1841j9/RDK-Service/DeviceIdentification/CMakeLists.txt
2025-11-10 16:59:30,252 - Knowledge - INFO - Worker kw4 processing /app/data/T0015/222062/b1841j9/RDK-Service/RemoteActionMapping/cmake/FindCTRLM.cmake
2025-11-10 16:59:30,336 - Knowledge - INFO - Worker kw3 processing /app/data/T0015/222062/b1841j9/RDK-Service/Packager/cmake/FindLibOPKG.cmake
2025-11-10 16:59:30,416 - Knowledge - ERROR - Timeout processing /app/data/T0015/222062/b1841j9/RDK-Service/UsbAccess/UsbAccess.h after 90s
2025-11-10 16:59:30,542 - Knowledge - INFO - Processing batch of 19 files
2025-11-10 16:59:30,613 - Knowledge - INFO - process ingested knowledge for /app/data/T0015/222062/b1841j9/RDK-Service/Analytics/Implementation/Interfaces/IAnalyticsBackend.h
2025-11-10 16:59:30,716 - Knowledge - WARNING - File /app/data/T0015/222062/b1841j9/RDK-Service/Cryptography/CryptographyExtAccess.cpp not successfully processed
2025-11-10 16:59:30,772 - Knowledge - INFO - Worker kw19 processing /app/data/T0015/222062/b1841j9/RDK-Service/HdmiCecSource/CMakeLists.txt
2025-11-10 16:59:30,847 - Knowledge - INFO - process ingested knowledge for /app/data/T0015/222062/b1841j9/RDK-Service/HdmiInput/CMakeLists.txt
2025-11-10 16:59:30,932 - Knowledge - WARNING - File /app/data/T0015/222062/b1841j9/RDK-Service/SystemAudioPlayer/impl/logger.cpp not successfully processed
2025-11-10 16:59:31,052 - Knowledge - ERROR - Timeout processing /app/data/T0015/222062/b1841j9/RDK-Service/ScreenCapture/Implementation/Realtek/Realtek.cpp after 90s
2025-11-10 16:59:31,146 - Knowledge - INFO - process ingested knowledge for /app/data/T0015/222062/b1841j9/RDK-Service/WebKitBrowser/Extension/RequestHeaders.h
2025-11-10 16:59:31,230 - Knowledge - INFO - Fast-tracked /app/data/T0015/222062/b1841j9/RDK-Service/OCIContainer/test/DobbySpecs/wget.json (ext=.json, size=744)
2025-11-10 16:59:31,314 - Knowledge - INFO - process ingested knowledge for /app/data/T0015/222062/b1841j9/RDK-Service/DeviceIdentification/cmake/FindMFRFWLibs.cmake
2025-11-10 16:59:31,399 - Knowledge - INFO - Fast-tracked /app/data/T0015/222062/b1841j9/RDK-Service/RemoteActionMapping/cmake/FindCTRLM.cmake (ext=.cmake, size=1245)
2025-11-10 16:59:31,482 - Knowledge - INFO - Fast-tracked /app/data/T0015/222062/b1841j9/RDK-Service/Packager/cmake/FindLibOPKG.cmake (ext=.cmake, size=1266)
2025-11-10 16:59:31,581 - Knowledge - ERROR - Timeout processing /app/data/T0015/222062/b1841j9/RDK-Service/UsbAccess/UsbAccess.cpp after 90s
2025-11-10 16:59:31,703 - Knowledge - INFO - process ingested knowledge for /app/data/T0015/222062/b1841j9/RDK-Service/CloudStore/CMakeLists.txt
2025-11-10 16:59:31,781 - Knowledge - INFO - process ingested knowledge for /app/data/T0015/222062/b1841j9/RDK-Service/Analytics/Analytics.h
2025-11-10 16:59:31,954 - Knowledge - WARNING - File /app/data/T0015/222062/b1841j9/RDK-Service/Cryptography/CryptographyRPC.cpp not successfully processed
2025-11-10 16:59:31,994 - Knowledge - INFO - Fast-tracked /app/data/T0015/222062/b1841j9/RDK-Service/HdmiCecSource/CMakeLists.txt (ext=.txt, size=1855)
2025-11-10 16:59:32,075 - Knowledge - INFO - process ingested knowledge for /app/data/T0015/222062/b1841j9/RDK-Service/HdmiInput/cmake/FindIARMBus.cmake
2025-11-10 16:59:32,233 - Knowledge - WARNING - File /app/data/T0015/222062/b1841j9/RDK-Service/SystemAudioPlayer/impl/AudioPlayer.h not successfully processed
2025-11-10 16:59:32,270 - Knowledge - ERROR - Timeout processing /app/data/T0015/222062/b1841j9/RDK-Service/ScreenCapture/ScreenCapture.cpp after 90s
2025-11-10 16:59:32,359 - Knowledge - INFO - process ingested knowledge for /app/data/T0015/222062/b1841j9/RDK-Service/WebKitBrowser/Extension/WhiteListedOriginDomainsList.h
2025-11-10 16:59:32,441 - Knowledge - INFO - Worker kw5 processing /app/data/T0015/222062/b1841j9/RDK-Service/OCIContainer/test/thunder-ocicontainer-test.js
2025-11-10 16:59:32,544 - Knowledge - INFO - process ingested knowledge for /app/data/T0015/222062/b1841j9/RDK-Service/DeviceIdentification/cmake/FindNXCLIENT.cmake
2025-11-10 16:59:32,630 - Knowledge - INFO - Split /app/data/T0015/222062/b1841j9/RDK-Service/Bluetooth/Bluetooth.cpp (86025 bytes) into 3 chunks of ~32KB
2025-11-10 16:59:32,720 - Knowledge - INFO - Fast-tracked /app/data/T0015/222062/b1841j9/RDK-Service/WifiManager/impl/WifiManagerScan.h (small file (2313 bytes))
2025-11-10 16:59:32,728 - Knowledge - INFO - Worker kw3 processing /app/data/T0015/222062/b1841j9/RDK-Service/Packager/PackagerPlugin.json
2025-11-10 16:59:32,811 - Knowledge - ERROR - Timeout processing /app/data/T0015/222062/b1841j9/RDK-Service/SharedStorage/SharedStorageJsonRpc.cpp after 90s
2025-11-10 16:59:32,890 - Knowledge - INFO - process ingested knowledge for /app/data/T0015/222062/b1841j9/RDK-Service/CloudStore/CloudStorePlugin.json
2025-11-10 16:59:33,009 - Knowledge - INFO - process ingested knowledge for /app/data/T0015/222062/b1841j9/RDK-Service/Analytics/CMakeLists.txt
2025-11-10 16:59:33,093 - Knowledge - WARNING - File /app/data/T0015/222062/b1841j9/RDK-Service/Cryptography/CryptographyExtAccess.h not successfully processed
2025-11-10 16:59:33,177 - Knowledge - INFO - Worker kw19 processing /app/data/T0015/222062/b1841j9/RDK-Service/HdmiCecSource/HdmiCecSourcePlugin.json
2025-11-10 16:59:33,264 - Knowledge - INFO - process ingested knowledge for /app/data/T0015/222062/b1841j9/RDK-Service/HdmiInput/cmake/FindDS.cmake
2025-11-10 16:59:33,377 - Knowledge - WARNING - File /app/data/T0015/222062/b1841j9/RDK-Service/SystemAudioPlayer/SystemAudioPlayer.h not successfully processed
2025-11-10 16:59:33,418 - Knowledge - ERROR - Timeout processing /app/data/T0015/222062/b1841j9/RDK-Service/CloudStore/CloudStoreImplementation.h after 90s
2025-11-10 16:59:33,521 - Knowledge - INFO - process ingested knowledge for /app/data/T0015/222062/b1841j9/RDK-Service/WebKitBrowser/WebKitImplementation.cpp
2025-11-10 16:59:33,602 - Knowledge - INFO - Fast-tracked /app/data/T0015/222062/b1841j9/RDK-Service/OCIContainer/test/thunder-ocicontainer-test.js (ext=.js, size=11705)
2025-11-10 16:59:33,693 - Knowledge - INFO - process ingested knowledge for /app/data/T0015/222062/b1841j9/RDK-Service/DeviceIdentification/cmake/FindNEXUS.cmake
2025-11-10 16:59:33,888 - Knowledge - INFO - Fast-tracked /app/data/T0015/222062/b1841j9/RDK-Service/WifiManager/impl/WifiManagerSignalThreshold.h (small file (2486 bytes))
2025-11-10 16:59:33,978 - Knowledge - INFO - Fast-tracked /app/data/T0015/222062/b1841j9/RDK-Service/Packager/PackagerPlugin.json (ext=.json, size=492)
2025-11-10 16:59:34,050 - Knowledge - ERROR - Timeout processing /app/data/T0015/222062/b1841j9/RDK-Service/SharedStorage/SharedStorage.h after 90s
2025-11-10 16:59:34,140 - Knowledge - INFO - process ingested knowledge for /app/data/T0015/222062/b1841j9/RDK-Service/CloudStore/CloudStoreImplementation.cpp
2025-11-10 16:59:34,264 - Knowledge - INFO - process ingested knowledge for /app/data/T0015/222062/b1841j9/RDK-Service/Analytics/Tests/AnalyticsBackendMock/CMakeLists.txt
2025-11-10 16:59:34,416 - Knowledge - WARNING - File /app/data/T0015/222062/b1841j9/RDK-Service/DeviceInfo/DeviceInfoJsonRpc.cpp not successfully processed
2025-11-10 16:59:34,459 - Knowledge - INFO - Fast-tracked /app/data/T0015/222062/b1841j9/RDK-Service/HdmiCecSource/HdmiCecSourcePlugin.json (ext=.json, size=741)
2025-11-10 16:59:34,536 - Knowledge - INFO - process ingested knowledge for /app/data/T0015/222062/b1841j9/RDK-Service/HdmiInput/HdmiInputPlugin.json
2025-11-10 16:59:34,613 - Knowledge - WARNING - File /app/data/T0015/222062/b1841j9/RDK-Service/SystemAudioPlayer/SystemAudioPlayer.cpp not successfully processed
2025-11-10 16:59:34,713 - Knowledge - ERROR - Timeout processing /app/data/T0015/222062/b1841j9/RDK-Service/CloudStore/l0test/ServiceMock.h after 90s
2025-11-10 16:59:34,805 - Knowledge - INFO - process ingested knowledge for /app/data/T0015/222062/b1841j9/RDK-Service/WebKitBrowser/TimeZone/TimeZoneSupport.h
2025-11-10 16:59:34,882 - Knowledge - INFO - Worker kw5 processing /app/data/T0015/222062/b1841j9/RDK-Service/OCIContainer/test/ociContainerTest.sh
2025-11-10 16:59:34,956 - Knowledge - INFO - process ingested knowledge for /app/data/T0015/222062/b1841j9/RDK-Service/DeviceIdentification/cmake/FindBCM_HOST.cmake
2025-11-10 16:59:35,043 - Knowledge - INFO - Fast-tracked /app/data/T0015/222062/b1841j9/RDK-Service/WifiManager/WifiManagerDefines.h (small file (2240 bytes))
2025-11-10 16:59:35,159 - Knowledge - INFO - Worker kw3 processing /app/data/T0015/222062/b1841j9/RDK-Service/Packager/PackagerImplementation.cpp
2025-11-10 16:59:35,194 - Knowledge - INFO - Fast-tracked /app/data/T0015/222062/b1841j9/RDK-Service/DeviceIdentification/Implementation/Amlogic/Amlogic.cpp (small file (3056 bytes))
2025-11-10 16:59:35,248 - Knowledge - ERROR - Timeout processing /app/data/T0015/222062/b1841j9/RDK-Service/SharedStorage/SharedStorage.cpp after 90s
2025-11-10 16:59:35,349 - Knowledge - INFO - process ingested knowledge for /app/data/T0015/222062/b1841j9/RDK-Service/CloudStore/Module.cpp
2025-11-10 16:59:35,428 - Knowledge - INFO - process ingested knowledge for /app/data/T0015/222062/b1841j9/RDK-Service/Analytics/Tests/AnalyticsBackendMock/AnalyticsBackendMock.cpp
2025-11-10 16:59:35,502 - Knowledge - WARNING - File /app/data/T0015/222062/b1841j9/RDK-Service/DeviceInfo/DeviceInfo.h not successfully processed
2025-11-10 16:59:35,590 - Knowledge - INFO - Worker kw19 processing /app/data/T0015/222062/b1841j9/RDK-Service/HdmiCecSource/README.md
2025-11-10 16:59:35,674 - Knowledge - INFO - process ingested knowledge for /app/data/T0015/222062/b1841j9/RDK-Service/HdmiInput/README.md
2025-11-10 16:59:35,765 - Knowledge - WARNING - File /app/data/T0015/222062/b1841j9/RDK-Service/SystemAudioPlayer/SystemAudioPlayerImplementation.cpp not successfully processed
2025-11-10 16:59:35,857 - Knowledge - ERROR - Timeout processing /app/data/T0015/222062/b1841j9/RDK-Service/CloudStore/l0test/CloudStoreTest.cpp after 90s
2025-11-10 16:59:36,019 - Knowledge - INFO - Fast-tracked /app/data/T0015/222062/b1841j9/RDK-Service/OCIContainer/test/ociContainerTest.sh (ext=.sh, size=7624)
2025-11-10 16:59:36,180 - Knowledge - INFO - process ingested knowledge for /app/data/T0015/222062/b1841j9/RDK-Service/DeviceIdentification/DeviceIdentificationPlugin.json
2025-11-10 16:59:36,388 - Knowledge - INFO - Worker kw3 processing /app/data/T0015/222062/b1841j9/RDK-Service/Packager/Module.cpp
2025-11-10 16:59:36,674 - Knowledge - INFO - process ingested knowledge for /app/data/T0015/222062/b1841j9/RDK-Service/CloudStore/CHANGELOG.md
2025-11-10 16:59:36,676 - Knowledge - INFO - Async storage completed for 22 embeddings
2025-11-10 16:59:36,678 - Knowledge - WARNING - File /app/data/T0015/222062/b1841j9/RDK-Service/DeviceInfo/Implementation/DeviceInfo.cpp not successfully processed
2025-11-10 16:59:36,911 - Knowledge - INFO - process ingested knowledge for /app/data/T0015/222062/b1841j9/RDK-Service/Analytics/Module.cpp
2025-11-10 16:59:36,929 - Knowledge - INFO - Fast-tracked /app/data/T0015/222062/b1841j9/RDK-Service/HdmiCecSource/README.md (ext=.md, size=254)
2025-11-10 16:59:36,945 - Knowledge - WARNING - File /app/data/T0015/222062/b1841j9/RDK-Service/DeviceInfo/Implementation/DeviceVideoCapabilities.cpp not successfully processed
2025-11-10 16:59:37,186 - Knowledge - INFO - process ingested knowledge for /app/data/T0015/222062/b1841j9/RDK-Service/HdmiInput/Module.cpp
2025-11-10 16:59:37,237 - Knowledge - INFO - Processing batch of 18 files
2025-11-10 16:59:37,271 - Knowledge - ERROR - Timeout processing /app/data/T0015/222062/b1841j9/RDK-Service/CloudStore/grpc/l0test/Store2Test.cpp after 90s
2025-11-10 16:59:37,385 - Knowledge - INFO - Worker kw5 processing /app/data/T0015/222062/b1841j9/RDK-Service/OCIContainer/OCIContainer.h
2025-11-10 16:59:37,596 - Knowledge - INFO - Fast-tracked /app/data/T0015/222062/b1841j9/RDK-Service/Packager/Module.cpp (ext=.cpp, size=781)
2025-11-10 16:59:37,624 - Knowledge - INFO - process ingested knowledge for /app/data/T0015/222062/b1841j9/RDK-Service/DeviceIdentification/IdentityProvider.h
2025-11-10 16:59:37,751 - Knowledge - INFO - process ingested knowledge for /app/data/T0015/222062/b1841j9/RDK-Service/FireboltMediaPlayer/test/thunderJS.js
2025-11-10 16:59:37,893 - Knowledge - WARNING - File /app/data/T0015/222062/b1841j9/RDK-Service/DeviceInfo/Implementation/DeviceAudioCapabilities.cpp not successfully processed
2025-11-10 16:59:38,077 - Knowledge - INFO - Worker kw19 processing /app/data/T0015/222062/b1841j9/RDK-Service/HdmiCecSource/Module.cpp
2025-11-10 16:59:38,088 - Knowledge - INFO - process ingested knowledge for /app/data/T0015/222062/b1841j9/RDK-Service/Analytics/CHANGELOG.md
2025-11-10 16:59:38,305 - Knowledge - INFO - process ingested knowledge for /app/data/T0015/222062/b1841j9/RDK-Service/HdmiInput/CHANGELOG.md
2025-11-10 16:59:38,327 - Knowledge - INFO - process ingested knowledge for /app/data/T0015/222062/b1841j9/RDK-Service/SystemAudioPlayer/impl/realtek/SoC_abstraction.cpp
2025-11-10 16:59:38,338 - Knowledge - INFO - Processing batch of 17 files
2025-11-10 16:59:38,490 - Knowledge - INFO - Worker kw5 processing /app/data/T0015/222062/b1841j9/RDK-Service/OCIContainer/Module.h
2025-11-10 16:59:38,502 - Knowledge - WARNING - File /app/data/T0015/222062/b1841j9/RDK-Service/ScreenCapture/ScreenCapture.h not successfully processed
2025-11-10 16:59:38,578 - Knowledge - INFO - Worker kw3 processing /app/data/T0015/222062/b1841j9/RDK-Service/Packager/CHANGELOG.md
2025-11-10 16:59:38,669 - Knowledge - INFO - process ingested knowledge for /app/data/T0015/222062/b1841j9/RDK-Service/DeviceIdentification/Module.cpp
2025-11-10 16:59:38,808 - Knowledge - INFO - Fast-tracked /app/data/T0015/222062/b1841j9/RDK-Service/SystemAudioPlayer/impl/BufferQueue.cpp (small file (2274 bytes))
2025-11-10 16:59:38,835 - Knowledge - INFO - process ingested knowledge for /app/data/T0015/222062/b1841j9/RDK-Service/FireboltMediaPlayer/test/fmp_test_ui.html
2025-11-10 16:59:38,856 - Knowledge - WARNING - File /app/data/T0015/222062/b1841j9/RDK-Service/DeviceInfo/DeviceInfo.cpp not successfully processed
2025-11-10 16:59:38,924 - Knowledge - INFO - Fast-tracked /app/data/T0015/222062/b1841j9/RDK-Service/HdmiCecSource/Module.cpp (ext=.cpp, size=765)
2025-11-10 16:59:38,983 - Knowledge - INFO - [WEBSOCKET] Sent: Type=progress_update, Size: 294, Duration: 0ms
2025-11-10 16:59:38,994 - Knowledge - INFO - process ingested knowledge for /app/data/T0015/222062/b1841j9/RDK-Service/Analytics/AnalyticsPlugin.json
2025-11-10 16:59:39,300 - Knowledge - INFO - process ingested knowledge for /app/data/T0015/222062/b1841j9/RDK-Service/FireboltMediaPlayer/impl/AampMediaPlayer/AampMediaStream.h
2025-11-10 16:59:39,302 - Knowledge - INFO - process ingested knowledge for /app/data/T0015/222062/b1841j9/RDK-Service/SystemAudioPlayer/impl/SoC_abstraction.h
2025-11-10 16:59:39,424 - Knowledge - INFO - Fast-tracked /app/data/T0015/222062/b1841j9/RDK-Service/OCIContainer/Module.h (ext=.h, size=173)
2025-11-10 16:59:39,499 - Knowledge - WARNING - File /app/data/T0015/222062/b1841j9/RDK-Service/ScreenCapture/Implementation/Realtek/kms.c not successfully processed
2025-11-10 16:59:39,612 - Knowledge - INFO - Fast-tracked /app/data/T0015/222062/b1841j9/RDK-Service/Packager/CHANGELOG.md (ext=.md, size=1779)
2025-11-10 16:59:39,740 - Knowledge - INFO - process ingested knowledge for /app/data/T0015/222062/b1841j9/RDK-Service/DeviceIdentification/CHANGELOG.md
2025-11-10 16:59:39,936 - Knowledge - ERROR - Timeout processing /app/data/T0015/222062/b1841j9/RDK-Service/Miracast/common/MiracastLogger.h after 90s
2025-11-10 16:59:39,940 - Knowledge - INFO - process ingested knowledge for /app/data/T0015/222062/b1841j9/RDK-Service/FireboltMediaPlayer/test/startserver.sh
2025-11-10 16:59:40,108 - Knowledge - INFO - Worker kw19 processing /app/data/T0015/222062/b1841j9/RDK-Service/HdmiCecSource/CHANGELOG.md
2025-11-10 16:59:40,234 - Knowledge - INFO - [WEBSOCKET] Sent: Type=unknown, Size: ?, Duration: 1251ms
2025-11-10 16:59:40,324 - Knowledge - ERROR - Timeout processing /app/data/T0015/222062/b1841j9/RDK-Service/DisplayInfo/DeviceSettings/Broadcom/SoC_abstraction.cpp after 90s
2025-11-10 16:59:40,390 - Knowledge - INFO - process ingested knowledge for /app/data/T0015/222062/b1841j9/RDK-Service/Miracast/MiracastPlayerPlugin.json
2025-11-10 16:59:40,418 - Knowledge - INFO - process ingested knowledge for /app/data/T0015/222062/b1841j9/RDK-Service/FireboltMediaPlayer/impl/AampMediaPlayer/AampMediaPlayer.cpp
2025-11-10 16:59:40,672 - Knowledge - INFO - Worker kw5 processing /app/data/T0015/222062/b1841j9/RDK-Service/OCIContainer/OCIContainer.json
2025-11-10 16:59:40,700 - Knowledge - INFO - Fast-tracked /app/data/T0015/222062/b1841j9/RDK-Service/LEDControl/LEDControl.h (small file (3010 bytes))
2025-11-10 16:59:40,701 - Knowledge - INFO - process ingested knowledge for /app/data/T0015/222062/b1841j9/RDK-Service/SystemAudioPlayer/impl/amlogic/SoC_abstraction.cpp
2025-11-10 16:59:40,862 - Knowledge - INFO - Worker kw3 processing /app/data/T0015/222062/b1841j9/RDK-Service/Packager/Packager.cpp
2025-11-10 16:59:41,017 - Knowledge - INFO - process ingested knowledge for /app/data/T0015/222062/b1841j9/RDK-Service/WebKitBrowser/Tags.cpp
2025-11-10 16:59:41,073 - Knowledge - ERROR - Timeout processing /app/data/T0015/222062/b1841j9/RDK-Service/Miracast/common/MiracastCommon.cpp after 90s
2025-11-10 16:59:41,292 - Knowledge - INFO - process ingested knowledge for /app/data/T0015/222062/b1841j9/RDK-Service/FireboltMediaPlayer/test/settings/initConfig_03.json
2025-11-10 16:59:41,296 - Knowledge - INFO - Fast-tracked /app/data/T0015/222062/b1841j9/RDK-Service/HdmiCecSource/CHANGELOG.md (ext=.md, size=2622)
2025-11-10 16:59:41,379 - Knowledge - INFO - Progress: 20.2% | Files: 281/1376 | Rate: 1.22 files/sec | Queue: 731
2025-11-10 16:59:41,461 - Knowledge - ERROR - Timeout processing /app/data/T0015/222062/b1841j9/RDK-Service/DisplayInfo/Linux/DRMConnector.h after 90s
2025-11-10 16:59:41,547 - Knowledge - INFO - process ingested knowledge for /app/data/T0015/222062/b1841j9/RDK-Service/Miracast/MiracastServicePlugin.json
2025-11-10 16:59:41,567 - Knowledge - WARNING - File /app/data/T0015/222062/b1841j9/RDK-Service/UsbAccess/UsbAccess.h not successfully processed
2025-11-10 16:59:41,570 - Knowledge - WARNING - File /app/data/T0015/222062/b1841j9/RDK-Service/ScreenCapture/Implementation/Realtek/Realtek.cpp not successfully processed
2025-11-10 16:59:41,724 - Knowledge - INFO - Fast-tracked /app/data/T0015/222062/b1841j9/RDK-Service/OCIContainer/OCIContainer.json (ext=.json, size=18471)
2025-11-10 16:59:41,744 - Knowledge - INFO - process ingested knowledge for /app/data/T0015/222062/b1841j9/RDK-Service/FireboltMediaPlayer/impl/AampMediaPlayer/AampEventListener.h
2025-11-10 16:59:41,955 - Knowledge - INFO - process ingested knowledge for /app/data/T0015/222062/b1841j9/RDK-Service/SystemAudioPlayer/impl/SecuredWebSocketClient.cpp
2025-11-10 16:59:42,042 - Knowledge - INFO - Worker kw3 processing /app/data/T0015/222062/b1841j9/RDK-Service/HdmiCec_2/HdmiCec_2.h
2025-11-10 16:59:42,205 - Knowledge - INFO - process ingested knowledge for /app/data/T0015/222062/b1841j9/RDK-Service/WebKitBrowser/InjectedBundle/AAMPJSBindings.h
2025-11-10 16:59:42,240 - Knowledge - ERROR - Timeout processing /app/data/T0015/222062/b1841j9/RDK-Service/Miracast/common/MiracastLogger.cpp after 90s
2025-11-10 16:59:42,376 - Knowledge - INFO - process ingested knowledge for /app/data/T0015/222062/b1841j9/RDK-Service/FireboltMediaPlayer/test/settings/initConfig_01.json
2025-11-10 16:59:42,467 - Knowledge - INFO - Worker kw19 processing /app/data/T0015/222062/b1841j9/RDK-Service/HdmiCecSource/HdmiCecSource.cpp
2025-11-10 16:59:42,589 - Knowledge - INFO - [kw20] Queue=731, InProgress=0, PendingWorkers=20/20, Completed=285/1376 (20.7%)
2025-11-10 16:59:42,630 - Knowledge - ERROR - Timeout processing /app/data/T0015/222062/b1841j9/RDK-Service/DisplayInfo/Linux/PlatformImplementation.cpp after 90s
2025-11-10 16:59:42,749 - Knowledge - INFO - process ingested knowledge for /app/data/T0015/222062/b1841j9/RDK-Service/Miracast/CMakeLists.txt
2025-11-10 16:59:42,805 - Knowledge - WARNING - File /app/data/T0015/222062/b1841j9/RDK-Service/UsbAccess/UsbAccess.cpp not successfully processed
2025-11-10 16:59:43,110 - Knowledge - INFO - Worker kw5 processing /app/data/T0015/222062/b1841j9/RDK-Service/OCIContainer/CMakeLists.txt
2025-11-10 16:59:43,128 - Knowledge - WARNING - File /app/data/T0015/222062/b1841j9/RDK-Service/ScreenCapture/ScreenCapture.cpp not successfully processed
2025-11-10 16:59:43,202 - Knowledge - INFO - [kw15] Queue=731, InProgress=0, PendingWorkers=20/20, Completed=288/1376 (20.9%)
2025-11-10 16:59:43,235 - Knowledge - INFO - process ingested knowledge for /app/data/T0015/222062/b1841j9/RDK-Service/FireboltMediaPlayer/CMakeLists.txt
2025-11-10 16:59:43,397 - Knowledge - INFO - process ingested knowledge for /app/data/T0015/222062/b1841j9/RDK-Service/SystemAudioPlayer/impl/SecurityParameters.h
2025-11-10 16:59:43,630 - Knowledge - INFO - Worker kw3 processing /app/data/T0015/222062/b1841j9/RDK-Service/HdmiCec_2/Module.h
2025-11-10 16:59:43,665 - Knowledge - INFO - process ingested knowledge for /app/data/T0015/222062/b1841j9/RDK-Service/WebKitBrowser/InjectedBundle/SecurityAgent.cpp
2025-11-10 16:59:43,993 - Knowledge - ERROR - Timeout processing /app/data/T0015/222062/b1841j9/RDK-Service/Miracast/common/MiracastCommon.h after 90s
2025-11-10 16:59:44,225 - Knowledge - INFO - process ingested knowledge for /app/data/T0015/222062/b1841j9/RDK-Service/FireboltMediaPlayer/test/settings/initConfig_05.json
2025-11-10 16:59:44,357 - Knowledge - INFO - Worker kw19 processing /app/data/T0015/222062/b1841j9/RDK-Service/DTV/DTV.h
2025-11-10 16:59:44,455 - Knowledge - INFO - Batch sizing: calculated=20, max_allowed=25, queue=731, active_workers=20/20
2025-11-10 16:59:44,596 - Knowledge - ERROR - Timeout processing /app/data/T0015/222062/b1841j9/RDK-Service/DisplayInfo/DisplayInfo.h after 90s
2025-11-10 16:59:45,030 - Knowledge - INFO - process ingested knowledge for /app/data/T0015/222062/b1841j9/RDK-Service/Miracast/MiracastPlayer/Test/SoC_GstPlayer.cpp
2025-11-10 16:59:45,255 - Knowledge - WARNING - File /app/data/T0015/222062/b1841j9/RDK-Service/SharedStorage/SharedStorageJsonRpc.cpp not successfully processed
2025-11-10 16:59:45,403 - Knowledge - INFO - Fast-tracked /app/data/T0015/222062/b1841j9/RDK-Service/OCIContainer/CMakeLists.txt (ext=.txt, size=1632)
2025-11-10 16:59:45,570 - Knowledge - WARNING - File /app/data/T0015/222062/b1841j9/RDK-Service/CloudStore/CloudStoreImplementation.h not successfully processed
2025-11-10 16:59:45,623 - Knowledge - INFO - Batch sizing: calculated=20, max_allowed=25, queue=731, active_workers=20/20
2025-11-10 16:59:45,713 - Knowledge - INFO - process ingested knowledge for /app/data/T0015/222062/b1841j9/RDK-Service/FireboltMediaPlayer/FireboltMediaPlayerPlugin.json
2025-11-10 16:59:45,853 - Knowledge - INFO - process ingested knowledge for /app/data/T0015/222062/b1841j9/RDK-Service/SystemAudioPlayer/impl/UnsecuredWebSocketClient.h
2025-11-10 16:59:46,185 - Knowledge - INFO - Fast-tracked /app/data/T0015/222062/b1841j9/RDK-Service/HdmiCec_2/Module.h (ext=.h, size=873)
2025-11-10 16:59:46,192 - Knowledge - ERROR - Timeout processing /app/data/T0015/222062/b1841j9/RDK-Service/Network/NetworkConnectivity.cpp after 90s
2025-11-10 16:59:46,265 - Knowledge - INFO - process ingested knowledge for /app/data/T0015/222062/b1841j9/RDK-Service/WebKitBrowser/InjectedBundle/NotifyWPEFramework.cpp
2025-11-10 16:59:46,401 - Knowledge - ERROR - Timeout processing /app/data/T0015/222062/b1841j9/RDK-Service/Miracast/MiracastService/P2P/MiracastP2P.h after 90s
2025-11-10 16:59:46,474 - Knowledge - INFO - process ingested knowledge for /app/data/T0015/222062/b1841j9/RDK-Service/FireboltMediaPlayer/test/settings/initConfig_04.json
2025-11-10 16:59:46,560 - Knowledge - INFO - [LLM_CALL] Completed: SystemMode.cpp:chunk1, Duration: 49424ms, PromptTokens: 2672, CompletionTokens: 514, Cost: $0.00047
2025-11-10 16:59:46,580 - Knowledge - INFO - Worker kw19 processing /app/data/T0015/222062/b1841j9/RDK-Service/DTV/Module.h
2025-11-10 16:59:46,751 - Knowledge - ERROR - Timeout processing /app/data/T0015/222062/b1841j9/RDK-Service/DisplayInfo/cmake/FindNEXUS.cmake after 90s
2025-11-10 16:59:46,838 - Knowledge - INFO - process ingested knowledge for /app/data/T0015/222062/b1841j9/RDK-Service/Miracast/MiracastPlayer/MiracastPlayerPlugin.json
2025-11-10 16:59:46,959 - Knowledge - WARNING - File /app/data/T0015/222062/b1841j9/RDK-Service/SharedStorage/SharedStorage.h not successfully processed
2025-11-10 16:59:47,039 - Knowledge - INFO - Worker kw5 processing /app/data/T0015/222062/b1841j9/RDK-Service/OCIContainer/stubs/i_omi_proxy.hpp
2025-11-10 16:59:47,218 - Knowledge - INFO - Async storage completed for 24 embeddings
2025-11-10 16:59:47,299 - Knowledge - INFO - process ingested knowledge for /app/data/T0015/222062/b1841j9/RDK-Service/FireboltMediaPlayer/Module.cpp
2025-11-10 16:59:47,403 - Knowledge - INFO - process ingested knowledge for /app/data/T0015/222062/b1841j9/RDK-Service/SystemAudioPlayer/impl/Helper.h
2025-11-10 16:59:47,531 - Knowledge - INFO - Split /app/data/T0015/222062/b1841j9/RDK-Service/RemoteActionMapping/RamHelper.cpp (91592 bytes) into 3 chunks of ~32KB
2025-11-10 16:59:47,597 - Knowledge - ERROR - Timeout processing /app/data/T0015/222062/b1841j9/RDK-Service/Network/NetUtilsNetlink.cpp after 90s
2025-11-10 16:59:47,672 - Knowledge - INFO - process ingested knowledge for /app/data/T0015/222062/b1841j9/RDK-Service/WebKitBrowser/InjectedBundle/Module.h
2025-11-10 16:59:47,750 - Knowledge - ERROR - Timeout processing /app/data/T0015/222062/b1841j9/RDK-Service/Miracast/MiracastService/P2P/MiracastP2P.cpp after 90s
2025-11-10 16:59:47,841 - Knowledge - INFO - process ingested knowledge for /app/data/T0015/222062/b1841j9/RDK-Service/FireboltMediaPlayer/test/settings/setDRMConfig_01.json
2025-11-10 16:59:47,910 - Knowledge - INFO - Async storage completed for 18 embeddings
2025-11-10 16:59:47,959 - Knowledge - INFO - done ingest for /app/data/T0015/222062/b1841j9/RDK-Service/SystemMode/SystemMode.cpp
2025-11-10 16:59:47,960 - Knowledge - INFO - Async storing batch of 14 embeddings
2025-11-10 16:59:47,961 - Knowledge - INFO - Async storing batch of 19 embeddings
2025-11-10 16:59:48,005 - Knowledge - WARNING - File /app/data/T0015/222062/b1841j9/RDK-Service/CloudStore/l0test/ServiceMock.h not successfully processed
2025-11-10 16:59:48,067 - Knowledge - INFO - Fast-tracked /app/data/T0015/222062/b1841j9/RDK-Service/DTV/Module.h (ext=.h, size=854)
2025-11-10 16:59:48,153 - Knowledge - ERROR - Timeout processing /app/data/T0015/222062/b1841j9/RDK-Service/DisplayInfo/DeviceSettings/Realtek/kms.c after 90s
2025-11-10 16:59:48,239 - Knowledge - INFO - process ingested knowledge for /app/data/T0015/222062/b1841j9/RDK-Service/Miracast/MiracastPlayer/Module.h
2025-11-10 16:59:48,332 - Knowledge - WARNING - File /app/data/T0015/222062/b1841j9/RDK-Service/SharedStorage/SharedStorage.cpp not successfully processed
2025-11-10 16:59:48,416 - Knowledge - INFO - Worker kw5 processing /app/data/T0015/222062/b1841j9/RDK-Service/OCIContainer/stubs/omi_proxy.hpp
2025-11-10 16:59:48,630 - Knowledge - INFO - process ingested knowledge for /app/data/T0015/222062/b1841j9/RDK-Service/FireboltMediaPlayer/CHANGELOG.md
2025-11-10 16:59:48,712 - Knowledge - INFO - process ingested knowledge for /app/data/T0015/222062/b1841j9/RDK-Service/SystemAudioPlayer/impl/logger.h
2025-11-10 16:59:48,928 - Knowledge - ERROR - Timeout processing /app/data/T0015/222062/b1841j9/RDK-Service/Network/NetUtils.cpp after 90s
2025-11-10 16:59:49,042 - Knowledge - INFO - process ingested knowledge for /app/data/T0015/222062/b1841j9/RDK-Service/WebKitBrowser/InjectedBundle/Utils.cpp
2025-11-10 16:59:49,154 - Knowledge - ERROR - Timeout processing /app/data/T0015/222062/b1841j9/RDK-Service/Miracast/MiracastService/MiracastService.cpp after 90s
2025-11-10 16:59:49,279 - Knowledge - INFO - process ingested knowledge for /app/data/T0015/222062/b1841j9/RDK-Service/FireboltMediaPlayer/test/settings/Testing.md
2025-11-10 16:59:49,649 - Knowledge - INFO - Worker kw20 processing /app/data/T0015/222062/b1841j9/RDK-Service/DTV/Module.cpp
2025-11-10 16:59:49,784 - Knowledge - INFO - Worker kw15 processing /app/data/T0015/222062/b1841j9/RDK-Service/PersistentStore/PersistentStoreImplementation.cpp
2025-11-10 16:59:49,901 - Knowledge - WARNING - File /app/data/T0015/222062/b1841j9/RDK-Service/CloudStore/l0test/CloudStoreTest.cpp not successfully processed
2025-11-10 16:59:50,000 - Knowledge - INFO - Worker kw19 processing /app/data/T0015/222062/b1841j9/RDK-Service/DTV/DTVImpl.h
2025-11-10 16:59:50,119 - Knowledge - ERROR - Timeout processing /app/data/T0015/222062/b1841j9/RDK-Service/DisplayInfo/DeviceSettings/Realtek/SoC_abstraction.cpp after 90s
2025-11-10 16:59:50,226 - Knowledge - INFO - process ingested knowledge for /app/data/T0015/222062/b1841j9/RDK-Service/Miracast/MiracastPlayer/CMakeLists.txt
2025-11-10 16:59:50,604 - Knowledge - INFO - Processing batch of 17 files
2025-11-10 16:59:50,751 - Knowledge - INFO - Fast-tracked /app/data/T0015/222062/b1841j9/RDK-Service/OCIContainer/stubs/omi_proxy.hpp (ext=.hpp, size=1493)
2025-11-10 16:59:50,855 - Knowledge - INFO - process ingested knowledge for /app/data/T0015/222062/b1841j9/RDK-Service/Cryptography/Module.h
2025-11-10 16:59:51,019 - Knowledge - INFO - process ingested knowledge for /app/data/T0015/222062/b1841j9/RDK-Service/SystemAudioPlayer/impl/BufferQueue.h
2025-11-10 16:59:51,320 - Knowledge - ERROR - Timeout processing /app/data/T0015/222062/b1841j9/RDK-Service/Network/NetworkTraceroute.cpp after 90s
2025-11-10 16:59:51,512 - Knowledge - INFO - process ingested knowledge for /app/data/T0015/222062/b1841j9/RDK-Service/WebKitBrowser/InjectedBundle/BridgeObject.h
2025-11-10 16:59:51,615 - Knowledge - ERROR - Timeout processing /app/data/T0015/222062/b1841j9/RDK-Service/Miracast/MiracastService/MiracastController.h after 90s
2025-11-10 16:59:51,742 - Knowledge - INFO - process ingested knowledge for /app/data/T0015/222062/b1841j9/RDK-Service/FireboltMediaPlayer/test/settings/initConfig_02.json
2025-11-10 16:59:51,788 - Knowledge - INFO - [LLM_CALL] Completed: WifiManagerEvents.cpp:chunk1, Duration: 29286ms, PromptTokens: 2844, CompletionTokens: 467, Cost: $0.00047
2025-11-10 16:59:51,910 - Knowledge - INFO - Fast-tracked /app/data/T0015/222062/b1841j9/RDK-Service/DTV/Module.cpp (ext=.cpp, size=780)
2025-11-10 16:59:51,995 - Knowledge - INFO - Worker kw15 processing /app/data/T0015/222062/b1841j9/RDK-Service/PersistentStore/l1test/CMakeLists.txt
2025-11-10 16:59:52,193 - Knowledge - INFO - Worker kw19 processing /app/data/T0015/222062/b1841j9/RDK-Service/DTV/DTV.json
2025-11-10 16:59:52,330 - Knowledge - ERROR - Timeout processing /app/data/T0015/222062/b1841j9/RDK-Service/DisplayInfo/DeviceSettings/PlatformImplementation.cpp after 90s
2025-11-10 16:59:52,438 - Knowledge - INFO - process ingested knowledge for /app/data/T0015/222062/b1841j9/RDK-Service/Miracast/MiracastPlayer/MiracastPlayer.json
2025-11-10 16:59:52,520 - Knowledge - INFO - process ingested knowledge for /app/data/T0015/222062/b1841j9/RDK-Service/DeviceInfo/Implementation/FirmwareVersion.h
2025-11-10 16:59:52,610 - Knowledge - INFO - Worker kw5 processing /app/data/T0015/222062/b1841j9/RDK-Service/OCIContainer/OCIContainerPlugin.json
2025-11-10 16:59:52,715 - Knowledge - INFO - process ingested knowledge for /app/data/T0015/222062/b1841j9/RDK-Service/Cryptography/CMakeLists.txt
2025-11-10 16:59:52,835 - Knowledge - INFO - process ingested knowledge for /app/data/T0015/222062/b1841j9/RDK-Service/SystemAudioPlayer/impl/IWebSocketClient.h
2025-11-10 16:59:52,982 - Knowledge - ERROR - Timeout processing /app/data/T0015/222062/b1841j9/RDK-Service/Network/Network.cpp after 90s
2025-11-10 16:59:53,063 - Knowledge - INFO - process ingested knowledge for /app/data/T0015/222062/b1841j9/RDK-Service/WebKitBrowser/InjectedBundle/Milestone.h
2025-11-10 16:59:53,190 - Knowledge - ERROR - Timeout processing /app/data/T0015/222062/b1841j9/RDK-Service/Miracast/MiracastService/MiracastController.cpp after 90s
2025-11-10 16:59:53,298 - Knowledge - INFO - process ingested knowledge for /app/data/T0015/222062/b1841j9/RDK-Service/FireboltMediaPlayer/Module.h
2025-11-10 16:59:53,494 - Knowledge - INFO - done ingest for /app/data/T0015/222062/b1841j9/RDK-Service/WifiManager/impl/WifiManagerEvents.cpp
2025-11-10 16:59:53,660 - Knowledge - INFO - Worker kw20 processing /app/data/T0015/222062/b1841j9/RDK-Service/DTV/CHANGELOG.md
2025-11-10 16:59:53,734 - Knowledge - WARNING - File /app/data/T0015/222062/b1841j9/RDK-Service/CloudStore/grpc/l0test/Store2Test.cpp not successfully processed
2025-11-10 16:59:53,833 - Knowledge - INFO - Fast-tracked /app/data/T0015/222062/b1841j9/RDK-Service/PersistentStore/l1test/CMakeLists.txt (ext=.txt, size=1508)
2025-11-10 16:59:54,158 - Knowledge - INFO - Fast-tracked /app/data/T0015/222062/b1841j9/RDK-Service/DTV/DTV.json (ext=.json, size=49988)
2025-11-10 16:59:54,289 - Knowledge - ERROR - Timeout processing /app/data/T0015/222062/b1841j9/RDK-Service/DisplayInfo/DeviceSettings/Amlogic/kms.c after 90s
2025-11-10 16:59:54,665 - Knowledge - INFO - process ingested knowledge for /app/data/T0015/222062/b1841j9/RDK-Service/Miracast/MiracastPlayer/Module.cpp
2025-11-10 16:59:54,978 - Knowledge - INFO - process ingested knowledge for /app/data/T0015/222062/b1841j9/RDK-Service/DeviceInfo/Implementation/DeviceVideoCapabilities.h
2025-11-10 16:59:55,150 - Knowledge - INFO - Fast-tracked /app/data/T0015/222062/b1841j9/RDK-Service/OCIContainer/OCIContainerPlugin.json (ext=.json, size=488)
2025-11-10 16:59:56,042 - Knowledge - INFO - process ingested knowledge for /app/data/T0015/222062/b1841j9/RDK-Service/WebKitBrowser/InjectedBundle/JavaScriptFunction.cpp
2025-11-10 16:59:55,384 - Knowledge - INFO - Async storage completed for 20 embeddings
2025-11-10 16:59:55,510 - Knowledge - INFO - process ingested knowledge for /app/data/T0015/222062/b1841j9/RDK-Service/SystemAudioPlayer/impl/UnsecuredWebSocketClient.cpp
2025-11-10 16:59:55,866 - Knowledge - ERROR - Timeout processing /app/data/T0015/222062/b1841j9/RDK-Service/Network/PingNotifier.cpp after 90s
2025-11-10 16:59:55,341 - Knowledge - INFO - process ingested knowledge for /app/data/T0015/222062/b1841j9/RDK-Service/Cryptography/README.md
2025-11-10 16:59:56,327 - Knowledge - ERROR - Timeout processing /app/data/T0015/222062/b1841j9/RDK-Service/Miracast/MiracastService/MiracastService.h after 90s
2025-11-10 16:59:56,518 - Knowledge - INFO - process ingested knowledge for /app/data/T0015/222062/b1841j9/RDK-Service/FireboltMediaPlayer/FireboltMediaPlayer.json
2025-11-10 16:59:56,932 - Knowledge - INFO - Fast-tracked /app/data/T0015/222062/b1841j9/RDK-Service/DTV/CHANGELOG.md (ext=.md, size=1569)
2025-11-10 16:59:57,146 - Knowledge - INFO - Worker kw15 processing /app/data/T0015/222062/b1841j9/RDK-Service/PersistentStore/l1test/ServiceMock.h
2025-11-10 16:59:57,233 - Knowledge - INFO - Worker kw19 processing /app/data/T0015/222062/b1841j9/RDK-Service/DTV/CMakeLists.txt
2025-11-10 16:59:57,352 - Knowledge - INFO - Processing batch of 17 files
2025-11-10 16:59:57,458 - Knowledge - ERROR - Timeout processing /app/data/T0015/222062/b1841j9/RDK-Service/DisplayInfo/DeviceSettings/Amlogic/SoC_abstraction.cpp after 90s
2025-11-10 16:59:57,899 - Knowledge - INFO - Worker kw5 processing /app/data/T0015/222062/b1841j9/RDK-Service/OCIContainer/README.md
2025-11-10 16:59:58,196 - Knowledge - INFO - [LLM_CALL] Completed: SystemModeImplementation.cpp:chunk1, Duration: 73180ms, PromptTokens: 6180, CompletionTokens: 421, Cost: $0.00079
2025-11-10 16:59:58,232 - Knowledge - INFO - process ingested knowledge for /app/data/T0015/222062/b1841j9/RDK-Service/DeviceInfo/CMakeLists.txt
2025-11-10 16:59:58,471 - Knowledge - ERROR - Timeout processing /app/data/T0015/222062/b1841j9/RDK-Service/Network/NetworkConnectivity.h after 90s
2025-11-10 16:59:58,660 - Knowledge - ERROR - Timeout processing /app/data/T0015/222062/b1841j9/RDK-Service/SystemAudioPlayer/SystemAudioPlayerImplementation.h after 90s
2025-11-10 16:59:58,929 - Knowledge - INFO - process ingested knowledge for /app/data/T0015/222062/b1841j9/RDK-Service/SystemAudioPlayer/impl/SecuredWebSocketClient.h
2025-11-10 16:59:58,929 - Knowledge - INFO - Worker kw20 processing /app/data/T0015/222062/b1841j9/RDK-Service/DTV/DTV.cpp
2025-11-10 16:59:58,937 - Knowledge - INFO - process ingested knowledge for /app/data/T0015/222062/b1841j9/RDK-Service/FireboltMediaPlayer/impl/AampMediaPlayer/AampMediaPlayer.h
2025-11-10 16:59:59,068 - Knowledge - INFO - Worker kw15 processing /app/data/T0015/222062/b1841j9/RDK-Service/PersistentStore/l1test/PersistentStoreTest.cpp
2025-11-10 16:59:59,174 - Knowledge - INFO - Fast-tracked /app/data/T0015/222062/b1841j9/RDK-Service/DTV/CMakeLists.txt (ext=.txt, size=3200)
2025-11-10 16:59:59,231 - Knowledge - INFO - Async storage completed for 16 embeddings
2025-11-10 16:59:59,284 - Knowledge - INFO - process ingested knowledge for /app/data/T0015/222062/b1841j9/RDK-Service/ScreenCapture/ScreenCapture.json
2025-11-10 16:59:59,293 - Knowledge - INFO - process ingested knowledge for /app/data/T0015/222062/b1841j9/RDK-Service/Cryptography/Module.cpp
2025-11-10 16:59:59,444 - Knowledge - ERROR - Timeout processing /app/data/T0015/222062/b1841j9/RDK-Service/DisplayInfo/DeviceSettings/RPI/kms.c after 90s
2025-11-10 16:59:59,594 - Knowledge - INFO - Fast-tracked /app/data/T0015/222062/b1841j9/RDK-Service/OCIContainer/README.md (ext=.md, size=8805)
2025-11-10 16:59:59,706 - Knowledge - INFO - done ingest for /app/data/T0015/222062/b1841j9/RDK-Service/SystemMode/SystemModeImplementation.cpp
2025-11-10 16:59:59,729 - Knowledge - INFO - [LLM_CALL] Completed: WifiManagerConnect.cpp:chunk1, Duration: 31680ms, PromptTokens: 2406, CompletionTokens: 385, Cost: $0.00039
2025-11-10 16:59:59,978 - Knowledge - ERROR - Timeout processing /app/data/T0015/222062/b1841j9/RDK-Service/DeviceIdentification/DeviceIdentification.h after 90s
2025-11-10 17:00:00,060 - Knowledge - ERROR - Timeout processing /app/data/T0015/222062/b1841j9/RDK-Service/SystemAudioPlayer/SystemAudioPlayerJsonRpc.cpp after 90s
2025-11-10 17:00:00,265 - Knowledge - INFO - Worker kw20 processing /app/data/T0015/222062/b1841j9/RDK-Service/CMakeLists.txt
2025-11-10 17:00:00,292 - Knowledge - INFO - process ingested knowledge for /app/data/T0015/222062/b1841j9/RDK-Service/DeviceInfo/DeviceInfoPlugin.json
2025-11-10 17:00:00,292 - Knowledge - INFO - process ingested knowledge for /app/data/T0015/222062/b1841j9/RDK-Service/SystemAudioPlayer/impl/broadcom/SoC_abstraction.cpp
2025-11-10 17:00:00,528 - Knowledge - INFO - Worker kw15 processing /app/data/T0015/222062/b1841j9/RDK-Service/PersistentStore/Module.cpp
2025-11-10 17:00:00,621 - Knowledge - INFO - Worker kw19 processing /app/data/T0015/222062/b1841j9/RDK-Service/DTV/cmake/FindDTVKit.cmake
2025-11-10 17:00:00,669 - Knowledge - INFO - process ingested knowledge for /app/data/T0015/222062/b1841j9/RDK-Service/FireboltMediaPlayer/impl/AampMediaPlayer/CMakeLists.txt
2025-11-10 17:00:00,968 - Knowledge - ERROR - Timeout processing /app/data/T0015/222062/b1841j9/RDK-Service/DisplayInfo/DeviceSettings/RPI/SoC_abstraction.cpp after 90s
2025-11-10 17:00:01,111 - Knowledge - INFO - process ingested knowledge for /app/data/T0015/222062/b1841j9/RDK-Service/ScreenCapture/Implementation/Realtek/Realtek.h
2025-11-10 17:00:01,118 - Knowledge - INFO - process ingested knowledge for /app/data/T0015/222062/b1841j9/RDK-Service/Cryptography/CHANGELOG.md
2025-11-10 17:00:01,121 - Knowledge - INFO - Split /app/data/T0015/222062/b1841j9/RDK-Service/HdmiCec_2/HdmiCec_2.cpp (70764 bytes) into 3 chunks of ~32KB
2025-11-10 17:00:01,329 - Knowledge - INFO - done ingest for /app/data/T0015/222062/b1841j9/RDK-Service/WifiManager/impl/WifiManagerConnect.cpp
2025-11-10 17:00:01,341 - Knowledge - INFO - [LLM_CALL] Completed: LocationService.h:chunk1, Duration: 36101ms, PromptTokens: 2730, CompletionTokens: 472, Cost: $0.00046
2025-11-10 17:00:01,458 - Knowledge - ERROR - Timeout processing /app/data/T0015/222062/b1841j9/RDK-Service/DeviceIdentification/Implementation/Linux/Linux.cpp after 90s
2025-11-10 17:00:01,628 - Knowledge - WARNING - File /app/data/T0015/222062/b1841j9/RDK-Service/Miracast/common/MiracastLogger.h not successfully processed
2025-11-10 17:00:01,847 - Knowledge - INFO - Fast-tracked /app/data/T0015/222062/b1841j9/RDK-Service/CMakeLists.txt (ext=.txt, size=8760)
2025-11-10 17:00:02,103 - Knowledge - INFO - process ingested knowledge for /app/data/T0015/222062/b1841j9/RDK-Service/SystemAudioPlayer/CMakeLists.txt
2025-11-10 17:00:02,113 - Knowledge - INFO - process ingested knowledge for /app/data/T0015/222062/b1841j9/RDK-Service/DeviceInfo/Module.cpp
2025-11-10 17:00:02,298 - Knowledge - INFO - Fast-tracked /app/data/T0015/222062/b1841j9/RDK-Service/PersistentStore/Module.cpp (ext=.cpp, size=765)
2025-11-10 17:00:02,523 - Knowledge - INFO - Fast-tracked /app/data/T0015/222062/b1841j9/RDK-Service/DTV/cmake/FindDTVKit.cmake (ext=.cmake, size=1688)
2025-11-10 17:00:02,795 - Knowledge - WARNING - File /app/data/T0015/222062/b1841j9/RDK-Service/DisplayInfo/Linux/DRMConnector.h not successfully processed
2025-11-10 17:00:03,606 - Knowledge - INFO - done ingest for /app/data/T0015/222062/b1841j9/RDK-Service/LocationSync/LocationService.h
2025-11-10 17:00:03,861 - Knowledge - ERROR - Timeout processing /app/data/T0015/222062/b1841j9/RDK-Service/DeviceIdentification/Implementation/Realtek/Realtek.cpp after 90s
2025-11-10 17:00:03,987 - Knowledge - WARNING - File /app/data/T0015/222062/b1841j9/RDK-Service/Miracast/common/MiracastCommon.cpp not successfully processed
2025-11-10 17:00:04,114 - Knowledge - INFO - process ingested knowledge for /app/data/T0015/222062/b1841j9/RDK-Service/DeviceInfo/DeviceInfo.json
2025-11-10 17:00:04,268 - Knowledge - INFO - Worker kw20 processing /app/data/T0015/222062/b1841j9/RDK-Service/PersistentStore/PersistentStore.h
2025-11-10 17:00:04,588 - Knowledge - INFO - Worker kw15 processing /app/data/T0015/222062/b1841j9/RDK-Service/PersistentStore/CHANGELOG.md
2025-11-10 17:00:04,791 - Knowledge - INFO - Worker kw19 processing /app/data/T0015/222062/b1841j9/RDK-Service/DTV/DTVImpl.cpp
2025-11-10 17:00:04,902 - Knowledge - WARNING - File /app/data/T0015/222062/b1841j9/RDK-Service/DisplayInfo/Linux/PlatformImplementation.cpp not successfully processed
2025-11-10 17:00:05,052 - Knowledge - INFO - process ingested knowledge for /app/data/T0015/222062/b1841j9/RDK-Service/ScreenCapture/Implementation/Realtek/kms.h
2025-11-10 17:00:05,078 - Knowledge - INFO - process ingested knowledge for /app/data/T0015/222062/b1841j9/RDK-Service/SystemAudioPlayer/SystemAudioPlayerPlugin.json
2025-11-10 17:00:05,531 - Knowledge - INFO - process ingested knowledge for /app/data/T0015/222062/b1841j9/RDK-Service/DeviceInfo/CHANGELOG.md
2025-11-10 17:00:05,715 - Knowledge - ERROR - Timeout processing /app/data/T0015/222062/b1841j9/RDK-Service/DeviceIdentification/Implementation/MFR/MFR.cpp after 90s
2025-11-10 17:00:06,028 - Knowledge - WARNING - File /app/data/T0015/222062/b1841j9/RDK-Service/Miracast/common/MiracastLogger.cpp not successfully processed
2025-11-10 17:00:06,582 - Knowledge - INFO - Worker kw20 processing /app/data/T0015/222062/b1841j9/RDK-Service/PersistentStore/Module.h
2025-11-10 17:00:06,834 - Knowledge - INFO - Fast-tracked /app/data/T0015/222062/b1841j9/RDK-Service/PersistentStore/CHANGELOG.md (ext=.md, size=3636)
2025-11-10 17:00:06,888 - Knowledge - INFO - Worker kw19 processing /app/data/T0015/222062/b1841j9/RDK-Service/DTV/DTVPlugin.json
2025-11-10 17:00:07,110 - Knowledge - WARNING - File /app/data/T0015/222062/b1841j9/RDK-Service/DisplayInfo/DisplayInfo.h not successfully processed
2025-11-10 17:00:07,487 - Knowledge - INFO - process ingested knowledge for /app/data/T0015/222062/b1841j9/RDK-Service/DeviceInfo/Module.h
2025-11-10 17:00:07,913 - Knowledge - ERROR - Timeout processing /app/data/T0015/222062/b1841j9/RDK-Service/DeviceIdentification/Implementation/RPI/RPI.cpp after 90s
2025-11-10 17:00:07,964 - Knowledge - WARNING - File /app/data/T0015/222062/b1841j9/RDK-Service/Miracast/common/MiracastCommon.h not successfully processed
2025-11-10 17:00:08,271 - Knowledge - INFO - Fast-tracked /app/data/T0015/222062/b1841j9/RDK-Service/PersistentStore/Module.h (ext=.h, size=1340)
2025-11-10 17:00:08,286 - Knowledge - INFO - process ingested knowledge for /app/data/T0015/222062/b1841j9/RDK-Service/ScreenCapture/CMakeLists.txt
2025-11-10 17:00:08,318 - Knowledge - INFO - Worker kw15 processing /app/data/T0015/222062/b1841j9/RDK-Service/PersistentStore/PersistentStore.cpp
2025-11-10 17:00:08,618 - Knowledge - INFO - Fast-tracked /app/data/T0015/222062/b1841j9/RDK-Service/DTV/DTVPlugin.json (ext=.json, size=397)
2025-11-10 17:00:08,877 - Knowledge - INFO - process ingested knowledge for /app/data/T0015/222062/b1841j9/RDK-Service/DeviceInfo/Implementation/FirmwareVersion.cpp
2025-11-10 17:00:08,945 - Knowledge - INFO - process ingested knowledge for /app/data/T0015/222062/b1841j9/RDK-Service/SystemAudioPlayer/Module.cpp
2025-11-10 17:00:09,222 - Knowledge - INFO - Worker kw20 processing /app/data/T0015/222062/b1841j9/RDK-Service/PersistentStore/l0test/PersistentStoreImplementationMock.h
2025-11-10 17:00:09,523 - Knowledge - INFO - Worker kw15 processing /app/data/T0015/222062/b1841j9/RDK-Service/DataCapture/socket_adaptor.cpp
2025-11-10 17:00:09,591 - Knowledge - INFO - process ingested knowledge for /app/data/T0015/222062/b1841j9/RDK-Service/UsbAccess/UsbAccess.json
2025-11-10 17:00:10,057 - Knowledge - INFO - Worker kw20 processing /app/data/T0015/222062/b1841j9/RDK-Service/PersistentStore/l0test/CMakeLists.txt
2025-11-10 17:00:10,359 - Knowledge - INFO - Worker kw15 processing /app/data/T0015/222062/b1841j9/RDK-Service/DataCapture/DataCapture.h
2025-11-10 17:00:10,558 - Knowledge - INFO - process ingested knowledge for /app/data/T0015/222062/b1841j9/RDK-Service/ScreenCapture/cmake/FindLibDRM.cmake
2025-11-10 17:00:10,588 - Knowledge - INFO - Fast-tracked /app/data/T0015/222062/b1841j9/RDK-Service/PersistentStore/l0test/CMakeLists.txt (ext=.txt, size=1508)
2025-11-10 17:00:10,835 - Knowledge - INFO - Worker kw15 processing /app/data/T0015/222062/b1841j9/RDK-Service/DataCapture/Module.h
2025-11-10 17:00:11,133 - Knowledge - INFO - Worker kw20 processing /app/data/T0015/222062/b1841j9/RDK-Service/PersistentStore/l0test/ServiceMock.h
2025-11-10 17:00:11,252 - Knowledge - INFO - Fast-tracked /app/data/T0015/222062/b1841j9/RDK-Service/DataCapture/Module.h (ext=.h, size=875)
2025-11-10 17:00:11,317 - Knowledge - INFO - process ingested knowledge for /app/data/T0015/222062/b1841j9/RDK-Service/SystemAudioPlayer/CHANGELOG.md
2025-11-10 17:00:11,388 - Knowledge - WARNING - File /app/data/T0015/222062/b1841j9/RDK-Service/Miracast/MiracastService/P2P/MiracastP2P.h not successfully processed
2025-11-10 17:00:11,389 - Knowledge - INFO - Fast-tracked /app/data/T0015/222062/b1841j9/RDK-Service/OCIContainer/stubs/i_omi_proxy.hpp (small file (2537 bytes))
2025-11-10 17:00:11,405 - Knowledge - INFO - process ingested knowledge for /app/data/T0015/222062/b1841j9/RDK-Service/UsbAccess/Module.h
2025-11-10 17:00:11,413 - Knowledge - INFO - process ingested knowledge for /app/data/T0015/222062/b1841j9/RDK-Service/DeviceInfo/Implementation/DeviceInfo.h
2025-11-10 17:00:11,413 - Knowledge - INFO - process ingested knowledge for /app/data/T0015/222062/b1841j9/RDK-Service/ScreenCapture/README.md
2025-11-10 17:00:11,577 - Knowledge - INFO - Worker kw20 processing /app/data/T0015/222062/b1841j9/RDK-Service/PersistentStore/l0test/PersistentStoreTest.cpp
2025-11-10 17:00:11,715 - Knowledge - INFO - Worker kw15 processing /app/data/T0015/222062/b1841j9/RDK-Service/DataCapture/DataCapture.json
2025-11-10 17:00:12,033 - Knowledge - WARNING - File /app/data/T0015/222062/b1841j9/RDK-Service/Miracast/MiracastService/P2P/MiracastP2P.cpp not successfully processed
2025-11-10 17:00:12,197 - Knowledge - INFO - Async storage completed for 19 embeddings
2025-11-10 17:00:12,551 - Knowledge - WARNING - File /app/data/T0015/222062/b1841j9/RDK-Service/Network/NetworkConnectivity.cpp not successfully processed
2025-11-10 17:00:13,061 - Knowledge - INFO - Worker kw20 processing /app/data/T0015/222062/b1841j9/RDK-Service/PersistentStore/sqlite/Store2.h
2025-11-10 17:00:13,086 - Knowledge - INFO - Fast-tracked /app/data/T0015/222062/b1841j9/RDK-Service/DataCapture/DataCapture.json (ext=.json, size=6819)
2025-11-10 17:00:13,098 - Knowledge - INFO - process ingested knowledge for /app/data/T0015/222062/b1841j9/RDK-Service/ScreenCapture/Module.h
2025-11-10 17:00:13,258 - Knowledge - WARNING - File /app/data/T0015/222062/b1841j9/RDK-Service/Miracast/MiracastService/MiracastService.cpp not successfully processed
2025-11-10 17:00:13,840 - Knowledge - INFO - process ingested knowledge for /app/data/T0015/222062/b1841j9/RDK-Service/DeviceInfo/Implementation/DeviceAudioCapabilities.h
2025-11-10 17:00:14,029 - Knowledge - INFO - Worker kw20 processing /app/data/T0015/222062/b1841j9/RDK-Service/PersistentStore/sqlite/l1test/WorkerPoolImplementation.h
2025-11-10 17:00:14,121 - Knowledge - INFO - Worker kw15 processing /app/data/T0015/222062/b1841j9/RDK-Service/DataCapture/CMakeLists.txt
2025-11-10 17:00:14,947 - Knowledge - INFO - Fast-tracked /app/data/T0015/222062/b1841j9/RDK-Service/PersistentStore/sqlite/l1test/WorkerPoolImplementation.h (ext=.h, size=1262)
2025-11-10 17:00:15,331 - Knowledge - INFO - Async storage completed for 18 embeddings
2025-11-10 17:00:15,385 - Knowledge - INFO - process ingested knowledge for /app/data/T0015/222062/b1841j9/RDK-Service/ScreenCapture/ScreenCapturePlugin.json
2025-11-10 17:00:15,394 - Knowledge - INFO - process ingested knowledge for /app/data/T0015/222062/b1841j9/RDK-Service/UsbAccess/CMakeLists.txt
2025-11-10 17:00:15,464 - Knowledge - WARNING - File /app/data/T0015/222062/b1841j9/RDK-Service/Miracast/MiracastService/MiracastController.h not successfully processed
2025-11-10 17:00:15,567 - Knowledge - WARNING - File /app/data/T0015/222062/b1841j9/RDK-Service/DisplayInfo/cmake/FindNEXUS.cmake not successfully processed
2025-11-10 17:00:15,601 - Knowledge - INFO - Fast-tracked /app/data/T0015/222062/b1841j9/RDK-Service/DataCapture/CMakeLists.txt (ext=.txt, size=2178)
2025-11-10 17:00:15,744 - Knowledge - WARNING - File /app/data/T0015/222062/b1841j9/RDK-Service/Network/NetUtilsNetlink.cpp not successfully processed
2025-11-10 17:00:15,855 - Knowledge - INFO - Worker kw20 processing /app/data/T0015/222062/b1841j9/RDK-Service/PersistentStore/sqlite/l1test/Store2Test.cpp
2025-11-10 17:00:16,343 - Knowledge - WARNING - File /app/data/T0015/222062/b1841j9/RDK-Service/Miracast/MiracastService/MiracastController.cpp not successfully processed
2025-11-10 17:00:16,535 - Knowledge - INFO - Split /app/data/T0015/222062/b1841j9/RDK-Service/HdmiCecSource/HdmiCecSource.cpp (75063 bytes) into 3 chunks of ~32KB
2025-11-10 17:00:16,622 - Knowledge - INFO - Worker kw15 processing /app/data/T0015/222062/b1841j9/RDK-Service/DataCapture/socket_adaptor.h
2025-11-10 17:00:17,055 - Knowledge - INFO - Worker kw20 processing /app/data/T0015/222062/b1841j9/RDK-Service/PersistentStore/sqlite/l1test/Store2NotificationMock.h
2025-11-10 17:00:17,829 - Knowledge - INFO - process ingested knowledge for /app/data/T0015/222062/b1841j9/RDK-Service/ScreenCapture/Module.cpp
2025-11-10 17:00:17,871 - Knowledge - WARNING - File /app/data/T0015/222062/b1841j9/RDK-Service/DisplayInfo/DeviceSettings/Realtek/kms.c not successfully processed
2025-11-10 17:00:17,939 - Knowledge - INFO - Worker kw15 processing /app/data/T0015/222062/b1841j9/RDK-Service/DataCapture/DataCapturePlugin.json
2025-11-10 17:00:18,099 - Knowledge - INFO - Fast-tracked /app/data/T0015/222062/b1841j9/RDK-Service/PersistentStore/sqlite/l1test/Store2NotificationMock.h (ext=.h, size=490)
2025-11-10 17:00:19,135 - Knowledge - INFO - Fast-tracked /app/data/T0015/222062/b1841j9/RDK-Service/DataCapture/DataCapturePlugin.json (ext=.json, size=521)
2025-11-10 17:00:19,208 - Knowledge - INFO - Worker kw20 processing /app/data/T0015/222062/b1841j9/RDK-Service/PersistentStore/sqlite/l1test/CMakeLists.txt
2025-11-10 17:00:19,375 - Knowledge - INFO - Worker kw15 processing /app/data/T0015/222062/b1841j9/RDK-Service/DataCapture/README.md
2025-11-10 17:00:19,778 - Knowledge - INFO - Fast-tracked /app/data/T0015/222062/b1841j9/RDK-Service/PersistentStore/sqlite/l1test/CMakeLists.txt (ext=.txt, size=1464)
2025-11-10 17:00:19,934 - Knowledge - WARNING - File /app/data/T0015/222062/b1841j9/RDK-Service/Miracast/MiracastService/MiracastService.h not successfully processed
2025-11-10 17:00:20,193 - Knowledge - INFO - Worker kw20 processing /app/data/T0015/222062/b1841j9/RDK-Service/PersistentStore/PersistentStoreImplementation.h
2025-11-10 17:00:20,221 - Knowledge - INFO - Fast-tracked /app/data/T0015/222062/b1841j9/RDK-Service/DataCapture/README.md (ext=.md, size=1056)
2025-11-10 17:00:20,583 - Knowledge - INFO - Worker kw20 processing /app/data/T0015/222062/b1841j9/RDK-Service/PersistentStore/PersistentStore.json
2025-11-10 17:00:20,734 - Knowledge - INFO - process ingested knowledge for /app/data/T0015/222062/b1841j9/RDK-Service/UsbAccess/README.md
2025-11-10 17:00:20,758 - Knowledge - INFO - process ingested knowledge for /app/data/T0015/222062/b1841j9/RDK-Service/ScreenCapture/CHANGELOG.md
2025-11-10 17:00:20,841 - Knowledge - INFO - Worker kw15 processing /app/data/T0015/222062/b1841j9/RDK-Service/DataCapture/Module.cpp
2025-11-10 17:00:21,253 - Knowledge - INFO - [LLM_CALL] Completed: WifiManager.h:chunk1, Duration: 68719ms, PromptTokens: 3222, CompletionTokens: 870, Cost: $0.00067
2025-11-10 17:00:21,313 - Knowledge - INFO - Fast-tracked /app/data/T0015/222062/b1841j9/RDK-Service/PersistentStore/PersistentStore.json (ext=.json, size=11007)
2025-11-10 17:00:21,419 - Knowledge - WARNING - File /app/data/T0015/222062/b1841j9/RDK-Service/Network/NetUtils.cpp not successfully processed
2025-11-10 17:00:21,586 - Knowledge - INFO - Split /app/data/T0015/222062/b1841j9/RDK-Service/DTV/DTVImpl.h (88643 bytes) into 3 chunks of ~32KB
2025-11-10 17:00:21,870 - Knowledge - INFO - Fast-tracked /app/data/T0015/222062/b1841j9/RDK-Service/DataCapture/Module.cpp (ext=.cpp, size=765)
2025-11-10 17:00:21,984 - Knowledge - INFO - done ingest for /app/data/T0015/222062/b1841j9/RDK-Service/WifiManager/WifiManager.h
2025-11-10 17:00:22,221 - Knowledge - INFO - Worker kw20 processing /app/data/T0015/222062/b1841j9/RDK-Service/PersistentStore/CMakeLists.txt
2025-11-10 17:00:22,415 - Knowledge - WARNING - File /app/data/T0015/222062/b1841j9/RDK-Service/Network/NetworkTraceroute.cpp not successfully processed
2025-11-10 17:00:22,725 - Knowledge - INFO - Worker kw15 processing /app/data/T0015/222062/b1841j9/RDK-Service/DataCapture/CHANGELOG.md
2025-11-10 17:00:22,997 - Knowledge - INFO - Fast-tracked /app/data/T0015/222062/b1841j9/RDK-Service/PersistentStore/CMakeLists.txt (ext=.txt, size=3274)
2025-11-10 17:00:23,337 - Knowledge - WARNING - File /app/data/T0015/222062/b1841j9/RDK-Service/DisplayInfo/DeviceSettings/Realtek/SoC_abstraction.cpp not successfully processed
2025-11-10 17:00:23,405 - Knowledge - INFO - Fast-tracked /app/data/T0015/222062/b1841j9/RDK-Service/DataCapture/CHANGELOG.md (ext=.md, size=1937)
2025-11-10 17:00:23,540 - Knowledge - INFO - Worker kw20 processing /app/data/T0015/222062/b1841j9/RDK-Service/PersistentStore/PersistentStoreJsonRpc.cpp
2025-11-10 17:00:23,662 - Knowledge - INFO - process ingested knowledge for /app/data/T0015/222062/b1841j9/RDK-Service/UsbAccess/UsbAccessPlugin.json
2025-11-10 17:00:23,711 - Knowledge - INFO - [WEBSOCKET] Sent: Type=progress_update, Size: 296, Duration: 0ms
2025-11-10 17:00:23,981 - Knowledge - INFO - Worker kw15 processing /app/data/T0015/222062/b1841j9/RDK-Service/DataCapture/DataCapture.cpp
2025-11-10 17:00:24,376 - Knowledge - INFO - Worker kw20 processing /app/data/T0015/222062/b1841j9/RDK-Service/PersistentStore/PersistentStorePlugin.json
2025-11-10 17:00:24,725 - Knowledge - INFO - [WEBSOCKET] Sent: Type=unknown, Size: ?, Duration: 1014ms
2025-11-10 17:00:25,545 - Knowledge - INFO - Worker kw15 processing /app/data/T0015/222062/b1841j9/RDK-Service/MaintenanceManager/MaintenanceManager.h
2025-11-10 17:00:25,625 - Knowledge - WARNING - File /app/data/T0015/222062/b1841j9/RDK-Service/SystemAudioPlayer/SystemAudioPlayerImplementation.h not successfully processed
2025-11-10 17:00:25,820 - Knowledge - INFO - Progress: 23.8% | Files: 330/1376 | Rate: 1.21 files/sec | Queue: 691
2025-11-10 17:00:25,878 - Knowledge - INFO - Fast-tracked /app/data/T0015/222062/b1841j9/RDK-Service/PersistentStore/PersistentStorePlugin.json (ext=.json, size=490)
2025-11-10 17:00:26,085 - Knowledge - INFO - Worker kw15 processing /app/data/T0015/222062/b1841j9/RDK-Service/MaintenanceManager/Module.h
2025-11-10 17:00:26,280 - Knowledge - INFO - process ingested knowledge for /app/data/T0015/222062/b1841j9/RDK-Service/UsbAccess/Module.cpp
2025-11-10 17:00:26,314 - Knowledge - INFO - [kw17] Queue=691, InProgress=0, PendingWorkers=20/20, Completed=331/1376 (24.1%)
2025-11-10 17:00:26,413 - Knowledge - WARNING - File /app/data/T0015/222062/b1841j9/RDK-Service/Network/Network.cpp not successfully processed
2025-11-10 17:00:26,667 - Knowledge - INFO - Split /app/data/T0015/222062/b1841j9/RDK-Service/DTV/DTV.cpp (74472 bytes) into 3 chunks of ~32KB
2025-11-10 17:00:26,667 - Knowledge - WARNING - File /app/data/T0015/222062/b1841j9/RDK-Service/DisplayInfo/DeviceSettings/PlatformImplementation.cpp not successfully processed
2025-11-10 17:00:26,743 - Knowledge - INFO - Fast-tracked /app/data/T0015/222062/b1841j9/RDK-Service/MaintenanceManager/Module.h (ext=.h, size=882)
2025-11-10 17:00:27,132 - Knowledge - INFO - [kw6] Queue=691, InProgress=0, PendingWorkers=20/20, Completed=332/1376 (24.1%)
2025-11-10 17:00:27,312 - Knowledge - INFO - [LLM_CALL] Completed: LEDControl.cpp:chunk1, Duration: 45479ms, PromptTokens: 5924, CompletionTokens: 449, Cost: $0.00077
2025-11-10 17:00:27,457 - Knowledge - INFO - Batch sizing: calculated=20, max_allowed=25, queue=691, active_workers=20/20
2025-11-10 17:00:27,779 - Knowledge - INFO - Async storage completed for 15 embeddings
2025-11-10 17:00:27,979 - Knowledge - WARNING - File /app/data/T0015/222062/b1841j9/RDK-Service/DisplayInfo/DeviceSettings/Amlogic/kms.c not successfully processed
2025-11-10 17:00:28,131 - Knowledge - INFO - Fast-tracked /app/data/T0015/222062/b1841j9/RDK-Service/PersistentStore/PersistentStoreImplementation.cpp (small file (2496 bytes))
2025-11-10 17:00:28,418 - Knowledge - INFO - Batch sizing: calculated=20, max_allowed=25, queue=691, active_workers=20/20
2025-11-10 17:00:28,593 - Knowledge - INFO - done ingest for /app/data/T0015/222062/b1841j9/RDK-Service/LEDControl/LEDControl.cpp
2025-11-10 17:00:28,821 - Knowledge - INFO - process ingested knowledge for /app/data/T0015/222062/b1841j9/RDK-Service/UsbAccess/CHANGELOG.md
2025-11-10 17:00:28,837 - Knowledge - INFO - process ingested knowledge for /app/data/T0015/222062/b1841j9/RDK-Service/CloudStore/Module.h
2025-11-10 17:00:29,153 - Knowledge - INFO - [LLM_CALL] Completed: WifiManagerScan.cpp:chunk1, Duration: 58689ms, PromptTokens: 6314, CompletionTokens: 698, Cost: $0.00091
2025-11-10 17:00:30,153 - Knowledge - INFO - done ingest for /app/data/T0015/222062/b1841j9/RDK-Service/WifiManager/impl/WifiManagerScan.cpp
2025-11-10 17:00:30,259 - Knowledge - INFO - [LLM_CALL] Completed: WifiManagerState.cpp:chunk1, Duration: 90004ms, PromptTokens: 4108, CompletionTokens: 453, Cost: $0.00059
2025-11-10 17:00:30,265 - Knowledge - INFO - Async storing batch of 18 embeddings
2025-11-10 17:00:30,675 - Knowledge - INFO - done ingest for /app/data/T0015/222062/b1841j9/RDK-Service/WifiManager/impl/WifiManagerState.cpp
2025-11-10 17:00:30,738 - Knowledge - INFO - Async storing batch of 17 embeddings
2025-11-10 17:00:30,744 - Knowledge - INFO - process ingested knowledge for /app/data/T0015/222062/b1841j9/RDK-Service/SharedStorage/SharedStorage.json
2025-11-10 17:00:30,785 - Knowledge - INFO - Worker kw17 processing /app/data/T0015/222062/b1841j9/RDK-Service/MaintenanceManager/MaintenanceManager.json
2025-11-10 17:00:30,875 - Knowledge - WARNING - File /app/data/T0015/222062/b1841j9/RDK-Service/DisplayInfo/DeviceSettings/Amlogic/SoC_abstraction.cpp not successfully processed
2025-11-10 17:00:31,127 - Knowledge - INFO - Worker kw6 processing /app/data/T0015/222062/b1841j9/RDK-Service/cmake/FindRDKStorageManager.cmake
2025-11-10 17:00:31,655 - Knowledge - INFO - process ingested knowledge for /app/data/T0015/222062/b1841j9/RDK-Service/CloudStore/l0test/CloudStoreImplementationMock.h
2025-11-10 17:00:31,682 - Knowledge - WARNING - File /app/data/T0015/222062/b1841j9/RDK-Service/Network/PingNotifier.cpp not successfully processed
2025-11-10 17:00:31,846 - Knowledge - INFO - Fast-tracked /app/data/T0015/222062/b1841j9/RDK-Service/MaintenanceManager/MaintenanceManager.json (ext=.json, size=9126)
2025-11-10 17:00:32,002 - Knowledge - WARNING - File /app/data/T0015/222062/b1841j9/RDK-Service/SystemAudioPlayer/SystemAudioPlayerJsonRpc.cpp not successfully processed
2025-11-10 17:00:32,026 - Knowledge - WARNING - File /app/data/T0015/222062/b1841j9/RDK-Service/DisplayInfo/DeviceSettings/RPI/kms.c not successfully processed
2025-11-10 17:00:32,412 - Knowledge - INFO - Fast-tracked /app/data/T0015/222062/b1841j9/RDK-Service/cmake/FindRDKStorageManager.cmake (ext=.cmake, size=983)
2025-11-10 17:00:32,689 - Knowledge - WARNING - File /app/data/T0015/222062/b1841j9/RDK-Service/Network/NetworkConnectivity.h not successfully processed
2025-11-10 17:00:32,689 - Knowledge - INFO - process ingested knowledge for /app/data/T0015/222062/b1841j9/RDK-Service/SharedStorage/Module.h
2025-11-10 17:00:32,841 - Knowledge - INFO - Worker kw17 processing /app/data/T0015/222062/b1841j9/RDK-Service/MaintenanceManager/CMakeLists.txt
2025-11-10 17:00:32,942 - Knowledge - INFO - [LLM_CALL] Completed: TimeZoneSupport.cpp:chunk1, Duration: 124270ms, PromptTokens: 2492, CompletionTokens: 616, Cost: $0.00050
2025-11-10 17:00:33,204 - Knowledge - INFO - process ingested knowledge for /app/data/T0015/222062/b1841j9/RDK-Service/CloudStore/l0test/CMakeLists.txt
2025-11-10 17:00:33,336 - Knowledge - INFO - Worker kw6 processing /app/data/T0015/222062/b1841j9/RDK-Service/cmake/FindNXCLIENT.cmake
2025-11-10 17:00:33,581 - Knowledge - WARNING - File /app/data/T0015/222062/b1841j9/RDK-Service/DeviceIdentification/DeviceIdentification.h not successfully processed
2025-11-10 17:00:34,027 - Knowledge - INFO - Fast-tracked /app/data/T0015/222062/b1841j9/RDK-Service/MaintenanceManager/CMakeLists.txt (ext=.txt, size=2784)
2025-11-10 17:00:34,313 - Knowledge - INFO - Fast-tracked /app/data/T0015/222062/b1841j9/RDK-Service/PersistentStore/l1test/PersistentStoreTest.cpp (small file (2047 bytes))
2025-11-10 17:00:34,324 - Knowledge - INFO - done ingest for /app/data/T0015/222062/b1841j9/RDK-Service/WebKitBrowser/TimeZone/TimeZoneSupport.cpp
2025-11-10 17:00:34,466 - Knowledge - INFO - Fast-tracked /app/data/T0015/222062/b1841j9/RDK-Service/PersistentStore/l0test/PersistentStoreImplementationMock.h (small file (2717 bytes))
2025-11-10 17:00:34,601 - Knowledge - INFO - [LLM_CALL] Completed: broadcom.cmake:chunk1, Duration: 41094ms, PromptTokens: 6764, CompletionTokens: 59, Cost: $0.00070
2025-11-10 17:00:34,613 - Knowledge - INFO - Worker kw6 processing /app/data/T0015/222062/b1841j9/RDK-Service/cmake/Findjsoncpp.cmake
2025-11-10 17:00:34,879 - Knowledge - INFO - Worker kw17 processing /app/data/T0015/222062/b1841j9/RDK-Service/MaintenanceManager/cmake/FindIARMBus.cmake
2025-11-10 17:00:34,965 - Knowledge - INFO - process ingested knowledge for /app/data/T0015/222062/b1841j9/RDK-Service/SharedStorage/CMakeLists.txt
2025-11-10 17:00:35,444 - Knowledge - INFO - done ingest for /app/data/T0015/222062/b1841j9/RDK-Service/broadcom.cmake
2025-11-10 17:00:35,462 - Knowledge - WARNING - File /app/data/T0015/222062/b1841j9/RDK-Service/DisplayInfo/DeviceSettings/RPI/SoC_abstraction.cpp not successfully processed
2025-11-10 17:00:35,619 - Knowledge - INFO - Fast-tracked /app/data/T0015/222062/b1841j9/RDK-Service/cmake/Findjsoncpp.cmake (ext=.cmake, size=1853)
2025-11-10 17:00:35,723 - Knowledge - INFO - Fast-tracked /app/data/T0015/222062/b1841j9/RDK-Service/MaintenanceManager/cmake/FindIARMBus.cmake (ext=.cmake, size=1841)
2025-11-10 17:00:35,794 - Knowledge - INFO - process ingested knowledge for /app/data/T0015/222062/b1841j9/RDK-Service/CloudStore/grpc/l0test/WorkerPoolImplementation.h
2025-11-10 17:00:36,184 - Knowledge - WARNING - File /app/data/T0015/222062/b1841j9/RDK-Service/DisplayInfo/DeviceSettings/Broadcom/SoC_abstraction.cpp not successfully processed
2025-11-10 17:00:36,593 - Knowledge - INFO - Worker kw6 processing /app/data/T0015/222062/b1841j9/RDK-Service/cmake/FindPlabels.cmake
2025-11-10 17:00:36,715 - Knowledge - INFO - process ingested knowledge for /app/data/T0015/222062/b1841j9/RDK-Service/SharedStorage/SharedStoragePlugin.json
2025-11-10 17:00:36,765 - Knowledge - INFO - Worker kw17 processing /app/data/T0015/222062/b1841j9/RDK-Service/MaintenanceManager/MaintenanceManagerPlugin.json
2025-11-10 17:00:37,105 - Knowledge - INFO - Processing batch of 13 files
2025-11-10 17:00:37,409 - Knowledge - INFO - Fast-tracked /app/data/T0015/222062/b1841j9/RDK-Service/cmake/FindPlabels.cmake (ext=.cmake, size=348)
2025-11-10 17:00:37,737 - Knowledge - INFO - Fast-tracked /app/data/T0015/222062/b1841j9/RDK-Service/MaintenanceManager/MaintenanceManagerPlugin.json (ext=.json, size=528)
2025-11-10 17:00:37,798 - Knowledge - INFO - process ingested knowledge for /app/data/T0015/222062/b1841j9/RDK-Service/Miracast/MiracastService/Module.h
2025-11-10 17:00:37,957 - Knowledge - INFO - Worker kw6 processing /app/data/T0015/222062/b1841j9/RDK-Service/cmake/FindIARMBus.cmake
2025-11-10 17:00:38,146 - Knowledge - INFO - Worker kw17 processing /app/data/T0015/222062/b1841j9/RDK-Service/MaintenanceManager/README.md
2025-11-10 17:00:38,197 - Knowledge - WARNING - File /app/data/T0015/222062/b1841j9/RDK-Service/DeviceIdentification/Implementation/Linux/Linux.cpp not successfully processed
2025-11-10 17:00:38,475 - Knowledge - INFO - process ingested knowledge for /app/data/T0015/222062/b1841j9/RDK-Service/CloudStore/grpc/l0test/CMakeLists.txt
2025-11-10 17:00:38,628 - Knowledge - INFO - Fast-tracked /app/data/T0015/222062/b1841j9/RDK-Service/cmake/FindIARMBus.cmake (ext=.cmake, size=1860)
2025-11-10 17:00:38,772 - Knowledge - INFO - Fast-tracked /app/data/T0015/222062/b1841j9/RDK-Service/MaintenanceManager/README.md (ext=.md, size=1738)
2025-11-10 17:00:38,957 - Knowledge - WARNING - File /app/data/T0015/222062/b1841j9/RDK-Service/DeviceIdentification/Implementation/Realtek/Realtek.cpp not successfully processed
2025-11-10 17:00:39,059 - Knowledge - INFO - [LLM_CALL] Completed: WifiManagerInterface.h:chunk1, Duration: 62807ms, PromptTokens: 2310, CompletionTokens: 714, Cost: $0.00052
2025-11-10 17:00:39,520 - Knowledge - INFO - Worker kw6 processing /app/data/T0015/222062/b1841j9/RDK-Service/cmake/FindNEXUS.cmake
2025-11-10 17:00:39,594 - Knowledge - INFO - Worker kw17 processing /app/data/T0015/222062/b1841j9/RDK-Service/MaintenanceManager/Module.cpp
2025-11-10 17:00:40,119 - Knowledge - INFO - done ingest for /app/data/T0015/222062/b1841j9/RDK-Service/WifiManager/WifiManagerInterface.h
2025-11-10 17:00:40,195 - Knowledge - INFO - Processing batch of 13 files
2025-11-10 17:00:40,457 - Knowledge - INFO - [LLM_CALL] Completed: LocationSyncJsonRpc.cpp:chunk1, Duration: 62561ms, PromptTokens: 2166, CompletionTokens: 589, Cost: $0.00045
2025-11-10 17:00:40,464 - Knowledge - INFO - Worker kw6 processing /app/data/T0015/222062/b1841j9/RDK-Service/cmake/FindTTS.cmake
2025-11-10 17:00:40,580 - Knowledge - INFO - Fast-tracked /app/data/T0015/222062/b1841j9/RDK-Service/MaintenanceManager/Module.cpp (ext=.cpp, size=765)
2025-11-10 17:00:40,597 - Knowledge - INFO - process ingested knowledge for /app/data/T0015/222062/b1841j9/RDK-Service/CloudStore/grpc/l0test/SecureStorageServiceMock.h
2025-11-10 17:00:40,653 - Knowledge - INFO - process ingested knowledge for /app/data/T0015/222062/b1841j9/RDK-Service/Miracast/MiracastService/MiracastServicePlugin.json
2025-11-10 17:00:41,257 - Knowledge - INFO - process ingested knowledge for /app/data/T0015/222062/b1841j9/RDK-Service/DisplayInfo/Module.h
2025-11-10 17:00:41,369 - Knowledge - INFO - done ingest for /app/data/T0015/222062/b1841j9/RDK-Service/LocationSync/LocationSyncJsonRpc.cpp
2025-11-10 17:00:41,677 - Knowledge - INFO - Fast-tracked /app/data/T0015/222062/b1841j9/RDK-Service/cmake/FindTTS.cmake (ext=.cmake, size=1379)
2025-11-10 17:00:41,937 - Knowledge - INFO - Worker kw17 processing /app/data/T0015/222062/b1841j9/RDK-Service/MaintenanceManager/CHANGELOG.md
2025-11-10 17:00:42,706 - Knowledge - INFO - Worker kw6 processing /app/data/T0015/222062/b1841j9/RDK-Service/cmake/FindCEC.cmake
2025-11-10 17:00:42,905 - Knowledge - INFO - Fast-tracked /app/data/T0015/222062/b1841j9/RDK-Service/MaintenanceManager/CHANGELOG.md (ext=.md, size=5993)
2025-11-10 17:00:42,911 - Knowledge - WARNING - File /app/data/T0015/222062/b1841j9/RDK-Service/DeviceIdentification/Implementation/MFR/MFR.cpp not successfully processed
2025-11-10 17:00:43,097 - Knowledge - INFO - Worker kw6 processing /app/data/T0015/222062/b1841j9/RDK-Service/cmake/FindDS.cmake
2025-11-10 17:00:43,219 - Knowledge - INFO - Worker kw17 processing /app/data/T0015/222062/b1841j9/RDK-Service/MaintenanceManager/MaintenanceManager.cpp
2025-11-10 17:00:43,475 - Knowledge - INFO - [LLM_CALL] Completed: ContinueWatching.h:chunk1, Duration: 97147ms, PromptTokens: 3392, CompletionTokens: 636, Cost: $0.00059
2025-11-10 17:00:43,482 - Knowledge - WARNING - File /app/data/T0015/222062/b1841j9/RDK-Service/DeviceIdentification/Implementation/RPI/RPI.cpp not successfully processed
2025-11-10 17:00:43,624 - Knowledge - INFO - process ingested knowledge for /app/data/T0015/222062/b1841j9/RDK-Service/CloudStore/grpc/l0test/Server.h
2025-11-10 17:00:43,647 - Knowledge - INFO - process ingested knowledge for /app/data/T0015/222062/b1841j9/RDK-Service/Miracast/MiracastService/CMakeLists.txt
2025-11-10 17:00:43,677 - Knowledge - INFO - Fast-tracked /app/data/T0015/222062/b1841j9/RDK-Service/cmake/FindDS.cmake (ext=.cmake, size=1836)
2025-11-10 17:00:43,677 - Knowledge - INFO - process ingested knowledge for /app/data/T0015/222062/b1841j9/RDK-Service/DisplayInfo/DisplayInfoJsonRpc.cpp
2025-11-10 17:00:43,768 - Knowledge - INFO - Fast-tracked /app/data/T0015/222062/b1841j9/RDK-Service/MaintenanceManager/MaintenanceManager.cpp (ext=.cpp, size=101757)
2025-11-10 17:00:43,861 - Knowledge - INFO - done ingest for /app/data/T0015/222062/b1841j9/RDK-Service/ContinueWatching/ContinueWatching.h
2025-11-10 17:00:44,075 - Knowledge - INFO - Processing batch of 13 files
2025-11-10 17:00:44,479 - Knowledge - INFO - Worker kw6 processing /app/data/T0015/222062/b1841j9/RDK-Service/cmake/FindAamp.cmake
2025-11-10 17:00:44,718 - Knowledge - INFO - Worker kw17 processing /app/data/T0015/222062/b1841j9/RDK-Service/cmake/FindDL.cmake
2025-11-10 17:00:45,015 - Knowledge - INFO - [kw10] Queue=651, InProgress=0, PendingWorkers=20/20, Completed=352/1376 (25.6%)
2025-11-10 17:00:45,033 - Knowledge - INFO - process ingested knowledge for /app/data/T0015/222062/b1841j9/RDK-Service/CloudStore/grpc/l2test/CMakeLists.txt
2025-11-10 17:00:45,143 - Knowledge - INFO - process ingested knowledge for /app/data/T0015/222062/b1841j9/RDK-Service/Network/Module.h
2025-11-10 17:00:45,327 - Knowledge - INFO - Worker kw6 processing /app/data/T0015/222062/b1841j9/RDK-Service/cmake/FindSqliteSee.cmake
2025-11-10 17:00:45,436 - Knowledge - INFO - Fast-tracked /app/data/T0015/222062/b1841j9/RDK-Service/cmake/FindDL.cmake (ext=.cmake, size=93)
2025-11-10 17:00:45,484 - Knowledge - INFO - [LLM_CALL] Completed: OCIContainer.h:chunk1, Duration: 37300ms, PromptTokens: 2374, CompletionTokens: 701, Cost: $0.00052
2025-11-10 17:00:45,608 - Knowledge - INFO - Batch sizing: calculated=20, max_allowed=25, queue=651, active_workers=20/20
2025-11-10 17:00:45,954 - Knowledge - INFO - process ingested knowledge for /app/data/T0015/222062/b1841j9/RDK-Service/DisplayInfo/DisplayInfo.json
2025-11-10 17:00:46,111 - Knowledge - INFO - Fast-tracked /app/data/T0015/222062/b1841j9/RDK-Service/cmake/FindSqliteSee.cmake (ext=.cmake, size=71)
2025-11-10 17:00:46,187 - Knowledge - INFO - Worker kw17 processing /app/data/T0015/222062/b1841j9/RDK-Service/cmake/FindAC.cmake
2025-11-10 17:00:46,270 - Knowledge - INFO - process ingested knowledge for /app/data/T0015/222062/b1841j9/RDK-Service/Miracast/MiracastService/MiracastService.json
2025-11-10 17:00:46,277 - Knowledge - INFO - process ingested knowledge for /app/data/T0015/222062/b1841j9/RDK-Service/Network/Network.json
2025-11-10 17:00:46,300 - Knowledge - INFO - done ingest for /app/data/T0015/222062/b1841j9/RDK-Service/OCIContainer/OCIContainer.h
2025-11-10 17:00:46,304 - Knowledge - INFO - [LLM_CALL] Completed: WifiManagerSignalThreshold.cpp:chunk1, Duration: 93439ms, PromptTokens: 3546, CompletionTokens: 580, Cost: $0.00059
2025-11-10 17:00:46,743 - Knowledge - INFO - Worker kw6 processing /app/data/T0015/222062/b1841j9/RDK-Service/cmake/FindBCM_HOST.cmake
2025-11-10 17:00:46,854 - Knowledge - INFO - Fast-tracked /app/data/T0015/222062/b1841j9/RDK-Service/cmake/FindAC.cmake (ext=.cmake, size=1567)
2025-11-10 17:00:47,424 - Knowledge - INFO - done ingest for /app/data/T0015/222062/b1841j9/RDK-Service/WifiManager/impl/WifiManagerSignalThreshold.cpp
2025-11-10 17:00:47,656 - Knowledge - INFO - Worker kw6 processing /app/data/T0015/222062/b1841j9/RDK-Service/Tools/json_generator/schemas/interface.schema.json
2025-11-10 17:00:47,769 - Knowledge - INFO - Worker kw17 processing /app/data/T0015/222062/b1841j9/RDK-Service/cmake/FindUdev.cmake
2025-11-10 17:00:48,228 - Knowledge - INFO - Fast-tracked /app/data/T0015/222062/b1841j9/RDK-Service/Tools/json_generator/schemas/interface.schema.json (ext=.json, size=8197)
2025-11-10 17:00:48,238 - Knowledge - INFO - Async storing batch of 19 embeddings
2025-11-10 17:00:48,260 - Knowledge - INFO - process ingested knowledge for /app/data/T0015/222062/b1841j9/RDK-Service/DisplayInfo/CMakeLists.txt
2025-11-10 17:00:48,351 - Knowledge - INFO - Fast-tracked /app/data/T0015/222062/b1841j9/RDK-Service/cmake/FindUdev.cmake (ext=.cmake, size=66)
2025-11-10 17:00:48,504 - Knowledge - INFO - Worker kw6 processing /app/data/T0015/222062/b1841j9/RDK-Service/Tools/json_generator/schemas/plugin.schema.json
2025-11-10 17:00:48,693 - Knowledge - INFO - Worker kw10 processing /app/data/T0015/222062/b1841j9/RDK-Service/Timer/Module.h
2025-11-10 17:00:48,852 - Knowledge - INFO - process ingested knowledge for /app/data/T0015/222062/b1841j9/RDK-Service/Network/NetUtils.h
2025-11-10 17:00:49,097 - Knowledge - INFO - Worker kw17 processing /app/data/T0015/222062/b1841j9/RDK-Service/cmake/FindNopoll.cmake
2025-11-10 17:00:49,375 - Knowledge - INFO - Fast-tracked /app/data/T0015/222062/b1841j9/RDK-Service/Tools/json_generator/schemas/plugin.schema.json (ext=.json, size=5211)
2025-11-10 17:00:49,518 - Knowledge - INFO - Fast-tracked /app/data/T0015/222062/b1841j9/RDK-Service/Timer/Module.h (ext=.h, size=869)
2025-11-10 17:00:49,825 - Knowledge - INFO - Fast-tracked /app/data/T0015/222062/b1841j9/RDK-Service/cmake/FindNopoll.cmake (ext=.cmake, size=1155)
2025-11-10 17:00:49,917 - Knowledge - INFO - process ingested knowledge for /app/data/T0015/222062/b1841j9/RDK-Service/Miracast/MiracastService/Module.cpp
2025-11-10 17:00:49,957 - Knowledge - INFO - process ingested knowledge for /app/data/T0015/222062/b1841j9/RDK-Service/DisplayInfo/cmake/FindLibDRM.cmake
2025-11-10 17:00:49,975 - Knowledge - INFO - Worker kw6 processing /app/data/T0015/222062/b1841j9/RDK-Service/Tools/json_generator/docs_common.json
2025-11-10 17:00:50,149 - Knowledge - INFO - Worker kw10 processing /app/data/T0015/222062/b1841j9/RDK-Service/Timer/Timer.cpp
2025-11-10 17:00:50,451 - Knowledge - INFO - Worker kw17 processing /app/data/T0015/222062/b1841j9/RDK-Service/cmake/FindCTRLM.cmake
2025-11-10 17:00:51,112 - Knowledge - INFO - Fast-tracked /app/data/T0015/222062/b1841j9/RDK-Service/Tools/json_generator/docs_common.json (ext=.json, size=1694)
2025-11-10 17:00:51,241 - Knowledge - INFO - [LLM_CALL] Completed: HdmiCec_2.cpp:chunk1, Duration: 47588ms, PromptTokens: 16140, CompletionTokens: 1006, Cost: $0.00202
2025-11-10 17:00:51,286 - Knowledge - INFO - Worker kw10 processing /app/data/T0015/222062/b1841j9/RDK-Service/Timer/CMakeLists.txt
2025-11-10 17:00:51,393 - Knowledge - INFO - Fast-tracked /app/data/T0015/222062/b1841j9/RDK-Service/cmake/FindCTRLM.cmake (ext=.cmake, size=1245)
2025-11-10 17:00:51,475 - Knowledge - INFO - Worker kw6 processing /app/data/T0015/222062/b1841j9/RDK-Service/Tools/json_generator/Log.py
2025-11-10 17:00:51,822 - Knowledge - INFO - Fast-tracked /app/data/T0015/222062/b1841j9/RDK-Service/Timer/CMakeLists.txt (ext=.txt, size=1745)
2025-11-10 17:00:51,913 - Knowledge - INFO - Worker kw17 processing /app/data/T0015/222062/b1841j9/RDK-Service/cmake/FindSqlite.cmake
2025-11-10 17:00:51,990 - Knowledge - INFO - process ingested knowledge for /app/data/T0015/222062/b1841j9/RDK-Service/Network/CMakeLists.txt
2025-11-10 17:00:52,118 - Knowledge - INFO - Worker kw6 processing /app/data/T0015/222062/b1841j9/RDK-Service/Tools/json_generator/global.json
2025-11-10 17:00:52,407 - Knowledge - INFO - Worker kw10 processing /app/data/T0015/222062/b1841j9/RDK-Service/Timer/Timer.json
2025-11-10 17:00:52,664 - Knowledge - INFO - process ingested knowledge for /app/data/T0015/222062/b1841j9/RDK-Service/Miracast/CHANGELOG.md
2025-11-10 17:00:52,664 - Knowledge - INFO - Fast-tracked /app/data/T0015/222062/b1841j9/RDK-Service/cmake/FindSqlite.cmake (ext=.cmake, size=68)
2025-11-10 17:00:52,698 - Knowledge - INFO - process ingested knowledge for /app/data/T0015/222062/b1841j9/RDK-Service/DisplayInfo/cmake/FindGStreamer.cmake
2025-11-10 17:00:53,116 - Knowledge - INFO - Fast-tracked /app/data/T0015/222062/b1841j9/RDK-Service/Tools/json_generator/global.json (ext=.json, size=982)
2025-11-10 17:00:53,457 - Knowledge - INFO - Fast-tracked /app/data/T0015/222062/b1841j9/RDK-Service/Timer/Timer.json (ext=.json, size=10731)
2025-11-10 17:00:53,830 - Knowledge - INFO - Worker kw17 processing /app/data/T0015/222062/b1841j9/RDK-Service/cmake/FindGStreamer.cmake
2025-11-10 17:00:54,420 - Knowledge - INFO - Worker kw6 processing /app/data/T0015/222062/b1841j9/RDK-Service/Tools/json_generator/generator_json.py
2025-11-10 17:00:54,666 - Knowledge - INFO - Worker kw10 processing /app/data/T0015/222062/b1841j9/RDK-Service/Timer/README.md
2025-11-10 17:00:54,755 - Knowledge - INFO - Worker kw17 processing /app/data/T0015/222062/b1841j9/RDK-Service/cmake/FindLMPLAYER.cmake
2025-11-10 17:00:55,058 - Knowledge - INFO - process ingested knowledge for /app/data/T0015/222062/b1841j9/RDK-Service/Network/NetworkPlugin.json
2025-11-10 17:00:55,110 - Knowledge - INFO - process ingested knowledge for /app/data/T0015/222062/b1841j9/RDK-Service/SystemAudioPlayer/test/Module.h
2025-11-10 17:00:55,133 - Knowledge - INFO - Fast-tracked /app/data/T0015/222062/b1841j9/RDK-Service/Tools/json_generator/generator_json.py (ext=.py, size=130704)
2025-11-10 17:00:55,171 - Knowledge - INFO - process ingested knowledge for /app/data/T0015/222062/b1841j9/RDK-Service/DisplayInfo/cmake/FindNXCLIENT.cmake
2025-11-10 17:00:55,374 - Knowledge - INFO - Fast-tracked /app/data/T0015/222062/b1841j9/RDK-Service/Timer/README.md (ext=.md, size=242)
2025-11-10 17:00:55,501 - Knowledge - INFO - Fast-tracked /app/data/T0015/222062/b1841j9/RDK-Service/cmake/FindLMPLAYER.cmake (ext=.cmake, size=1893)
2025-11-10 17:00:56,023 - Knowledge - INFO - Worker kw6 processing /app/data/T0015/222062/b1841j9/RDK-Service/Tools/md_generator/generate_md.py
2025-11-10 17:00:56,578 - Knowledge - INFO - Worker kw10 processing /app/data/T0015/222062/b1841j9/RDK-Service/Timer/Module.cpp
2025-11-10 17:00:56,633 - Knowledge - INFO - Worker kw17 processing /app/data/T0015/222062/b1841j9/RDK-Service/cmake/FindCurl.cmake
2025-11-10 17:00:57,108 - Knowledge - INFO - Worker kw6 processing /app/data/T0015/222062/b1841j9/RDK-Service/Timer/TimerPlugin.json
2025-11-10 17:00:57,112 - Knowledge - INFO - [LLM_CALL] Completed: LocationSync.h:chunk1, Duration: 84965ms, PromptTokens: 3330, CompletionTokens: 665, Cost: $0.00060
2025-11-10 17:00:57,253 - Knowledge - INFO - Fast-tracked /app/data/T0015/222062/b1841j9/RDK-Service/Timer/Module.cpp (ext=.cpp, size=765)
2025-11-10 17:00:57,355 - Knowledge - INFO - Fast-tracked /app/data/T0015/222062/b1841j9/RDK-Service/cmake/FindCurl.cmake (ext=.cmake, size=1002)
2025-11-10 17:00:57,636 - Knowledge - INFO - Fast-tracked /app/data/T0015/222062/b1841j9/RDK-Service/Timer/TimerPlugin.json (ext=.json, size=493)
2025-11-10 17:00:57,647 - Knowledge - ERROR - Timeout processing /app/data/T0015/222062/b1841j9/RDK-Service/HdmiCec_2/HdmiCec_2.cpp after 90s
2025-11-10 17:00:57,786 - Knowledge - INFO - process ingested knowledge for /app/data/T0015/222062/b1841j9/RDK-Service/Network/README.md
2025-11-10 17:00:57,848 - Knowledge - INFO - done ingest for /app/data/T0015/222062/b1841j9/RDK-Service/LocationSync/LocationSync.h
2025-11-10 17:00:58,277 - Knowledge - INFO - Worker kw10 processing /app/data/T0015/222062/b1841j9/RDK-Service/Timer/Timer.h
2025-11-10 17:00:58,358 - Knowledge - INFO - process ingested knowledge for /app/data/T0015/222062/b1841j9/RDK-Service/DisplayInfo/cmake/FindBCM_HOST.cmake
2025-11-10 17:00:58,375 - Knowledge - INFO - [WEBSOCKET] Sent: Type=progress_update, Size: 295, Duration: 0ms
2025-11-10 17:00:58,404 - Knowledge - INFO - Worker kw17 processing /app/data/T0015/222062/b1841j9/RDK-Service/cmake/FindGLIB.cmake
2025-11-10 17:00:58,490 - Knowledge - INFO - process ingested knowledge for /app/data/T0015/222062/b1841j9/RDK-Service/SystemAudioPlayer/test/CMakeLists.txt
2025-11-10 17:00:59,412 - Knowledge - INFO - Fast-tracked /app/data/T0015/222062/b1841j9/RDK-Service/cmake/FindNXCLIENT.cmake (small file (2451 bytes))
2025-11-10 17:00:59,885 - Knowledge - INFO - Worker kw10 processing /app/data/T0015/222062/b1841j9/RDK-Service/Timer/CHANGELOG.md
2025-11-10 17:00:59,899 - Knowledge - INFO - Async storage completed for 19 embeddings
2025-11-10 17:01:00,133 - Knowledge - INFO - Async storage completed for 14 embeddings
2025-11-10 17:01:00,576 - Knowledge - INFO - [WEBSOCKET] Sent: Type=unknown, Size: ?, Duration: 2201ms
2025-11-10 17:01:00,582 - Knowledge - INFO - Worker kw17 processing /app/data/T0015/222062/b1841j9/RDK-Service/cmake/FindLibSoup.cmake
2025-11-10 17:01:01,340 - Knowledge - INFO - process ingested knowledge for /app/data/T0015/222062/b1841j9/RDK-Service/Network/NetUtilsNetlink.h
2025-11-10 17:01:01,345 - Knowledge - INFO - Fast-tracked /app/data/T0015/222062/b1841j9/RDK-Service/Timer/CHANGELOG.md (ext=.md, size=1606)
2025-11-10 17:01:01,931 - Knowledge - INFO - Progress: 25.9% | Files: 361/1376 | Rate: 1.17 files/sec | Queue: 631
2025-11-10 17:01:02,095 - Knowledge - INFO - Fast-tracked /app/data/T0015/222062/b1841j9/RDK-Service/cmake/FindLibSoup.cmake (ext=.cmake, size=1398)
2025-11-10 17:01:02,279 - Knowledge - INFO - process ingested knowledge for /app/data/T0015/222062/b1841j9/RDK-Service/SystemAudioPlayer/test/SAPThunderAPITest.cpp
2025-11-10 17:01:02,374 - Knowledge - INFO - Worker kw10 processing /app/data/T0015/222062/b1841j9/RDK-Service/UserPreferences/UserPreferencesPlugin.json
2025-11-10 17:01:02,393 - Knowledge - INFO - process ingested knowledge for /app/data/T0015/222062/b1841j9/RDK-Service/DisplayInfo/DeviceSettings/Realtek/kms.h
2025-11-10 17:01:02,802 - Knowledge - INFO - Worker kw17 processing /app/data/T0015/222062/b1841j9/RDK-Service/cmake/FindGStreamerVideo.cmake
2025-11-10 17:01:03,169 - Knowledge - INFO - process ingested knowledge for /app/data/T0015/222062/b1841j9/RDK-Service/Network/Module.cpp
2025-11-10 17:01:03,474 - Knowledge - INFO - Fast-tracked /app/data/T0015/222062/b1841j9/RDK-Service/UserPreferences/UserPreferencesPlugin.json (ext=.json, size=492)
2025-11-10 17:01:03,906 - Knowledge - INFO - Fast-tracked /app/data/T0015/222062/b1841j9/RDK-Service/cmake/FindGStreamer.cmake (small file (2703 bytes))
2025-11-10 17:01:04,094 - Knowledge - INFO - [kw8] Queue=631, InProgress=0, PendingWorkers=20/20, Completed=362/1376 (26.3%)
2025-11-10 17:01:04,095 - Knowledge - INFO - Fast-tracked /app/data/T0015/222062/b1841j9/RDK-Service/cmake/FindCEC.cmake (small file (2092 bytes))
2025-11-10 17:01:04,160 - Knowledge - INFO - process ingested knowledge for /app/data/T0015/222062/b1841j9/RDK-Service/SystemAudioPlayer/test/SoC_abstraction.cpp
2025-11-10 17:01:04,169 - Knowledge - INFO - Worker kw10 processing /app/data/T0015/222062/b1841j9/RDK-Service/UserPreferences/Module.h
2025-11-10 17:01:04,529 - Knowledge - INFO - Batch sizing: calculated=20, max_allowed=25, queue=631, active_workers=20/20
2025-11-10 17:01:04,907 - Knowledge - INFO - Fast-tracked /app/data/T0015/222062/b1841j9/RDK-Service/cmake/FindAamp.cmake (small file (2176 bytes))
2025-11-10 17:01:05,109 - Knowledge - INFO - process ingested knowledge for /app/data/T0015/222062/b1841j9/RDK-Service/DisplayInfo/DeviceSettings/SoC_abstraction.h
2025-11-10 17:01:05,134 - Knowledge - INFO - process ingested knowledge for /app/data/T0015/222062/b1841j9/RDK-Service/Network/CHANGELOG.md
2025-11-10 17:01:05,374 - Knowledge - INFO - Fast-tracked /app/data/T0015/222062/b1841j9/RDK-Service/UserPreferences/Module.h (ext=.h, size=879)
2025-11-10 17:01:05,758 - Knowledge - INFO - [kw11] Queue=631, InProgress=0, PendingWorkers=20/20, Completed=364/1376 (26.5%)
2025-11-10 17:01:05,775 - Knowledge - INFO - Fast-tracked /app/data/T0015/222062/b1841j9/RDK-Service/cmake/FindBCM_HOST.cmake (small file (2763 bytes))
2025-11-10 17:01:06,618 - Knowledge - INFO - Worker kw10 processing /app/data/T0015/222062/b1841j9/RDK-Service/UserPreferences/UserPreferences.cpp
2025-11-10 17:01:06,720 - Knowledge - INFO - Batch sizing: calculated=20, max_allowed=25, queue=631, active_workers=20/20
2025-11-10 17:01:06,804 - Knowledge - WARNING - File /app/data/T0015/222062/b1841j9/RDK-Service/HdmiCec_2/HdmiCec_2.cpp not successfully processed
2025-11-10 17:01:06,822 - Knowledge - INFO - Async storing batch of 18 embeddings
2025-11-10 17:01:06,845 - Knowledge - INFO - process ingested knowledge for /app/data/T0015/222062/b1841j9/RDK-Service/SystemAudioPlayer/Module.h
2025-11-10 17:01:07,089 - Knowledge - INFO - Fast-tracked /app/data/T0015/222062/b1841j9/RDK-Service/cmake/FindGStreamerVideo.cmake (small file (2892 bytes))
2025-11-10 17:01:07,113 - Knowledge - ERROR - Timeout processing /app/data/T0015/222062/b1841j9/RDK-Service/WifiManager/impl/WifiManagerWPS.cpp after 90s
2025-11-10 17:01:07,317 - Knowledge - INFO - Worker kw10 processing /app/data/T0015/222062/b1841j9/RDK-Service/UserPreferences/CMakeLists.txt
2025-11-10 17:01:07,425 - Knowledge - INFO - process ingested knowledge for /app/data/T0015/222062/b1841j9/RDK-Service/DeviceIdentification/Module.h
2025-11-10 17:01:07,600 - Knowledge - INFO - Worker kw8 processing /app/data/T0015/222062/b1841j9/RDK-Service/SystemServices/platformcaps/platformcapsdatarpc.cpp
2025-11-10 17:01:07,965 - Knowledge - INFO - Async storage completed for 18 embeddings
2025-11-10 17:01:08,246 - Knowledge - ERROR - Timeout processing /app/data/T0015/222062/b1841j9/RDK-Service/WifiManager/WifiManager.cpp after 90s
2025-11-10 17:01:08,421 - Knowledge - INFO - [LLM_CALL] Completed: Packager.h:chunk1, Duration: 74741ms, PromptTokens: 2676, CompletionTokens: 526, Cost: $0.00048
2025-11-10 17:01:08,427 - Knowledge - INFO - Fast-tracked /app/data/T0015/222062/b1841j9/RDK-Service/UserPreferences/CMakeLists.txt (ext=.txt, size=2251)
2025-11-10 17:01:08,447 - Knowledge - INFO - process ingested knowledge for /app/data/T0015/222062/b1841j9/RDK-Service/DisplayInfo/DeviceSettings/Amlogic/kms.h
2025-11-10 17:01:08,520 - Knowledge - INFO - process ingested knowledge for /app/data/T0015/222062/b1841j9/RDK-Service/SystemAudioPlayer/SystemAudioPlayer.json
2025-11-10 17:01:08,789 - Knowledge - INFO - Worker kw8 processing /app/data/T0015/222062/b1841j9/RDK-Service/SystemServices/platformcaps/platformcaps.h
2025-11-10 17:01:08,972 - Knowledge - INFO - Fast-tracked /app/data/T0015/222062/b1841j9/RDK-Service/Tools/md_generator/generate_md.py (small file (2565 bytes))
2025-11-10 17:01:09,011 - Knowledge - INFO - process ingested knowledge for /app/data/T0015/222062/b1841j9/RDK-Service/DeviceIdentification/DeviceIdentification.json
2025-11-10 17:01:09,186 - Knowledge - INFO - done ingest for /app/data/T0015/222062/b1841j9/RDK-Service/Packager/Packager.h
2025-11-10 17:01:09,275 - Knowledge - INFO - Async storing batch of 17 embeddings
2025-11-10 17:01:09,462 - Knowledge - INFO - Worker kw10 processing /app/data/T0015/222062/b1841j9/RDK-Service/UserPreferences/UserPreferences.json
2025-11-10 17:01:10,113 - Knowledge - INFO - Worker kw8 processing /app/data/T0015/222062/b1841j9/RDK-Service/SystemServices/platformcaps/platformcaps.cpp
2025-11-10 17:01:10,201 - Knowledge - INFO - [LLM_CALL] Completed: ContinueWatching.cpp:chunk1, Duration: 113030ms, PromptTokens: 17360, CompletionTokens: 1018, Cost: $0.00214
2025-11-10 17:01:10,217 - Knowledge - INFO - Async storage completed for 17 embeddings
2025-11-10 17:01:10,480 - Knowledge - INFO - process ingested knowledge for /app/data/T0015/222062/b1841j9/RDK-Service/SystemAudioPlayer/impl/BufferQueue.cpp
2025-11-10 17:01:10,739 - Knowledge - INFO - Worker kw11 processing /app/data/T0015/222062/b1841j9/RDK-Service/SystemServices/TestClient/systemServiceTestClient.cpp
2025-11-10 17:01:10,877 - Knowledge - INFO - Fast-tracked /app/data/T0015/222062/b1841j9/RDK-Service/UserPreferences/UserPreferences.json (ext=.json, size=1989)
2025-11-10 17:01:11,002 - Knowledge - INFO - Worker kw8 processing /app/data/T0015/222062/b1841j9/RDK-Service/SystemServices/platformcaps/platformcapsdata.cpp
2025-11-10 17:01:11,046 - Knowledge - INFO - process ingested knowledge for /app/data/T0015/222062/b1841j9/RDK-Service/DeviceIdentification/DeviceIdentificationJsonRpc.cpp
2025-11-10 17:01:11,205 - Knowledge - INFO - done ingest for /app/data/T0015/222062/b1841j9/RDK-Service/ContinueWatching/ContinueWatching.cpp
2025-11-10 17:01:11,655 - Knowledge - INFO - [LLM_CALL] Completed: FindGLIB.cmake:chunk1, Duration: 7275ms, PromptTokens: 3670, CompletionTokens: 59, Cost: $0.00039
2025-11-10 17:01:11,699 - Knowledge - INFO - process ingested knowledge for /app/data/T0015/222062/b1841j9/RDK-Service/DisplayInfo/DeviceSettings/RPI/kms.h
2025-11-10 17:01:11,741 - Knowledge - INFO - Worker kw11 processing /app/data/T0015/222062/b1841j9/RDK-Service/SystemServices/TestClient/CMakeLists.txt
2025-11-10 17:01:11,984 - Knowledge - INFO - Worker kw10 processing /app/data/T0015/222062/b1841j9/RDK-Service/UserPreferences/README.md
2025-11-10 17:01:12,190 - Knowledge - INFO - Worker kw8 processing /app/data/T0015/222062/b1841j9/RDK-Service/SystemServices/SystemPlugin.json
2025-11-10 17:01:12,471 - Knowledge - INFO - [kw12] Queue=591, InProgress=0, PendingWorkers=20/20, Completed=381/1376 (27.7%)
2025-11-10 17:01:12,496 - Knowledge - INFO - process ingested knowledge for /app/data/T0015/222062/b1841j9/RDK-Service/DeviceIdentification/Implementation/Amlogic/Amlogic.cpp
2025-11-10 17:01:12,610 - Knowledge - INFO - done ingest for /app/data/T0015/222062/b1841j9/RDK-Service/cmake/FindGLIB.cmake
2025-11-10 17:01:13,046 - Knowledge - INFO - Fast-tracked /app/data/T0015/222062/b1841j9/RDK-Service/SystemServices/TestClient/CMakeLists.txt (ext=.txt, size=1501)
2025-11-10 17:01:13,173 - Knowledge - INFO - Fast-tracked /app/data/T0015/222062/b1841j9/RDK-Service/UserPreferences/README.md (ext=.md, size=698)
2025-11-10 17:01:13,618 - Knowledge - INFO - Fast-tracked /app/data/T0015/222062/b1841j9/RDK-Service/SystemServices/SystemPlugin.json (ext=.json, size=493)
2025-11-10 17:01:13,640 - Knowledge - INFO - Batch sizing: calculated=20, max_allowed=25, queue=591, active_workers=20/20
2025-11-10 17:01:13,650 - Knowledge - INFO - process ingested knowledge for /app/data/T0015/222062/b1841j9/RDK-Service/DisplayInfo/DisplayInfoPlugin.json
2025-11-10 17:01:14,236 - Knowledge - INFO - Worker kw11 processing /app/data/T0015/222062/b1841j9/RDK-Service/SystemServices/SystemServices.h
2025-11-10 17:01:14,434 - Knowledge - INFO - Worker kw10 processing /app/data/T0015/222062/b1841j9/RDK-Service/UserPreferences/Module.cpp
2025-11-10 17:01:14,600 - Knowledge - INFO - Worker kw8 processing /app/data/T0015/222062/b1841j9/RDK-Service/SystemServices/thermonitor.cpp
2025-11-10 17:01:15,182 - Knowledge - INFO - Worker kw11 processing /app/data/T0015/222062/b1841j9/RDK-Service/SystemServices/StateObserverHelper.h
2025-11-10 17:01:15,270 - Knowledge - INFO - Processing batch of 20 files
2025-11-10 17:01:15,382 - Knowledge - INFO - Fast-tracked /app/data/T0015/222062/b1841j9/RDK-Service/UserPreferences/Module.cpp (ext=.cpp, size=765)
2025-11-10 17:01:15,646 - Knowledge - INFO - Worker kw8 processing /app/data/T0015/222062/b1841j9/RDK-Service/SystemServices/SystemServicesHelper.cpp
2025-11-10 17:01:15,780 - Knowledge - INFO - Worker kw11 processing /app/data/T0015/222062/b1841j9/RDK-Service/RDKShell/RDKShellPlugin.json
2025-11-10 17:01:15,975 - Knowledge - INFO - process ingested knowledge for /app/data/T0015/222062/b1841j9/RDK-Service/WebKitBrowser/TimeZone/TimeZoneSupport.cpp
2025-11-10 17:01:16,083 - Knowledge - INFO - Processing batch of 19 files
2025-11-10 17:01:16,134 - Knowledge - INFO - Async storing batch of 17 embeddings
2025-11-10 17:01:16,171 - Knowledge - INFO - Worker kw10 processing /app/data/T0015/222062/b1841j9/RDK-Service/UserPreferences/UserPreferences.h
2025-11-10 17:01:16,292 - Knowledge - INFO - Worker kw8 processing /app/data/T0015/222062/b1841j9/RDK-Service/SystemServices/cTimer.h
2025-11-10 17:01:16,301 - Knowledge - WARNING - File /app/data/T0015/222062/b1841j9/RDK-Service/WifiManager/impl/WifiManagerWPS.cpp not successfully processed
2025-11-10 17:01:16,539 - Knowledge - INFO - Fast-tracked /app/data/T0015/222062/b1841j9/RDK-Service/RDKShell/RDKShellPlugin.json (ext=.json, size=477)
2025-11-10 17:01:16,756 - Knowledge - INFO - process ingested knowledge for /app/data/T0015/222062/b1841j9/RDK-Service/HdmiCec_2/HDMICec_2.json
2025-11-10 17:01:16,909 - Knowledge - INFO - Worker kw12 processing /app/data/T0015/222062/b1841j9/RDK-Service/FrontPanel/Module.cpp
2025-11-10 17:01:17,106 - Knowledge - INFO - Worker kw10 processing /app/data/T0015/222062/b1841j9/RDK-Service/UserPreferences/CHANGELOG.md
2025-11-10 17:01:17,737 - Knowledge - INFO - Worker kw11 processing /app/data/T0015/222062/b1841j9/RDK-Service/RDKShell/Module.h
2025-11-10 17:01:17,620 - Knowledge - INFO - [WEBSOCKET] Sent: Type=progress_update, Size: 295, Duration: 0ms
2025-11-10 17:01:17,629 - Knowledge - INFO - process ingested knowledge for /app/data/T0015/222062/b1841j9/RDK-Service/WebKitBrowser/HTML5Notification.h
2025-11-10 17:01:17,254 - Knowledge - INFO - Worker kw8 processing /app/data/T0015/222062/b1841j9/RDK-Service/SystemServices/SystemServices.cpp
2025-11-10 17:01:18,124 - Knowledge - INFO - Fast-tracked /app/data/T0015/222062/b1841j9/RDK-Service/FrontPanel/Module.cpp (ext=.cpp, size=765)
2025-11-10 17:01:18,394 - Knowledge - INFO - Fast-tracked /app/data/T0015/222062/b1841j9/RDK-Service/UserPreferences/CHANGELOG.md (ext=.md, size=1603)
2025-11-10 17:01:18,441 - Knowledge - INFO - Fast-tracked /app/data/T0015/222062/b1841j9/RDK-Service/RDKShell/Module.h (ext=.h, size=872)
2025-11-10 17:01:18,818 - Knowledge - INFO - [WEBSOCKET] Sent: Type=unknown, Size: ?, Duration: 1198ms
2025-11-10 17:01:19,166 - Knowledge - INFO - Fast-tracked /app/data/T0015/222062/b1841j9/RDK-Service/SystemServices/SystemServices.cpp (ext=.cpp, size=198502)
2025-11-10 17:01:19,203 - Knowledge - INFO - Worker kw12 processing /app/data/T0015/222062/b1841j9/RDK-Service/FrontPanel/CHANGELOG.md
2025-11-10 17:01:19,264 - Knowledge - INFO - process ingested knowledge for /app/data/T0015/222062/b1841j9/RDK-Service/HdmiCec_2/CMakeLists.txt
2025-11-10 17:01:19,416 - Knowledge - INFO - Worker kw10 processing /app/data/T0015/222062/b1841j9/RDK-Service/SystemServices/uploadlogs.h
2025-11-10 17:01:19,656 - Knowledge - INFO - Worker kw11 processing /app/data/T0015/222062/b1841j9/RDK-Service/RDKShell/RialtoConnector.h
2025-11-10 17:01:19,701 - Knowledge - INFO - Progress: 28.6% | Files: 395/1376 | Rate: 1.21 files/sec | Queue: 571
2025-11-10 17:01:19,870 - Knowledge - INFO - Worker kw8 processing /app/data/T0015/222062/b1841j9/RDK-Service/SystemServices/CMakeLists.txt
2025-11-10 17:01:20,031 - Knowledge - INFO - Fast-tracked /app/data/T0015/222062/b1841j9/RDK-Service/FrontPanel/CHANGELOG.md (ext=.md, size=2154)
2025-11-10 17:01:21,142 - Knowledge - INFO - Fast-tracked /app/data/T0015/222062/b1841j9/RDK-Service/SystemServices/uploadlogs.h (ext=.h, size=1166)
2025-11-10 17:01:21,430 - Knowledge - INFO - Worker kw11 processing /app/data/T0015/222062/b1841j9/RDK-Service/RDKShell/RDKShell.cpp
2025-11-10 17:01:21,863 - Knowledge - INFO - Fast-tracked /app/data/T0015/222062/b1841j9/RDK-Service/SystemServices/CMakeLists.txt (ext=.txt, size=4020)
2025-11-10 17:01:22,014 - Knowledge - INFO - Worker kw12 processing /app/data/T0015/222062/b1841j9/RDK-Service/FrontPanel/FrontPanel.h
2025-11-10 17:01:22,014 - Knowledge - INFO - process ingested knowledge for /app/data/T0015/222062/b1841j9/RDK-Service/WebKitBrowser/Module.cpp
2025-11-10 17:01:22,079 - Knowledge - INFO - process ingested knowledge for /app/data/T0015/222062/b1841j9/RDK-Service/HdmiCec_2/HdmiCec_2Plugin.json
2025-11-10 17:01:22,128 - Knowledge - INFO - [kw9] Queue=571, InProgress=0, PendingWorkers=20/20, Completed=398/1376 (28.9%)
2025-11-10 17:01:22,302 - Knowledge - INFO - Worker kw10 processing /app/data/T0015/222062/b1841j9/RDK-Service/SystemServices/Module.h
2025-11-10 17:01:22,427 - Knowledge - INFO - Fast-tracked /app/data/T0015/222062/b1841j9/RDK-Service/RDKShell/RDKShell.cpp (ext=.cpp, size=354467)
2025-11-10 17:01:22,434 - Knowledge - INFO - [LLM_CALL] Completed: RemoteActionMapping.h:chunk1, Duration: 94474ms, PromptTokens: 4614, CompletionTokens: 1277, Cost: $0.00097
2025-11-10 17:01:22,583 - Knowledge - INFO - Worker kw8 processing /app/data/T0015/222062/b1841j9/RDK-Service/SystemServices/cmake/FindIARMBus.cmake
2025-11-10 17:01:22,725 - Knowledge - INFO - Worker kw12 processing /app/data/T0015/222062/b1841j9/RDK-Service/PlayerInfo/PlayerInfoPlugin.json
2025-11-10 17:01:23,274 - Knowledge - INFO - Batch sizing: calculated=20, max_allowed=25, queue=571, active_workers=20/20
2025-11-10 17:01:23,517 - Knowledge - INFO - Fast-tracked /app/data/T0015/222062/b1841j9/RDK-Service/SystemServices/Module.h (ext=.h, size=878)
2025-11-10 17:01:23,576 - Knowledge - INFO - Worker kw11 processing /app/data/T0015/222062/b1841j9/RDK-Service/RDKShell/CMakeLists.txt
2025-11-10 17:01:23,683 - Knowledge - INFO - done ingest for /app/data/T0015/222062/b1841j9/RDK-Service/RemoteActionMapping/RemoteActionMapping.h
2025-11-10 17:01:23,883 - Knowledge - INFO - Fast-tracked /app/data/T0015/222062/b1841j9/RDK-Service/SystemServices/cmake/FindIARMBus.cmake (ext=.cmake, size=1841)
2025-11-10 17:01:24,056 - Knowledge - INFO - Fast-tracked /app/data/T0015/222062/b1841j9/RDK-Service/PlayerInfo/PlayerInfoPlugin.json (ext=.json, size=454)
2025-11-10 17:01:24,221 - Knowledge - INFO - process ingested knowledge for /app/data/T0015/222062/b1841j9/RDK-Service/WebKitBrowser/CHANGELOG.md
2025-11-10 17:01:24,305 - Knowledge - INFO - Worker kw10 processing /app/data/T0015/222062/b1841j9/RDK-Service/SystemServices/platformcaps/platformcapsdata.h
2025-11-10 17:01:24,566 - Knowledge - INFO - Fast-tracked /app/data/T0015/222062/b1841j9/RDK-Service/RDKShell/CMakeLists.txt (ext=.txt, size=3704)
2025-11-10 17:01:24,571 - Knowledge - INFO - [LLM_CALL] Completed: FindNEXUS.cmake:chunk1, Duration: 22559ms, PromptTokens: 2334, CompletionTokens: 259, Cost: $0.00034
2025-11-10 17:01:24,929 - Knowledge - INFO - Worker kw8 processing /app/data/T0015/222062/b1841j9/RDK-Service/SystemServices/cmake/FindDS.cmake
2025-11-10 17:01:25,127 - Knowledge - INFO - Worker kw12 processing /app/data/T0015/222062/b1841j9/RDK-Service/PlayerInfo/Module.h
2025-11-10 17:01:25,304 - Knowledge - INFO - process ingested knowledge for /app/data/T0015/222062/b1841j9/RDK-Service/HdmiCec_2/README.md
2025-11-10 17:01:25,533 - Knowledge - INFO - Worker kw11 processing /app/data/T0015/222062/b1841j9/RDK-Service/RDKShell/RDKShell.json
2025-11-10 17:01:25,715 - Knowledge - INFO - done ingest for /app/data/T0015/222062/b1841j9/RDK-Service/cmake/FindNEXUS.cmake
2025-11-10 17:01:25,743 - Knowledge - INFO - Async storing batch of 17 embeddings
2025-11-10 17:01:25,848 - Knowledge - INFO - [LLM_CALL] Completed: MessageControl.cpp:chunk1, Duration: 100738ms, PromptTokens: 3752, CompletionTokens: 567, Cost: $0.00060
2025-11-10 17:01:25,982 - Knowledge - INFO - Fast-tracked /app/data/T0015/222062/b1841j9/RDK-Service/SystemServices/cmake/FindDS.cmake (ext=.cmake, size=1701)
2025-11-10 17:01:26,086 - Knowledge - INFO - Fast-tracked /app/data/T0015/222062/b1841j9/RDK-Service/PlayerInfo/Module.h (ext=.h, size=862)
2025-11-10 17:01:26,370 - Knowledge - INFO - Fast-tracked /app/data/T0015/222062/b1841j9/RDK-Service/RDKShell/RDKShell.json (ext=.json, size=96457)
2025-11-10 17:01:26,435 - Knowledge - INFO - process ingested knowledge for /app/data/T0015/222062/b1841j9/RDK-Service/WebKitBrowser/BrowserConsoleLog.h
2025-11-10 17:01:26,676 - Knowledge - INFO - Worker kw9 processing /app/data/T0015/222062/b1841j9/RDK-Service/LoggingPreferences/Module.h
2025-11-10 17:01:26,831 - Knowledge - INFO - done ingest for /app/data/T0015/222062/b1841j9/RDK-Service/MessageControl/MessageControl.cpp
2025-11-10 17:01:26,917 - Knowledge - INFO - Worker kw8 processing /app/data/T0015/222062/b1841j9/RDK-Service/SystemServices/thermonitor.h
2025-11-10 17:01:27,080 - Knowledge - INFO - Worker kw12 processing /app/data/T0015/222062/b1841j9/RDK-Service/PlayerInfo/Dolby/include/Dolby.h
2025-11-10 17:01:27,184 - Knowledge - INFO - process ingested knowledge for /app/data/T0015/222062/b1841j9/RDK-Service/HdmiCec_2/Module.cpp
2025-11-10 17:01:27,332 - Knowledge - INFO - Worker kw11 processing /app/data/T0015/222062/b1841j9/RDK-Service/RDKShell/README.md
2025-11-10 17:01:27,699 - Knowledge - INFO - Fast-tracked /app/data/T0015/222062/b1841j9/RDK-Service/LoggingPreferences/Module.h (ext=.h, size=882)
2025-11-10 17:01:27,936 - Knowledge - INFO - Fast-tracked /app/data/T0015/222062/b1841j9/RDK-Service/SystemServices/thermonitor.h (ext=.h, size=1975)
2025-11-10 17:01:28,096 - Knowledge - INFO - Fast-tracked /app/data/T0015/222062/b1841j9/RDK-Service/PlayerInfo/Dolby/include/Dolby.h (ext=.h, size=1777)
2025-11-10 17:01:28,617 - Knowledge - INFO - Fast-tracked /app/data/T0015/222062/b1841j9/RDK-Service/RDKShell/README.md (ext=.md, size=5024)
2025-11-10 17:01:28,729 - Knowledge - INFO - Worker kw9 processing /app/data/T0015/222062/b1841j9/RDK-Service/LoggingPreferences/LoggingPreferences.cpp
2025-11-10 17:01:28,937 - Knowledge - INFO - Worker kw8 processing /app/data/T0015/222062/b1841j9/RDK-Service/SystemServices/cTimer.cpp
2025-11-10 17:01:28,952 - Knowledge - INFO - process ingested knowledge for /app/data/T0015/222062/b1841j9/RDK-Service/SystemMode/SystemMode.h
2025-11-10 17:01:29,044 - Knowledge - INFO - Worker kw12 processing /app/data/T0015/222062/b1841j9/RDK-Service/PlayerInfo/Dolby/DolbyOutput.cpp
2025-11-10 17:01:29,268 - Knowledge - INFO - Worker kw11 processing /app/data/T0015/222062/b1841j9/RDK-Service/RDKShell/Module.cpp
2025-11-10 17:01:29,617 - Knowledge - INFO - Worker kw9 processing /app/data/T0015/222062/b1841j9/RDK-Service/LoggingPreferences/CMakeLists.txt
2025-11-10 17:01:29,771 - Knowledge - INFO - Worker kw8 processing /app/data/T0015/222062/b1841j9/RDK-Service/SystemServices/System.json
2025-11-10 17:01:30,229 - Knowledge - INFO - Worker kw12 processing /app/data/T0015/222062/b1841j9/RDK-Service/PlayerInfo/Dolby/CMakeLists.txt
2025-11-10 17:01:30,582 - Knowledge - INFO - Fast-tracked /app/data/T0015/222062/b1841j9/RDK-Service/LoggingPreferences/CMakeLists.txt (ext=.txt, size=1916)
2025-11-10 17:01:30,595 - Knowledge - INFO - Fast-tracked /app/data/T0015/222062/b1841j9/RDK-Service/RDKShell/Module.cpp (ext=.cpp, size=765)
2025-11-10 17:01:30,930 - Knowledge - INFO - Fast-tracked /app/data/T0015/222062/b1841j9/RDK-Service/SystemServices/System.json (ext=.json, size=86301)
2025-11-10 17:01:31,089 - Knowledge - INFO - Fast-tracked /app/data/T0015/222062/b1841j9/RDK-Service/PlayerInfo/Dolby/CMakeLists.txt (ext=.txt, size=2103)
2025-11-10 17:01:31,089 - Knowledge - INFO - process ingested knowledge for /app/data/T0015/222062/b1841j9/RDK-Service/SystemMode/Module.h
2025-11-10 17:01:31,215 - Knowledge - INFO - Worker kw9 processing /app/data/T0015/222062/b1841j9/RDK-Service/LoggingPreferences/LoggingPreferences.json
2025-11-10 17:01:31,436 - Knowledge - INFO - Worker kw11 processing /app/data/T0015/222062/b1841j9/RDK-Service/RDKShell/CHANGELOG.md
2025-11-10 17:01:31,610 - Knowledge - INFO - Worker kw8 processing /app/data/T0015/222062/b1841j9/RDK-Service/SystemServices/uploadlogs.cpp
2025-11-10 17:01:31,722 - Knowledge - INFO - [LLM_CALL] Completed: Log.py:chunk1, Duration: 24677ms, PromptTokens: 2436, CompletionTokens: 451, Cost: $0.00042
2025-11-10 17:01:31,880 - Knowledge - INFO - Worker kw12 processing /app/data/T0015/222062/b1841j9/RDK-Service/PlayerInfo/PlayerInfo.cpp
2025-11-10 17:01:31,999 - Knowledge - INFO - process ingested knowledge for /app/data/T0015/222062/b1841j9/RDK-Service/HdmiCec_2/CHANGELOG.md
2025-11-10 17:01:32,339 - Knowledge - INFO - Fast-tracked /app/data/T0015/222062/b1841j9/RDK-Service/LoggingPreferences/LoggingPreferences.json (ext=.json, size=2732)
2025-11-10 17:01:32,449 - Knowledge - WARNING - File /app/data/T0015/222062/b1841j9/RDK-Service/WifiManager/WifiManager.cpp not successfully processed
2025-11-10 17:01:32,513 - Knowledge - INFO - Fast-tracked /app/data/T0015/222062/b1841j9/RDK-Service/RDKShell/CHANGELOG.md (ext=.md, size=6260)
2025-11-10 17:01:32,779 - Knowledge - INFO - Worker kw8 processing /app/data/T0015/222062/b1841j9/RDK-Service/SystemServices/Module.cpp
2025-11-10 17:01:32,899 - Knowledge - INFO - done ingest for /app/data/T0015/222062/b1841j9/RDK-Service/Tools/json_generator/Log.py
2025-11-10 17:01:33,072 - Knowledge - INFO - Worker kw12 processing /app/data/T0015/222062/b1841j9/RDK-Service/PlayerInfo/GStreamer/PlatformImplementation.cpp
2025-11-10 17:01:33,571 - Knowledge - INFO - Worker kw9 processing /app/data/T0015/222062/b1841j9/RDK-Service/LoggingPreferences/README.md
2025-11-10 17:01:33,596 - Knowledge - ERROR - Timeout processing /app/data/T0015/222062/b1841j9/RDK-Service/LocationSync/LocationService.cpp after 90s
2025-11-10 17:01:33,943 - Knowledge - INFO - Worker kw11 processing /app/data/T0015/222062/b1841j9/RDK-Service/RDKShell/RialtoConnector.cpp
2025-11-10 17:01:34,141 - Knowledge - INFO - Fast-tracked /app/data/T0015/222062/b1841j9/RDK-Service/SystemServices/Module.cpp (ext=.cpp, size=765)
2025-11-10 17:01:34,149 - Knowledge - INFO - Processing batch of 20 files
2025-11-10 17:01:34,260 - Knowledge - INFO - process ingested knowledge for /app/data/T0015/222062/b1841j9/RDK-Service/SystemMode/SystemMode.json
2025-11-10 17:01:34,622 - Knowledge - INFO - Worker kw12 processing /app/data/T0015/222062/b1841j9/RDK-Service/PlayerInfo/CMakeLists.txt
2025-11-10 17:01:34,680 - Knowledge - INFO - Fast-tracked /app/data/T0015/222062/b1841j9/RDK-Service/LoggingPreferences/README.md (ext=.md, size=685)
2025-11-10 17:01:34,918 - Knowledge - INFO - Worker kw11 processing /app/data/T0015/222062/b1841j9/RDK-Service/RDKShell/RDKShell.h
2025-11-10 17:01:34,918 - Knowledge - INFO - process ingested knowledge for /app/data/T0015/222062/b1841j9/RDK-Service/OCIContainer/test/DobbySpecs/helloworld.json
2025-11-10 17:01:35,203 - Knowledge - INFO - Worker kw8 processing /app/data/T0015/222062/b1841j9/RDK-Service/SystemServices/CHANGELOG.md
2025-11-10 17:01:35,423 - Knowledge - INFO - process ingested knowledge for /app/data/T0015/222062/b1841j9/RDK-Service/MaintenanceManager/MaintenanceManager.json
2025-11-10 17:01:35,899 - Knowledge - INFO - Fast-tracked /app/data/T0015/222062/b1841j9/RDK-Service/PlayerInfo/CMakeLists.txt (ext=.txt, size=3567)
2025-11-10 17:01:35,914 - Knowledge - INFO - Worker kw9 processing /app/data/T0015/222062/b1841j9/RDK-Service/LoggingPreferences/Module.cpp
2025-11-10 17:01:36,090 - Knowledge - INFO - Async storage completed for 19 embeddings
2025-11-10 17:01:36,091 - Knowledge - INFO - Worker kw11 processing /app/data/T0015/222062/b1841j9/RDK-Service/FrontPanel/FrontPanelPlugin.json
2025-11-10 17:01:36,526 - Knowledge - INFO - Fast-tracked /app/data/T0015/222062/b1841j9/RDK-Service/SystemServices/CHANGELOG.md (ext=.md, size=7413)
2025-11-10 17:01:36,723 - Knowledge - INFO - Worker kw12 processing /app/data/T0015/222062/b1841j9/RDK-Service/PlayerInfo/cmake/FindGStreamer.cmake
2025-11-10 17:01:37,071 - Knowledge - INFO - Fast-tracked /app/data/T0015/222062/b1841j9/RDK-Service/LoggingPreferences/Module.cpp (ext=.cpp, size=765)
2025-11-10 17:01:37,290 - Knowledge - INFO - Fast-tracked /app/data/T0015/222062/b1841j9/RDK-Service/FrontPanel/FrontPanelPlugin.json (ext=.json, size=488)
2025-11-10 17:01:37,393 - Knowledge - INFO - process ingested knowledge for /app/data/T0015/222062/b1841j9/RDK-Service/SystemMode/SystemModeImplementation.h
2025-11-10 17:01:37,437 - Knowledge - INFO - [WEBSOCKET] Sent: Type=progress_update, Size: 295, Duration: 0ms
2025-11-10 17:01:37,453 - Knowledge - INFO - Worker kw8 processing /app/data/T0015/222062/b1841j9/RDK-Service/SystemServices/SystemServicesHelper.h
2025-11-10 17:01:37,691 - Knowledge - INFO - Worker kw12 processing /app/data/T0015/222062/b1841j9/RDK-Service/PlayerInfo/cmake/FindIARMBus.cmake
2025-11-10 17:01:37,910 - Knowledge - INFO - Worker kw9 processing /app/data/T0015/222062/b1841j9/RDK-Service/LoggingPreferences/CHANGELOG.md
2025-11-10 17:01:37,988 - Knowledge - INFO - Worker kw11 processing /app/data/T0015/222062/b1841j9/RDK-Service/FrontPanel/Module.h
2025-11-10 17:01:38,012 - Knowledge - INFO - process ingested knowledge for /app/data/T0015/222062/b1841j9/RDK-Service/MaintenanceManager/CMakeLists.txt
2025-11-10 17:01:38,040 - Knowledge - INFO - process ingested knowledge for /app/data/T0015/222062/b1841j9/RDK-Service/OCIContainer/test/DobbySpecs/sleepy.json
2025-11-10 17:01:38,331 - Knowledge - INFO - [LLM_CALL] Completed: RamHelper.h:chunk1, Duration: 108971ms, PromptTokens: 7334, CompletionTokens: 2037, Cost: $0.00155
2025-11-10 17:01:38,544 - Knowledge - INFO - Worker kw8 processing /app/data/T0015/222062/b1841j9/RDK-Service/SystemServices/TestClient/Module.h
2025-11-10 17:01:38,632 - Knowledge - INFO - Fast-tracked /app/data/T0015/222062/b1841j9/RDK-Service/PlayerInfo/cmake/FindIARMBus.cmake (ext=.cmake, size=1860)
2025-11-10 17:01:38,852 - Knowledge - INFO - Fast-tracked /app/data/T0015/222062/b1841j9/RDK-Service/LoggingPreferences/CHANGELOG.md (ext=.md, size=1543)
2025-11-10 17:01:39,054 - Knowledge - INFO - Fast-tracked /app/data/T0015/222062/b1841j9/RDK-Service/FrontPanel/Module.h (ext=.h, size=874)
2025-11-10 17:01:39,155 - Knowledge - INFO - process ingested knowledge for /app/data/T0015/222062/b1841j9/RDK-Service/SystemMode/CMakeLists.txt
2025-11-10 17:01:39,186 - Knowledge - INFO - process ingested knowledge for /app/data/T0015/222062/b1841j9/RDK-Service/MaintenanceManager/cmake/FindIARMBus.cmake
2025-11-10 17:01:39,260 - Knowledge - INFO - process ingested knowledge for /app/data/T0015/222062/b1841j9/RDK-Service/OCIContainer/test/DobbySpecs/wget.json
2025-11-10 17:01:40,092 - Knowledge - INFO - done ingest for /app/data/T0015/222062/b1841j9/RDK-Service/RemoteActionMapping/RamHelper.h
2025-11-10 17:01:40,115 - Knowledge - INFO - [WEBSOCKET] Sent: Type=unknown, Size: ?, Duration: 2678ms
2025-11-10 17:01:40,310 - Knowledge - INFO - Fast-tracked /app/data/T0015/222062/b1841j9/RDK-Service/SystemServices/TestClient/Module.h (ext=.h, size=845)
2025-11-10 17:01:40,384 - Knowledge - INFO - Worker kw12 processing /app/data/T0015/222062/b1841j9/RDK-Service/PlayerInfo/cmake/FindDS.cmake
2025-11-10 17:01:40,622 - Knowledge - INFO - Worker kw9 processing /app/data/T0015/222062/b1841j9/RDK-Service/LoggingPreferences/LoggingPreferences.h
2025-11-10 17:01:40,767 - Knowledge - INFO - Worker kw11 processing /app/data/T0015/222062/b1841j9/RDK-Service/FrontPanel/FrontPanel.cpp
2025-11-10 17:01:40,941 - Knowledge - INFO - process ingested knowledge for /app/data/T0015/222062/b1841j9/RDK-Service/SystemMode/SystemModeImplementation.cpp
2025-11-10 17:01:41,028 - Knowledge - INFO - process ingested knowledge for /app/data/T0015/222062/b1841j9/RDK-Service/MaintenanceManager/MaintenanceManagerPlugin.json
2025-11-10 17:01:41,303 - Knowledge - INFO - process ingested knowledge for /app/data/T0015/222062/b1841j9/RDK-Service/OCIContainer/test/thunder-ocicontainer-test.js
2025-11-10 17:01:41,607 - Knowledge - INFO - Progress: 30.7% | Files: 443/1376 | Rate: 1.27 files/sec | Queue: 551
2025-11-10 17:01:41,894 - Knowledge - INFO - [kw16] Queue=551, InProgress=0, PendingWorkers=20/20, Completed=443/1376 (32.2%)
2025-11-10 17:01:41,953 - Knowledge - INFO - Fast-tracked /app/data/T0015/222062/b1841j9/RDK-Service/PlayerInfo/cmake/FindDS.cmake (ext=.cmake, size=1836)
2025-11-10 17:01:41,967 - Knowledge - INFO - [LLM_CALL] Completed: Packager.cpp:chunk1, Duration: 94024ms, PromptTokens: 3378, CompletionTokens: 678, Cost: $0.00061
2025-11-10 17:01:42,106 - Knowledge - INFO - Worker kw9 processing /app/data/T0015/222062/b1841j9/RDK-Service/StateObserver/StateObserverPlugin.json
2025-11-10 17:01:42,241 - Knowledge - INFO - Worker kw11 processing /app/data/T0015/222062/b1841j9/RDK-Service/FrontPanel/CMakeLists.txt
2025-11-10 17:01:42,401 - Knowledge - INFO - process ingested knowledge for /app/data/T0015/222062/b1841j9/RDK-Service/SystemMode/SystemModePlugin.json
2025-11-10 17:01:42,496 - Knowledge - INFO - process ingested knowledge for /app/data/T0015/222062/b1841j9/RDK-Service/MaintenanceManager/README.md
2025-11-10 17:01:42,770 - Knowledge - INFO - process ingested knowledge for /app/data/T0015/222062/b1841j9/RDK-Service/OCIContainer/test/ociContainerTest.sh
2025-11-10 17:01:42,908 - Knowledge - INFO - [kw7] Queue=551, InProgress=0, PendingWorkers=20/20, Completed=443/1376 (32.2%)
2025-11-10 17:01:43,028 - Knowledge - INFO - Batch sizing: calculated=20, max_allowed=25, queue=551, active_workers=20/20
2025-11-10 17:01:43,197 - Knowledge - INFO - Worker kw12 processing /app/data/T0015/222062/b1841j9/RDK-Service/PlayerInfo/DeviceSettings/PlatformImplementation.cpp
2025-11-10 17:01:43,362 - Knowledge - INFO - done ingest for /app/data/T0015/222062/b1841j9/RDK-Service/Packager/Packager.cpp
2025-11-10 17:01:43,379 - Knowledge - INFO - [kw14] Queue=551, InProgress=0, PendingWorkers=20/20, Completed=444/1376 (32.3%)
2025-11-10 17:01:43,408 - Knowledge - INFO - Processing batch of 18 files
2025-11-10 17:01:43,465 - Knowledge - INFO - [LLM_CALL] Completed: LocationSync.cpp:chunk1, Duration: 143552ms, PromptTokens: 3412, CompletionTokens: 775, Cost: $0.00065
2025-11-10 17:01:43,532 - Knowledge - INFO - Fast-tracked /app/data/T0015/222062/b1841j9/RDK-Service/StateObserver/StateObserverPlugin.json (ext=.json, size=467)
2025-11-10 17:01:43,692 - Knowledge - INFO - Fast-tracked /app/data/T0015/222062/b1841j9/RDK-Service/FrontPanel/CMakeLists.txt (ext=.txt, size=2299)
2025-11-10 17:01:43,827 - Knowledge - INFO - process ingested knowledge for /app/data/T0015/222062/b1841j9/RDK-Service/SystemMode/SystemMode.cpp
2025-11-10 17:01:43,888 - Knowledge - INFO - process ingested knowledge for /app/data/T0015/222062/b1841j9/RDK-Service/MaintenanceManager/Module.cpp
2025-11-10 17:01:44,003 - Knowledge - INFO - process ingested knowledge for /app/data/T0015/222062/b1841j9/RDK-Service/OCIContainer/OCIContainer.h
2025-11-10 17:01:44,112 - Knowledge - INFO - Batch sizing: calculated=20, max_allowed=25, queue=551, active_workers=20/20
2025-11-10 17:01:44,505 - Knowledge - INFO - Worker kw12 processing /app/data/T0015/222062/b1841j9/RDK-Service/PlayerInfo/PlayerInfo.json
2025-11-10 17:01:44,694 - Knowledge - INFO - Batch sizing: calculated=20, max_allowed=25, queue=551, active_workers=20/20
2025-11-10 17:01:44,730 - Knowledge - INFO - Fast-tracked /app/data/T0015/222062/b1841j9/RDK-Service/SystemServices/platformcaps/platformcaps.h (small file (2760 bytes))
2025-11-10 17:01:44,806 - Knowledge - INFO - process ingested knowledge for /app/data/T0015/222062/b1841j9/RDK-Service/WifiManager/impl/WifiManagerState.cpp
2025-11-10 17:01:44,981 - Knowledge - INFO - done ingest for /app/data/T0015/222062/b1841j9/RDK-Service/LocationSync/LocationSync.cpp
2025-11-10 17:01:45,042 - Knowledge - INFO - Async storing batch of 13 embeddings
2025-11-10 17:01:45,208 - Knowledge - INFO - Worker kw9 processing /app/data/T0015/222062/b1841j9/RDK-Service/StateObserver/test/Module.h
2025-11-10 17:01:45,397 - Knowledge - INFO - Processing batch of 20 files
2025-11-10 17:01:45,397 - Knowledge - INFO - Worker kw11 processing /app/data/T0015/222062/b1841j9/RDK-Service/FrontPanel/FrontPanel.json
2025-11-10 17:01:45,588 - Knowledge - INFO - process ingested knowledge for /app/data/T0015/222062/b1841j9/RDK-Service/SystemMode/Module.cpp
2025-11-10 17:01:45,591 - Knowledge - INFO - [LLM_CALL] Completed: Bluetooth.cpp:chunk1, Duration: 131801ms, PromptTokens: 14950, CompletionTokens: 1571, Cost: $0.00212
2025-11-10 17:01:45,801 - Knowledge - INFO - process ingested knowledge for /app/data/T0015/222062/b1841j9/RDK-Service/MaintenanceManager/CHANGELOG.md
2025-11-10 17:01:46,127 - Knowledge - INFO - process ingested knowledge for /app/data/T0015/222062/b1841j9/RDK-Service/OCIContainer/Module.h
2025-11-10 17:01:46,661 - Knowledge - INFO - Fast-tracked /app/data/T0015/222062/b1841j9/RDK-Service/PlayerInfo/PlayerInfo.json (ext=.json, size=7604)
2025-11-10 17:01:47,111 - Knowledge - INFO - process ingested knowledge for /app/data/T0015/222062/b1841j9/RDK-Service/WifiManager/impl/WifiManagerWPS.h
2025-11-10 17:01:47,647 - Knowledge - INFO - Worker kw16 processing /app/data/T0015/222062/b1841j9/RDK-Service/PerformanceMetrics/PerformanceMetricsPlugin.json
2025-11-10 17:01:47,997 - Knowledge - INFO - Fast-tracked /app/data/T0015/222062/b1841j9/RDK-Service/StateObserver/test/Module.h (ext=.h, size=838)
2025-11-10 17:01:48,060 - Knowledge - INFO - process ingested knowledge for /app/data/T0015/222062/b1841j9/RDK-Service/cmake/FindRDKStorageManager.cmake
2025-11-10 17:01:48,322 - Knowledge - INFO - Fast-tracked /app/data/T0015/222062/b1841j9/RDK-Service/FrontPanel/FrontPanel.json (ext=.json, size=18094)
2025-11-10 17:01:48,565 - Knowledge - INFO - process ingested knowledge for /app/data/T0015/222062/b1841j9/RDK-Service/SystemMode/CHANGELOG.md
2025-11-10 17:01:48,792 - Knowledge - INFO - Async storing batch of 13 embeddings
2025-11-10 17:01:48,832 - Knowledge - INFO - Async storing batch of 13 embeddings
2025-11-10 17:01:48,877 - Knowledge - INFO - process ingested knowledge for /app/data/T0015/222062/b1841j9/RDK-Service/MaintenanceManager/MaintenanceManager.cpp
2025-11-10 17:01:49,105 - Knowledge - INFO - process ingested knowledge for /app/data/T0015/222062/b1841j9/RDK-Service/OCIContainer/OCIContainer.json
2025-11-10 17:01:49,172 - Knowledge - INFO - [LLM_CALL] Completed: PackagerImplementation.h:chunk1, Duration: 109456ms, PromptTokens: 5258, CompletionTokens: 685, Cost: $0.00080
2025-11-10 17:01:49,409 - Knowledge - INFO - Worker kw12 processing /app/data/T0015/222062/b1841j9/RDK-Service/PlayerInfo/Module.cpp
2025-11-10 17:01:49,558 - Knowledge - INFO - process ingested knowledge for /app/data/T0015/222062/b1841j9/RDK-Service/WifiManager/impl/WifiManagerConnect.h
2025-11-10 17:01:49,768 - Knowledge - INFO - Fast-tracked /app/data/T0015/222062/b1841j9/RDK-Service/PerformanceMetrics/PerformanceMetricsPlugin.json (ext=.json, size=349)
2025-11-10 17:01:49,805 - Knowledge - INFO - Worker kw9 processing /app/data/T0015/222062/b1841j9/RDK-Service/StateObserver/test/CMakeLists.txt
2025-11-10 17:01:50,054 - Knowledge - INFO - process ingested knowledge for /app/data/T0015/222062/b1841j9/RDK-Service/cmake/FindNXCLIENT.cmake
2025-11-10 17:01:50,576 - Knowledge - INFO - process ingested knowledge for /app/data/T0015/222062/b1841j9/RDK-Service/WifiManager/test/thunder-wifimanager-test.js
2025-11-10 17:01:50,726 - Knowledge - INFO - Worker kw7 processing /app/data/T0015/222062/b1841j9/RDK-Service/Messenger/Module.cpp
2025-11-10 17:01:50,908 - Knowledge - INFO - Worker kw14 processing /app/data/T0015/222062/b1841j9/RDK-Service/docs/developerguide/FooPlugin/CHANGELOG.md
2025-11-10 17:01:51,223 - Knowledge - INFO - process ingested knowledge for /app/data/T0015/222062/b1841j9/RDK-Service/cmake/FindDL.cmake
2025-11-10 17:01:51,448 - Knowledge - INFO - process ingested knowledge for /app/data/T0015/222062/b1841j9/RDK-Service/OCIContainer/CMakeLists.txt
2025-11-10 17:01:51,591 - Knowledge - INFO - done ingest for /app/data/T0015/222062/b1841j9/RDK-Service/Packager/PackagerImplementation.h
2025-11-10 17:01:51,746 - Knowledge - INFO - [LLM_CALL] Completed: MessageControl.h:chunk1, Duration: 145009ms, PromptTokens: 4836, CompletionTokens: 750, Cost: $0.00078
2025-11-10 17:01:51,847 - Knowledge - INFO - Fast-tracked /app/data/T0015/222062/b1841j9/RDK-Service/PlayerInfo/Module.cpp (ext=.cpp, size=781)
2025-11-10 17:01:51,907 - Knowledge - INFO - process ingested knowledge for /app/data/T0015/222062/b1841j9/RDK-Service/WifiManager/impl/WifiManagerSignalThreshold.cpp
2025-11-10 17:01:52,120 - Knowledge - INFO - Worker kw16 processing /app/data/T0015/222062/b1841j9/RDK-Service/PerformanceMetrics/Module.h
2025-11-10 17:01:52,403 - Knowledge - INFO - Fast-tracked /app/data/T0015/222062/b1841j9/RDK-Service/StateObserver/test/CMakeLists.txt (ext=.txt, size=1349)
2025-11-10 17:01:52,644 - Knowledge - INFO - process ingested knowledge for /app/data/T0015/222062/b1841j9/RDK-Service/cmake/Findjsoncpp.cmake
2025-11-10 17:01:52,778 - Knowledge - INFO - process ingested knowledge for /app/data/T0015/222062/b1841j9/RDK-Service/WifiManager/WifiManager.h
2025-11-10 17:01:53,077 - Knowledge - INFO - Fast-tracked /app/data/T0015/222062/b1841j9/RDK-Service/Messenger/Module.cpp (ext=.cpp, size=781)
2025-11-10 17:01:53,123 - Knowledge - INFO - Fast-tracked /app/data/T0015/222062/b1841j9/RDK-Service/docs/developerguide/FooPlugin/CHANGELOG.md (ext=.md, size=1295)
2025-11-10 17:01:53,418 - Knowledge - INFO - process ingested knowledge for /app/data/T0015/222062/b1841j9/RDK-Service/cmake/FindAC.cmake
2025-11-10 17:01:53,522 - Knowledge - INFO - process ingested knowledge for /app/data/T0015/222062/b1841j9/RDK-Service/OCIContainer/stubs/i_omi_proxy.hpp
2025-11-10 17:01:53,992 - Knowledge - INFO - done ingest for /app/data/T0015/222062/b1841j9/RDK-Service/MessageControl/MessageControl.h
2025-11-10 17:01:54,082 - Knowledge - INFO - [LLM_CALL] Completed: OCIContainer.cpp:chunk1, Duration: 104269ms, PromptTokens: 10936, CompletionTokens: 973, Cost: $0.00148
2025-11-10 17:01:54,136 - Knowledge - ERROR - Timeout processing /app/data/T0015/222062/b1841j9/RDK-Service/Bluetooth/Bluetooth.cpp after 90s
2025-11-10 17:01:54,196 - Knowledge - INFO - Worker kw12 processing /app/data/T0015/222062/b1841j9/RDK-Service/PlayerInfo/CHANGELOG.md
2025-11-10 17:01:54,357 - Knowledge - INFO - process ingested knowledge for /app/data/T0015/222062/b1841j9/RDK-Service/WifiManager/impl/WifiManagerState.h
2025-11-10 17:01:54,555 - Knowledge - INFO - Fast-tracked /app/data/T0015/222062/b1841j9/RDK-Service/PerformanceMetrics/Module.h (ext=.h, size=869)
2025-11-10 17:01:54,657 - Knowledge - INFO - Worker kw9 processing /app/data/T0015/222062/b1841j9/RDK-Service/StateObserver/test/STOBSThunderClient.cpp
2025-11-10 17:01:54,794 - Knowledge - INFO - process ingested knowledge for /app/data/T0015/222062/b1841j9/RDK-Service/cmake/FindPlabels.cmake
2025-11-10 17:01:54,979 - Knowledge - INFO - process ingested knowledge for /app/data/T0015/222062/b1841j9/RDK-Service/WifiManager/Module.h
2025-11-10 17:01:55,096 - Knowledge - INFO - Worker kw7 processing /app/data/T0015/222062/b1841j9/RDK-Service/Messenger/CHANGELOG.md
2025-11-10 17:01:55,386 - Knowledge - INFO - Worker kw14 processing /app/data/T0015/222062/b1841j9/RDK-Service/docs/developerguide/Sourcefiles.md
2025-11-10 17:01:55,554 - Knowledge - INFO - process ingested knowledge for /app/data/T0015/222062/b1841j9/RDK-Service/cmake/FindUdev.cmake
2025-11-10 17:01:55,921 - Knowledge - INFO - process ingested knowledge for /app/data/T0015/222062/b1841j9/RDK-Service/OCIContainer/stubs/omi_proxy.hpp
2025-11-10 17:01:56,255 - Knowledge - INFO - done ingest for /app/data/T0015/222062/b1841j9/RDK-Service/OCIContainer/OCIContainer.cpp
2025-11-10 17:01:56,420 - Knowledge - WARNING - File /app/data/T0015/222062/b1841j9/RDK-Service/Bluetooth/Bluetooth.cpp not successfully processed
2025-11-10 17:01:56,572 - Knowledge - INFO - Fast-tracked /app/data/T0015/222062/b1841j9/RDK-Service/PlayerInfo/CHANGELOG.md (ext=.md, size=2277)
2025-11-10 17:01:56,739 - Knowledge - INFO - process ingested knowledge for /app/data/T0015/222062/b1841j9/RDK-Service/WifiManager/impl/WifiManagerEvents.h
2025-11-10 17:01:56,784 - Knowledge - WARNING - File /app/data/T0015/222062/b1841j9/RDK-Service/LocationSync/LocationService.cpp not successfully processed
2025-11-10 17:01:56,841 - Knowledge - INFO - Worker kw16 processing /app/data/T0015/222062/b1841j9/RDK-Service/PerformanceMetrics/PerformanceMetrics.cpp
2025-11-10 17:01:57,143 - Knowledge - INFO - process ingested knowledge for /app/data/T0015/222062/b1841j9/RDK-Service/cmake/FindIARMBus.cmake
2025-11-10 17:01:57,143 - Knowledge - INFO - Fast-tracked /app/data/T0015/222062/b1841j9/RDK-Service/StateObserver/test/STOBSThunderClient.cpp (ext=.cpp, size=8717)
2025-11-10 17:01:57,274 - Knowledge - INFO - process ingested knowledge for /app/data/T0015/222062/b1841j9/RDK-Service/WifiManager/impl/WifiManagerEvents.cpp
2025-11-10 17:01:57,481 - Knowledge - INFO - Fast-tracked /app/data/T0015/222062/b1841j9/RDK-Service/Messenger/CHANGELOG.md (ext=.md, size=1776)
2025-11-10 17:01:57,755 - Knowledge - INFO - process ingested knowledge for /app/data/T0015/222062/b1841j9/RDK-Service/cmake/FindNopoll.cmake
2025-11-10 17:01:57,638 - Knowledge - INFO - Fast-tracked /app/data/T0015/222062/b1841j9/RDK-Service/docs/developerguide/Sourcefiles.md (ext=.md, size=5952)
2025-11-10 17:01:57,937 - Knowledge - INFO - process ingested knowledge for /app/data/T0015/222062/b1841j9/RDK-Service/OCIContainer/OCIContainerPlugin.json
2025-11-10 17:01:58,524 - Knowledge - INFO - Worker kw12 processing /app/data/T0015/222062/b1841j9/RDK-Service/PlayerInfo/PlayerInfo.h
2025-11-10 17:01:58,657 - Knowledge - INFO - process ingested knowledge for /app/data/T0015/222062/b1841j9/RDK-Service/WifiManager/impl/WifiManagerConnect.cpp
2025-11-10 17:01:59,028 - Knowledge - INFO - Worker kw16 processing /app/data/T0015/222062/b1841j9/RDK-Service/PerformanceMetrics/CMakeLists.txt
2025-11-10 17:01:59,130 - Knowledge - INFO - process ingested knowledge for /app/data/T0015/222062/b1841j9/RDK-Service/cmake/FindNEXUS.cmake
2025-11-10 17:01:59,153 - Knowledge - INFO - Processing batch of 19 files
2025-11-10 17:01:59,309 - Knowledge - INFO - Worker kw9 processing /app/data/T0015/222062/b1841j9/RDK-Service/StateObserver/Module.h
2025-11-10 17:01:59,470 - Knowledge - INFO - process ingested knowledge for /app/data/T0015/222062/b1841j9/RDK-Service/WifiManager/impl/WifiManagerScan.cpp
2025-11-10 17:01:59,594 - Knowledge - INFO - Worker kw7 processing /app/data/T0015/222062/b1841j9/RDK-Service/Messenger/Messenger.h
2025-11-10 17:01:59,729 - Knowledge - INFO - process ingested knowledge for /app/data/T0015/222062/b1841j9/RDK-Service/cmake/FindCTRLM.cmake
2025-11-10 17:01:59,955 - Knowledge - INFO - Worker kw14 processing /app/data/T0015/222062/b1841j9/RDK-Service/docs/developerguide/Headerfiles.md
2025-11-10 17:02:00,104 - Knowledge - INFO - process ingested knowledge for /app/data/T0015/222062/b1841j9/RDK-Service/OCIContainer/README.md
2025-11-10 17:02:00,239 - Knowledge - INFO - [LLM_CALL] Completed: PackagerImplementation.cpp:chunk1, Duration: 116629ms, PromptTokens: 9020, CompletionTokens: 907, Cost: $0.00126
2025-11-10 17:02:00,330 - Knowledge - INFO - Worker kw12 processing /app/data/T0015/222062/b1841j9/RDK-Service/LoggingPreferences/LoggingPreferencesPlugin.json
2025-11-10 17:02:00,615 - Knowledge - INFO - process ingested knowledge for /app/data/T0015/222062/b1841j9/RDK-Service/WifiManager/impl/WifiManagerScan.h
2025-11-10 17:02:00,845 - Knowledge - INFO - Fast-tracked /app/data/T0015/222062/b1841j9/RDK-Service/PerformanceMetrics/CMakeLists.txt (ext=.txt, size=3953)
2025-11-10 17:02:00,950 - Knowledge - INFO - process ingested knowledge for /app/data/T0015/222062/b1841j9/RDK-Service/cmake/FindTTS.cmake
2025-11-10 17:02:01,091 - Knowledge - INFO - process ingested knowledge for /app/data/T0015/222062/b1841j9/RDK-Service/ContinueWatching/test/Module.h
2025-11-10 17:02:02,325 - Knowledge - INFO - Fast-tracked /app/data/T0015/222062/b1841j9/RDK-Service/StateObserver/Module.h (ext=.h, size=870)
2025-11-10 17:02:02,617 - Knowledge - INFO - Worker kw7 processing /app/data/T0015/222062/b1841j9/RDK-Service/docs/_sidebar.md
2025-11-10 17:02:02,808 - Knowledge - INFO - process ingested knowledge for /app/data/T0015/222062/b1841j9/RDK-Service/cmake/FindSqlite.cmake
2025-11-10 17:02:02,983 - Knowledge - INFO - Fast-tracked /app/data/T0015/222062/b1841j9/RDK-Service/RDKShell/RialtoConnector.h (small file (2442 bytes))
2025-11-10 17:02:03,005 - Knowledge - INFO - Fast-tracked /app/data/T0015/222062/b1841j9/RDK-Service/docs/developerguide/Headerfiles.md (ext=.md, size=4531)
2025-11-10 17:02:03,253 - Knowledge - INFO - done ingest for /app/data/T0015/222062/b1841j9/RDK-Service/Packager/PackagerImplementation.cpp
2025-11-10 17:02:03,453 - Knowledge - INFO - Fast-tracked /app/data/T0015/222062/b1841j9/RDK-Service/SystemServices/cTimer.h (small file (2109 bytes))
2025-11-10 17:02:03,583 - Knowledge - INFO - Fast-tracked /app/data/T0015/222062/b1841j9/RDK-Service/LoggingPreferences/LoggingPreferencesPlugin.json (ext=.json, size=509)
2025-11-10 17:02:03,856 - Knowledge - INFO - Worker kw16 processing /app/data/T0015/222062/b1841j9/RDK-Service/PerformanceMetrics/TraceOutput.cpp
2025-11-10 17:02:04,079 - Knowledge - INFO - [LLM_CALL] Completed: MessageOutput.cpp:chunk1, Duration: 135582ms, PromptTokens: 3922, CompletionTokens: 884, Cost: $0.00075
2025-11-10 17:02:04,350 - Knowledge - INFO - Worker kw9 processing /app/data/T0015/222062/b1841j9/RDK-Service/StateObserver/StateObserver.cpp
2025-11-10 17:02:04,512 - Knowledge - INFO - Fast-tracked /app/data/T0015/222062/b1841j9/RDK-Service/docs/_sidebar.md (ext=.md, size=2947)
2025-11-10 17:02:04,551 - Knowledge - INFO - process ingested knowledge for /app/data/T0015/222062/b1841j9/RDK-Service/WifiManager/impl/WifiManagerSignalThreshold.h
2025-11-10 17:02:04,973 - Knowledge - INFO - process ingested knowledge for /app/data/T0015/222062/b1841j9/RDK-Service/ContinueWatching/test/CMakeLists.txt
2025-11-10 17:02:04,991 - Knowledge - INFO - process ingested knowledge for /app/data/T0015/222062/b1841j9/RDK-Service/cmake/FindGStreamer.cmake
2025-11-10 17:02:05,086 - Knowledge - INFO - Worker kw14 processing /app/data/T0015/222062/b1841j9/RDK-Service/docs/developerguide/Changelogfile.md
2025-11-10 17:02:05,523 - Knowledge - INFO - process ingested knowledge for /app/data/T0015/222062/b1841j9/RDK-Service/cmake/FindCEC.cmake
2025-11-10 17:02:05,618 - Knowledge - INFO - Fast-tracked /app/data/T0015/222062/b1841j9/RDK-Service/SystemServices/cTimer.cpp (small file (2350 bytes))
2025-11-10 17:02:05,992 - Knowledge - INFO - Worker kw16 processing /app/data/T0015/222062/b1841j9/RDK-Service/PerformanceMetrics/SyslogOutput.cpp
2025-11-10 17:02:06,110 - Knowledge - INFO - done ingest for /app/data/T0015/222062/b1841j9/RDK-Service/MessageControl/MessageOutput.cpp
2025-11-10 17:02:06,209 - Knowledge - INFO - Processing batch of 19 files
2025-11-10 17:02:06,397 - Knowledge - INFO - Worker kw9 processing /app/data/T0015/222062/b1841j9/RDK-Service/StateObserver/CMakeLists.txt
2025-11-10 17:02:06,497 - Knowledge - INFO - Worker kw7 processing /app/data/T0015/222062/b1841j9/RDK-Service/docs/developerguide/Test&Validation.md
2025-11-10 17:02:06,650 - Knowledge - INFO - [LLM_CALL] Completed: RamHelper.cpp:chunk1, Duration: 137817ms, PromptTokens: 15162, CompletionTokens: 488, Cost: $0.00171
2025-11-10 17:02:07,074 - Knowledge - INFO - process ingested knowledge for /app/data/T0015/222062/b1841j9/RDK-Service/WifiManager/WifiPlugin.json
2025-11-10 17:02:07,096 - Knowledge - INFO - Fast-tracked /app/data/T0015/222062/b1841j9/RDK-Service/docs/developerguide/Changelogfile.md (ext=.md, size=1009)
2025-11-10 17:02:07,587 - Knowledge - INFO - process ingested knowledge for /app/data/T0015/222062/b1841j9/RDK-Service/cmake/FindLMPLAYER.cmake
2025-11-10 17:02:07,589 - Knowledge - INFO - Worker kw16 processing /app/data/T0015/222062/b1841j9/RDK-Service/PerformanceMetrics/Module.cpp
2025-11-10 17:02:07,622 - Knowledge - INFO - process ingested knowledge for /app/data/T0015/222062/b1841j9/RDK-Service/ContinueWatching/ContinueWatching.h
2025-11-10 17:02:07,905 - Knowledge - INFO - process ingested knowledge for /app/data/T0015/222062/b1841j9/RDK-Service/Bluetooth/Module.cpp
2025-11-10 17:02:08,132 - Knowledge - INFO - Fast-tracked /app/data/T0015/222062/b1841j9/RDK-Service/StateObserver/CMakeLists.txt (ext=.txt, size=1651)
2025-11-10 17:02:08,248 - Knowledge - INFO - Fast-tracked /app/data/T0015/222062/b1841j9/RDK-Service/docs/developerguide/Test&Validation.md (ext=.md, size=2502)
2025-11-10 17:02:08,342 - Knowledge - INFO - process ingested knowledge for /app/data/T0015/222062/b1841j9/RDK-Service/cmake/FindDS.cmake
2025-11-10 17:02:08,479 - Knowledge - INFO - [LLM_CALL] Completed: DataCapture.cpp:chunk1, Duration: 78039ms, PromptTokens: 9726, CompletionTokens: 485, Cost: $0.00117
2025-11-10 17:02:08,924 - Knowledge - INFO - Worker kw14 processing /app/data/T0015/222062/b1841j9/RDK-Service/docs/developerguide/Pluginconfigfiles.md
2025-11-10 17:02:09,251 - Knowledge - INFO - Fast-tracked /app/data/T0015/222062/b1841j9/RDK-Service/PerformanceMetrics/Module.cpp (ext=.cpp, size=781)
2025-11-10 17:02:09,569 - Knowledge - INFO - process ingested knowledge for /app/data/T0015/222062/b1841j9/RDK-Service/WifiManager/CMakeLists.txt
2025-11-10 17:02:09,586 - Knowledge - INFO - process ingested knowledge for /app/data/T0015/222062/b1841j9/RDK-Service/cmake/FindCurl.cmake
2025-11-10 17:02:09,741 - Knowledge - INFO - Worker kw9 processing /app/data/T0015/222062/b1841j9/RDK-Service/StateObserver/StateObserver.json
2025-11-10 17:02:09,950 - Knowledge - INFO - Worker kw7 processing /app/data/T0015/222062/b1841j9/RDK-Service/docs/developerguide/PluginJSONfile.md
2025-11-10 17:02:10,180 - Knowledge - INFO - done ingest for /app/data/T0015/222062/b1841j9/RDK-Service/DataCapture/DataCapture.cpp
2025-11-10 17:02:10,217 - Knowledge - INFO - process ingested knowledge for /app/data/T0015/222062/b1841j9/RDK-Service/ContinueWatching/Module.h
2025-11-10 17:02:10,226 - Knowledge - INFO - process ingested knowledge for /app/data/T0015/222062/b1841j9/RDK-Service/Bluetooth/CHANGELOG.md
2025-11-10 17:02:10,235 - Knowledge - INFO - process ingested knowledge for /app/data/T0015/222062/b1841j9/RDK-Service/cmake/FindAamp.cmake
2025-11-10 17:02:10,237 - Knowledge - INFO - [LLM_CALL] Completed: MessageControlImplementation.cpp:chunk1, Duration: 150008ms, PromptTokens: 3390, CompletionTokens: 550, Cost: $0.00056
2025-11-10 17:02:11,136 - Knowledge - INFO - Fast-tracked /app/data/T0015/222062/b1841j9/RDK-Service/docs/developerguide/PluginJSONfile.md (ext=.md, size=6504)
2025-11-10 17:02:10,530 - Knowledge - INFO - Worker kw16 processing /app/data/T0015/222062/b1841j9/RDK-Service/PerformanceMetrics/CHANGELOG.md
2025-11-10 17:02:10,915 - Knowledge - INFO - Fast-tracked /app/data/T0015/222062/b1841j9/RDK-Service/StateObserver/StateObserver.json (ext=.json, size=9616)
2025-11-10 17:02:10,416 - Knowledge - INFO - Fast-tracked /app/data/T0015/222062/b1841j9/RDK-Service/docs/developerguide/Pluginconfigfiles.md (ext=.md, size=1797)
2025-11-10 17:02:11,267 - Knowledge - INFO - process ingested knowledge for /app/data/T0015/222062/b1841j9/RDK-Service/WifiManager/WifiManagerDefines.h
2025-11-10 17:02:11,298 - Knowledge - INFO - process ingested knowledge for /app/data/T0015/222062/b1841j9/RDK-Service/cmake/FindGLIB.cmake
2025-11-10 17:02:12,071 - Knowledge - INFO - done ingest for /app/data/T0015/222062/b1841j9/RDK-Service/MessageControl/MessageControlImplementation.cpp
2025-11-10 17:02:12,281 - Knowledge - INFO - Worker kw7 processing /app/data/T0015/222062/b1841j9/RDK-Service/docs/developerguide/_sidebar.md
2025-11-10 17:02:12,483 - Knowledge - INFO - Fast-tracked /app/data/T0015/222062/b1841j9/RDK-Service/PerformanceMetrics/CHANGELOG.md (ext=.md, size=1210)
2025-11-10 17:02:12,651 - Knowledge - INFO - process ingested knowledge for /app/data/T0015/222062/b1841j9/RDK-Service/ContinueWatching/ContinueWatching.json
2025-11-10 17:02:12,677 - Knowledge - INFO - process ingested knowledge for /app/data/T0015/222062/b1841j9/RDK-Service/LEDControl/Module.h
2025-11-10 17:02:12,677 - Knowledge - INFO - process ingested knowledge for /app/data/T0015/222062/b1841j9/RDK-Service/cmake/FindSqliteSee.cmake
2025-11-10 17:02:12,733 - Knowledge - INFO - Worker kw9 processing /app/data/T0015/222062/b1841j9/RDK-Service/StateObserver/README.md
2025-11-10 17:02:12,908 - Knowledge - INFO - Worker kw14 processing /app/data/T0015/222062/b1841j9/RDK-Service/docs/_coverpage.md
2025-11-10 17:02:13,577 - Knowledge - INFO - Fast-tracked /app/data/T0015/222062/b1841j9/RDK-Service/docs/developerguide/_sidebar.md (ext=.md, size=970)
2025-11-10 17:02:13,614 - Knowledge - INFO - Worker kw16 processing /app/data/T0015/222062/b1841j9/RDK-Service/PerformanceMetrics/PerformanceMetrics.h
2025-11-10 17:02:13,785 - Knowledge - INFO - process ingested knowledge for /app/data/T0015/222062/b1841j9/RDK-Service/WifiManager/WifiManagerInterface.h
2025-11-10 17:02:13,802 - Knowledge - INFO - process ingested knowledge for /app/data/T0015/222062/b1841j9/RDK-Service/cmake/FindLibSoup.cmake
2025-11-10 17:02:14,360 - Knowledge - INFO - Fast-tracked /app/data/T0015/222062/b1841j9/RDK-Service/StateObserver/README.md (ext=.md, size=3829)
2025-11-10 17:02:14,428 - Knowledge - INFO - process ingested knowledge for /app/data/T0015/222062/b1841j9/RDK-Service/ContinueWatching/CMakeLists.txt
2025-11-10 17:02:14,438 - Knowledge - INFO - process ingested knowledge for /app/data/T0015/222062/b1841j9/RDK-Service/LEDControl/LEDControl.h
2025-11-10 17:02:14,452 - Knowledge - INFO - Fast-tracked /app/data/T0015/222062/b1841j9/RDK-Service/docs/_coverpage.md (ext=.md, size=246)
2025-11-10 17:02:14,641 - Knowledge - INFO - Worker kw7 processing /app/data/T0015/222062/b1841j9/RDK-Service/docs/developerguide/develperguidefornewplugin.md
2025-11-10 17:02:14,840 - Knowledge - INFO - process ingested knowledge for /app/data/T0015/222062/b1841j9/RDK-Service/cmake/FindBCM_HOST.cmake
2025-11-10 17:02:14,954 - Knowledge - INFO - Worker kw16 processing /app/data/T0015/222062/b1841j9/RDK-Service/common/common.json
2025-11-10 17:02:15,244 - Knowledge - INFO - process ingested knowledge for /app/data/T0015/222062/b1841j9/RDK-Service/WifiManager/README.md
2025-11-10 17:02:15,301 - Knowledge - INFO - [LLM_CALL] Completed: PersistentStoreJsonRpc.cpp:chunk1, Duration: 79676ms, PromptTokens: 4350, CompletionTokens: 849, Cost: $0.00077
2025-11-10 17:02:15,311 - Knowledge - INFO - Worker kw9 processing /app/data/T0015/222062/b1841j9/RDK-Service/StateObserver/Module.cpp
2025-11-10 17:02:15,566 - Knowledge - INFO - process ingested knowledge for /app/data/T0015/222062/b1841j9/RDK-Service/cmake/FindGStreamerVideo.cmake
2025-11-10 17:02:15,668 - Knowledge - INFO - Worker kw14 processing /app/data/T0015/222062/b1841j9/RDK-Service/docs/api/HdmiInputPlugin.md
2025-11-10 17:02:15,841 - Knowledge - INFO - Fast-tracked /app/data/T0015/222062/b1841j9/RDK-Service/docs/developerguide/develperguidefornewplugin.md (ext=.md, size=1692)
2025-11-10 17:02:16,027 - Knowledge - INFO - process ingested knowledge for /app/data/T0015/222062/b1841j9/RDK-Service/LEDControl/LEDControl.json
2025-11-10 17:02:16,090 - Knowledge - INFO - Fast-tracked /app/data/T0015/222062/b1841j9/RDK-Service/common/common.json (ext=.json, size=5519)
2025-11-10 17:02:16,310 - Knowledge - INFO - done ingest for /app/data/T0015/222062/b1841j9/RDK-Service/PersistentStore/PersistentStoreJsonRpc.cpp
2025-11-10 17:02:16,512 - Knowledge - INFO - Fast-tracked /app/data/T0015/222062/b1841j9/RDK-Service/StateObserver/Module.cpp (ext=.cpp, size=765)
2025-11-10 17:02:16,514 - Knowledge - INFO - process ingested knowledge for /app/data/T0015/222062/b1841j9/RDK-Service/Tools/json_generator/schemas/interface.schema.json
2025-11-10 17:02:16,515 - Knowledge - INFO - process ingested knowledge for /app/data/T0015/222062/b1841j9/RDK-Service/ContinueWatching/ContinueWatchingPlugin.json
2025-11-10 17:02:16,531 - Knowledge - INFO - process ingested knowledge for /app/data/T0015/222062/b1841j9/RDK-Service/WifiManager/Module.cpp
2025-11-10 17:02:16,782 - Knowledge - INFO - Fast-tracked /app/data/T0015/222062/b1841j9/RDK-Service/docs/api/HdmiInputPlugin.md (ext=.md, size=29157)
2025-11-10 17:02:16,885 - Knowledge - INFO - [LLM_CALL] Completed: MessageOutput.h:chunk1, Duration: 165735ms, PromptTokens: 8988, CompletionTokens: 901, Cost: $0.00126
2025-11-10 17:02:16,896 - Knowledge - INFO - Worker kw7 processing /app/data/T0015/222062/b1841j9/RDK-Service/docs/developerguide/new_plugin_Inprocess.md
2025-11-10 17:02:17,082 - Knowledge - INFO - Worker kw16 processing /app/data/T0015/222062/b1841j9/RDK-Service/Messenger/MessengerPlugin.json
2025-11-10 17:02:17,357 - Knowledge - INFO - Worker kw9 processing /app/data/T0015/222062/b1841j9/RDK-Service/StateObserver/CHANGELOG.md
2025-11-10 17:02:17,849 - Knowledge - INFO - process ingested knowledge for /app/data/T0015/222062/b1841j9/RDK-Service/LEDControl/CMakeLists.txt
2025-11-10 17:02:17,936 - Knowledge - INFO - Worker kw14 processing /app/data/T0015/222062/b1841j9/RDK-Service/docs/api/HdmiCecSinkPlugin.md
2025-11-10 17:02:18,081 - Knowledge - INFO - done ingest for /app/data/T0015/222062/b1841j9/RDK-Service/MessageControl/MessageOutput.h
2025-11-10 17:02:18,303 - Knowledge - INFO - Fast-tracked /app/data/T0015/222062/b1841j9/RDK-Service/docs/developerguide/new_plugin_Inprocess.md (ext=.md, size=1032)
2025-11-10 17:02:18,472 - Knowledge - INFO - Fast-tracked /app/data/T0015/222062/b1841j9/RDK-Service/Messenger/MessengerPlugin.json (ext=.json, size=671)
2025-11-10 17:02:18,595 - Knowledge - INFO - Fast-tracked /app/data/T0015/222062/b1841j9/RDK-Service/StateObserver/CHANGELOG.md (ext=.md, size=1687)
2025-11-10 17:02:18,933 - Knowledge - INFO - Fast-tracked /app/data/T0015/222062/b1841j9/RDK-Service/docs/api/HdmiCecSinkPlugin.md (ext=.md, size=41479)
2025-11-10 17:02:19,017 - Knowledge - INFO - process ingested knowledge for /app/data/T0015/222062/b1841j9/RDK-Service/ContinueWatching/README.md
2025-11-10 17:02:19,026 - Knowledge - INFO - process ingested knowledge for /app/data/T0015/222062/b1841j9/RDK-Service/Tools/json_generator/schemas/plugin.schema.json
2025-11-10 17:02:19,259 - Knowledge - INFO - Worker kw7 processing /app/data/T0015/222062/b1841j9/RDK-Service/docs/developerguide/createprojectfolder.md
2025-11-10 17:02:19,393 - Knowledge - INFO - Worker kw16 processing /app/data/T0015/222062/b1841j9/RDK-Service/Messenger/Module.h
2025-11-10 17:02:19,524 - Knowledge - INFO - Worker kw9 processing /app/data/T0015/222062/b1841j9/RDK-Service/StateObserver/StateObserver.h
2025-11-10 17:02:19,678 - Knowledge - INFO - Worker kw14 processing /app/data/T0015/222062/b1841j9/RDK-Service/docs/api/DisplayInfoPlugin.md
2025-11-10 17:02:19,801 - Knowledge - INFO - [LLM_CALL] Completed: HdmiCec_2.h:chunk1, Duration: 127879ms, PromptTokens: 6640, CompletionTokens: 1342, Cost: $0.00120
2025-11-10 17:02:20,119 - Knowledge - INFO - process ingested knowledge for /app/data/T0015/222062/b1841j9/RDK-Service/WifiManager/Wifi.json
2025-11-10 17:02:20,127 - Knowledge - INFO - process ingested knowledge for /app/data/T0015/222062/b1841j9/RDK-Service/LEDControl/LEDControlPlugin.json
2025-11-10 17:02:20,165 - Knowledge - INFO - process ingested knowledge for /app/data/T0015/222062/b1841j9/RDK-Service/ContinueWatching/ContinueWatching.cpp
2025-11-10 17:02:20,201 - Knowledge - INFO - Fast-tracked /app/data/T0015/222062/b1841j9/RDK-Service/docs/developerguide/createprojectfolder.md (ext=.md, size=349)
2025-11-10 17:02:20,441 - Knowledge - INFO - Async storage completed for 17 embeddings
2025-11-10 17:02:20,446 - Knowledge - INFO - Fast-tracked /app/data/T0015/222062/b1841j9/RDK-Service/Messenger/Module.h (ext=.h, size=1009)
2025-11-10 17:02:20,748 - Knowledge - INFO - Async storage completed for 18 embeddings
2025-11-10 17:02:20,797 - Knowledge - INFO - Fast-tracked /app/data/T0015/222062/b1841j9/RDK-Service/docs/api/DisplayInfoPlugin.md (ext=.md, size=16959)
2025-11-10 17:02:20,904 - Knowledge - INFO - done ingest for /app/data/T0015/222062/b1841j9/RDK-Service/HdmiCec_2/HdmiCec_2.h
2025-11-10 17:02:21,406 - Knowledge - INFO - process ingested knowledge for /app/data/T0015/222062/b1841j9/RDK-Service/Tools/json_generator/docs_common.json
2025-11-10 17:02:21,514 - Knowledge - INFO - Worker kw7 processing /app/data/T0015/222062/b1841j9/RDK-Service/docs/developerguide/ControllerUI.md
2025-11-10 17:02:21,804 - Knowledge - INFO - Worker kw16 processing /app/data/T0015/222062/b1841j9/RDK-Service/Messenger/MessengerSecurity.cpp
2025-11-10 17:02:21,974 - Knowledge - INFO - process ingested knowledge for /app/data/T0015/222062/b1841j9/RDK-Service/WifiManager/CHANGELOG.md
2025-11-10 17:02:22,003 - Knowledge - INFO - process ingested knowledge for /app/data/T0015/222062/b1841j9/RDK-Service/LEDControl/Module.cpp
2025-11-10 17:02:22,057 - Knowledge - INFO - Worker kw14 processing /app/data/T0015/222062/b1841j9/RDK-Service/docs/api/ControlServicePlugin.md
2025-11-10 17:02:22,685 - Knowledge - INFO - [LLM_CALL] Completed: socket_adaptor.h:chunk1, Duration: 95190ms, PromptTokens: 3074, CompletionTokens: 471, Cost: $0.00050
2025-11-10 17:02:22,741 - Knowledge - INFO - Fast-tracked /app/data/T0015/222062/b1841j9/RDK-Service/docs/developerguide/ControllerUI.md (ext=.md, size=404)
2025-11-10 17:02:22,872 - Knowledge - INFO - Worker kw16 processing /app/data/T0015/222062/b1841j9/RDK-Service/Messenger/Messenger.cpp
2025-11-10 17:02:23,141 - Knowledge - INFO - process ingested knowledge for /app/data/T0015/222062/b1841j9/RDK-Service/ContinueWatching/Module.cpp
2025-11-10 17:02:23,201 - Knowledge - INFO - Fast-tracked /app/data/T0015/222062/b1841j9/RDK-Service/docs/api/ControlServicePlugin.md (ext=.md, size=59630)
2025-11-10 17:02:23,287 - Knowledge - INFO - done ingest for /app/data/T0015/222062/b1841j9/RDK-Service/DataCapture/socket_adaptor.h
2025-11-10 17:02:23,301 - Knowledge - INFO - [LLM_CALL] Completed: PersistentStore.h:chunk1, Duration: 112557ms, PromptTokens: 4192, CompletionTokens: 828, Cost: $0.00075
2025-11-10 17:02:23,469 - Knowledge - INFO - Worker kw7 processing /app/data/T0015/222062/b1841j9/RDK-Service/docs/developerguide/PluginmetadataJSONfile.md
2025-11-10 17:02:23,508 - Knowledge - INFO - process ingested knowledge for /app/data/T0015/222062/b1841j9/RDK-Service/ContinueWatching/test/CWTestThunderClient.cpp
2025-11-10 17:02:23,636 - Knowledge - INFO - Worker kw16 processing /app/data/T0015/222062/b1841j9/RDK-Service/Messenger/RoomMaintainer.cpp
2025-11-10 17:02:23,737 - Knowledge - ERROR - Timeout processing /app/data/T0015/222062/b1841j9/RDK-Service/RemoteActionMapping/RamHelper.cpp after 90s
2025-11-10 17:02:23,849 - Knowledge - ERROR - Timeout processing /app/data/T0015/222062/b1841j9/RDK-Service/Bluetooth/Bluetooth.h after 90s
2025-11-10 17:02:23,892 - Knowledge - INFO - Worker kw14 processing /app/data/T0015/222062/b1841j9/RDK-Service/docs/api/ContentProtectionPlugin.md
2025-11-10 17:02:23,956 - Knowledge - INFO - process ingested knowledge for /app/data/T0015/222062/b1841j9/RDK-Service/Tools/json_generator/Log.py
2025-11-10 17:02:23,964 - Knowledge - INFO - Fast-tracked /app/data/T0015/222062/b1841j9/RDK-Service/LoggingPreferences/LoggingPreferences.h (small file (2194 bytes))
2025-11-10 17:02:24,214 - Knowledge - INFO - Fast-tracked /app/data/T0015/222062/b1841j9/RDK-Service/PlayerInfo/cmake/FindGStreamer.cmake (small file (2703 bytes))
2025-11-10 17:02:24,264 - Knowledge - INFO - done ingest for /app/data/T0015/222062/b1841j9/RDK-Service/PersistentStore/PersistentStore.h
2025-11-10 17:02:24,461 - Knowledge - INFO - Fast-tracked /app/data/T0015/222062/b1841j9/RDK-Service/docs/developerguide/PluginmetadataJSONfile.md (ext=.md, size=720)
2025-11-10 17:02:24,531 - Knowledge - INFO - process ingested knowledge for /app/data/T0015/222062/b1841j9/RDK-Service/LEDControl/LEDControl.cpp
2025-11-10 17:02:24,740 - Knowledge - INFO - Worker kw16 processing /app/data/T0015/222062/b1841j9/RDK-Service/Messenger/CMakeLists.txt
2025-11-10 17:02:25,370 - Knowledge - INFO - Fast-tracked /app/data/T0015/222062/b1841j9/RDK-Service/docs/api/ContentProtectionPlugin.md (ext=.md, size=1366)
2025-11-10 17:02:25,370 - Knowledge - INFO - process ingested knowledge for /app/data/T0015/222062/b1841j9/RDK-Service/ContinueWatching/CHANGELOG.md
2025-11-10 17:02:25,453 - Knowledge - WARNING - File /app/data/T0015/222062/b1841j9/RDK-Service/RemoteActionMapping/RamHelper.cpp not successfully processed
2025-11-10 17:02:25,459 - Knowledge - INFO - [WEBSOCKET] Sent: Type=progress_update, Size: 296, Duration: 0ms
2025-11-10 17:02:25,475 - Knowledge - INFO - process ingested knowledge for /app/data/T0015/222062/b1841j9/RDK-Service/Tools/json_generator/global.json
2025-11-10 17:02:26,028 - Knowledge - INFO - Worker kw7 processing /app/data/T0015/222062/b1841j9/RDK-Service/docs/developerguide/Compile&Installfile.md
2025-11-10 17:02:26,948 - Knowledge - INFO - Fast-tracked /app/data/T0015/222062/b1841j9/RDK-Service/Messenger/CMakeLists.txt (ext=.txt, size=1998)
2025-11-10 17:02:27,136 - Knowledge - INFO - Worker kw14 processing /app/data/T0015/222062/b1841j9/RDK-Service/docs/api/ContinueWatchingPlugin.md
2025-11-10 17:02:27,337 - Knowledge - INFO - process ingested knowledge for /app/data/T0015/222062/b1841j9/RDK-Service/LEDControl/CHANGELOG.md
2025-11-10 17:02:27,343 - Knowledge - INFO - process ingested knowledge for /app/data/T0015/222062/b1841j9/RDK-Service/LocationSync/LocationService.h
2025-11-10 17:02:27,857 - Knowledge - INFO - [WEBSOCKET] Sent: Type=unknown, Size: ?, Duration: 2399ms
2025-11-10 17:02:28,196 - Knowledge - INFO - Fast-tracked /app/data/T0015/222062/b1841j9/RDK-Service/docs/developerguide/Compile&Installfile.md (ext=.md, size=2188)
2025-11-10 17:02:28,306 - Knowledge - INFO - Worker kw16 processing /app/data/T0015/222062/b1841j9/RDK-Service/Messenger/Messenger.json
2025-11-10 17:02:28,521 - Knowledge - INFO - Fast-tracked /app/data/T0015/222062/b1841j9/RDK-Service/docs/api/ContinueWatchingPlugin.md (ext=.md, size=5001)
2025-11-10 17:02:28,726 - Knowledge - INFO - process ingested knowledge for /app/data/T0015/222062/b1841j9/RDK-Service/Tools/json_generator/generator_json.py
2025-11-10 17:02:29,082 - Knowledge - INFO - Progress: 35.1% | Files: 487/1376 | Rate: 1.23 files/sec | Queue: 491
2025-11-10 17:02:29,142 - Knowledge - INFO - [LLM_CALL] Completed: socket_adaptor.cpp:chunk1, Duration: 108853ms, PromptTokens: 6262, CompletionTokens: 807, Cost: $0.00095
2025-11-10 17:02:29,198 - Knowledge - INFO - Worker kw7 processing /app/data/T0015/222062/b1841j9/RDK-Service/docs/developerguide/FooPlugin/FooPlugin.cpp
2025-11-10 17:02:29,365 - Knowledge - INFO - process ingested knowledge for /app/data/T0015/222062/b1841j9/RDK-Service/RemoteActionMapping/test/ramTestClient.cpp
2025-11-10 17:02:29,419 - Knowledge - INFO - Fast-tracked /app/data/T0015/222062/b1841j9/RDK-Service/Messenger/Messenger.json (ext=.json, size=7106)
2025-11-10 17:02:29,527 - Knowledge - INFO - Worker kw14 processing /app/data/T0015/222062/b1841j9/RDK-Service/docs/api/NetworkPlugin.md
2025-11-10 17:02:30,013 - Knowledge - INFO - process ingested knowledge for /app/data/T0015/222062/b1841j9/RDK-Service/LocationSync/Module.h
2025-11-10 17:02:30,089 - Knowledge - INFO - done ingest for /app/data/T0015/222062/b1841j9/RDK-Service/DataCapture/socket_adaptor.cpp
2025-11-10 17:02:30,460 - Knowledge - INFO - Worker kw7 processing /app/data/T0015/222062/b1841j9/RDK-Service/docs/developerguide/FooPlugin/Module.h
2025-11-10 17:02:30,569 - Knowledge - INFO - [kw2] Queue=491, InProgress=0, PendingWorkers=20/20, Completed=489/1376 (35.5%)
2025-11-10 17:02:30,667 - Knowledge - INFO - process ingested knowledge for /app/data/T0015/222062/b1841j9/RDK-Service/Tools/md_generator/generate_md.py
2025-11-10 17:02:30,694 - Knowledge - INFO - Worker kw16 processing /app/data/T0015/222062/b1841j9/RDK-Service/Messenger/MessengerJsonRpc.cpp
2025-11-10 17:02:30,855 - Knowledge - INFO - Fast-tracked /app/data/T0015/222062/b1841j9/RDK-Service/docs/api/NetworkPlugin.md (ext=.md, size=36928)
2025-11-10 17:02:31,356 - Knowledge - INFO - process ingested knowledge for /app/data/T0015/222062/b1841j9/RDK-Service/RemoteActionMapping/test/Module.h
2025-11-10 17:02:31,457 - Knowledge - INFO - [kw5] Queue=491, InProgress=0, PendingWorkers=20/20, Completed=490/1376 (35.6%)
2025-11-10 17:02:31,529 - Knowledge - INFO - Fast-tracked /app/data/T0015/222062/b1841j9/RDK-Service/docs/developerguide/FooPlugin/Module.h (ext=.h, size=873)
2025-11-10 17:02:31,579 - Knowledge - INFO - process ingested knowledge for /app/data/T0015/222062/b1841j9/RDK-Service/LocationSync/LocationSync.h
2025-11-10 17:02:31,666 - Knowledge - INFO - Batch sizing: calculated=15, max_allowed=25, queue=491, active_workers=20/20
2025-11-10 17:02:31,759 - Knowledge - INFO - [LLM_CALL] Completed: platformcapsdata.h:chunk1, Duration: 57241ms, PromptTokens: 4532, CompletionTokens: 1098, Cost: $0.00089
2025-11-10 17:02:32,140 - Knowledge - INFO - Worker kw16 processing /app/data/T0015/222062/b1841j9/RDK-Service/Messenger/RoomImpl.h
2025-11-10 17:02:32,258 - Knowledge - INFO - Worker kw14 processing /app/data/T0015/222062/b1841j9/RDK-Service/docs/api/SystemModePlugin.md
2025-11-10 17:02:32,578 - Knowledge - INFO - Batch sizing: calculated=15, max_allowed=25, queue=491, active_workers=20/20
2025-11-10 17:02:32,721 - Knowledge - INFO - Worker kw7 processing /app/data/T0015/222062/b1841j9/RDK-Service/docs/developerguide/FooPlugin/FooPluginPlugin.json
2025-11-10 17:02:32,849 - Knowledge - INFO - process ingested knowledge for /app/data/T0015/222062/b1841j9/RDK-Service/Timer/TimerPlugin.json
2025-11-10 17:02:33,250 - Knowledge - INFO - done ingest for /app/data/T0015/222062/b1841j9/RDK-Service/SystemServices/platformcaps/platformcapsdata.h
2025-11-10 17:02:33,379 - Knowledge - INFO - Worker kw16 processing /app/data/T0015/222062/b1841j9/RDK-Service/Messenger/RoomMaintainer.h
2025-11-10 17:02:33,444 - Knowledge - INFO - process ingested knowledge for /app/data/T0015/222062/b1841j9/RDK-Service/LocationSync/LocationSyncJsonRpc.cpp
2025-11-10 17:02:33,803 - Knowledge - INFO - Fast-tracked /app/data/T0015/222062/b1841j9/RDK-Service/docs/api/SystemModePlugin.md (ext=.md, size=3466)
2025-11-10 17:02:33,959 - Knowledge - INFO - Fast-tracked /app/data/T0015/222062/b1841j9/RDK-Service/docs/developerguide/FooPlugin/FooPluginPlugin.json (ext=.json, size=467)
2025-11-10 17:02:34,249 - Knowledge - INFO - process ingested knowledge for /app/data/T0015/222062/b1841j9/RDK-Service/RemoteActionMapping/test/CMakeLists.txt
2025-11-10 17:02:34,257 - Knowledge - INFO - Async storing batch of 20 embeddings
2025-11-10 17:02:34,756 - Knowledge - INFO - Worker kw14 processing /app/data/T0015/222062/b1841j9/RDK-Service/docs/api/_sidebar.md
2025-11-10 17:02:34,885 - Knowledge - INFO - [LLM_CALL] Completed: DataCapture.h:chunk1, Duration: 111021ms, PromptTokens: 2122, CompletionTokens: 670, Cost: $0.00048
2025-11-10 17:02:34,937 - Knowledge - INFO - Worker kw7 processing /app/data/T0015/222062/b1841j9/RDK-Service/docs/developerguide/FooPlugin/CMakeLists.txt
2025-11-10 17:02:35,452 - Knowledge - INFO - Worker kw2 processing /app/data/T0015/222062/b1841j9/RDK-Service/docs/api/LocationSyncPlugin.md
2025-11-10 17:02:35,656 - Knowledge - INFO - Fast-tracked /app/data/T0015/222062/b1841j9/RDK-Service/docs/api/_sidebar.md (ext=.md, size=2947)
2025-11-10 17:02:35,676 - Knowledge - INFO - done ingest for /app/data/T0015/222062/b1841j9/RDK-Service/DataCapture/DataCapture.h
2025-11-10 17:02:35,688 - Knowledge - INFO - Async storing batch of 19 embeddings
2025-11-10 17:02:35,716 - Knowledge - INFO - [LLM_CALL] Completed: HdmiCecSource.cpp:chunk1, Duration: 138091ms, PromptTokens: 15730, CompletionTokens: 1122, Cost: $0.00202
2025-11-10 17:02:35,834 - Knowledge - INFO - Fast-tracked /app/data/T0015/222062/b1841j9/RDK-Service/docs/developerguide/FooPlugin/CMakeLists.txt (ext=.txt, size=1409)
2025-11-10 17:02:35,836 - Knowledge - INFO - process ingested knowledge for /app/data/T0015/222062/b1841j9/RDK-Service/LocationSync/CMakeLists.txt
2025-11-10 17:02:36,085 - Knowledge - INFO - Worker kw14 processing /app/data/T0015/222062/b1841j9/RDK-Service/docs/api/WebKitBrowserPlugin.md
2025-11-10 17:02:36,086 - Knowledge - INFO - Fast-tracked /app/data/T0015/222062/b1841j9/RDK-Service/docs/api/LocationSyncPlugin.md (ext=.md, size=4778)
2025-11-10 17:02:36,469 - Knowledge - INFO - Worker kw5 processing /app/data/T0015/222062/b1841j9/RDK-Service/docs/api/UsbAccessPlugin.md
2025-11-10 17:02:36,749 - Knowledge - INFO - [LLM_CALL] Completed: ServiceMock.h:chunk1, Duration: 121253ms, PromptTokens: 2372, CompletionTokens: 1153, Cost: $0.00070
2025-11-10 17:02:36,821 - Knowledge - INFO - Worker kw7 processing /app/data/T0015/222062/b1841j9/RDK-Service/docs/developerguide/FooPlugin/FooPlugin.h
2025-11-10 17:02:37,087 - Knowledge - INFO - Async storage completed for 17 embeddings
2025-11-10 17:02:37,269 - Knowledge - INFO - Fast-tracked /app/data/T0015/222062/b1841j9/RDK-Service/docs/api/WebKitBrowserPlugin.md (ext=.md, size=20482)
2025-11-10 17:02:37,310 - Knowledge - INFO - Worker kw2 processing /app/data/T0015/222062/b1841j9/RDK-Service/docs/api/MessageControlPlugin.md
2025-11-10 17:02:37,395 - Knowledge - INFO - Fast-tracked /app/data/T0015/222062/b1841j9/RDK-Service/docs/api/UsbAccessPlugin.md (ext=.md, size=14397)
2025-11-10 17:02:37,489 - Knowledge - INFO - process ingested knowledge for /app/data/T0015/222062/b1841j9/RDK-Service/RemoteActionMapping/Module.h
2025-11-10 17:02:37,576 - Knowledge - INFO - done ingest for /app/data/T0015/222062/b1841j9/RDK-Service/PersistentStore/l0test/ServiceMock.h
2025-11-10 17:02:37,618 - Knowledge - INFO - [LLM_CALL] Completed: UserPreferences.cpp:chunk1, Duration: 67942ms, PromptTokens: 9688, CompletionTokens: 705, Cost: $0.00125
2025-11-10 17:02:37,735 - Knowledge - INFO - Async storage completed for 17 embeddings
2025-11-10 17:02:37,782 - Knowledge - INFO - Worker kw7 processing /app/data/T0015/222062/b1841j9/RDK-Service/docs/developerguide/FooPlugin/FooPlugin.json
2025-11-10 17:02:37,992 - Knowledge - INFO - process ingested knowledge for /app/data/T0015/222062/b1841j9/RDK-Service/LocationSync/LocationSync.json
2025-11-10 17:02:38,049 - Knowledge - INFO - Worker kw14 processing /app/data/T0015/222062/b1841j9/RDK-Service/docs/api/DeviceIdentificationPlugin.md
2025-11-10 17:02:38,118 - Knowledge - INFO - Fast-tracked /app/data/T0015/222062/b1841j9/RDK-Service/docs/api/MessageControlPlugin.md (ext=.md, size=6673)
2025-11-10 17:02:38,220 - Knowledge - INFO - Worker kw5 processing /app/data/T0015/222062/b1841j9/RDK-Service/docs/api/SharedStoragePlugin.md
2025-11-10 17:02:38,621 - Knowledge - INFO - done ingest for /app/data/T0015/222062/b1841j9/RDK-Service/UserPreferences/UserPreferences.cpp
2025-11-10 17:02:39,039 - Knowledge - INFO - Fast-tracked /app/data/T0015/222062/b1841j9/RDK-Service/docs/developerguide/FooPlugin/FooPlugin.json (ext=.json, size=2117)
2025-11-10 17:02:39,239 - Knowledge - INFO - Fast-tracked /app/data/T0015/222062/b1841j9/RDK-Service/docs/api/DeviceIdentificationPlugin.md (ext=.md, size=2590)
2025-11-10 17:02:39,405 - Knowledge - INFO - Worker kw2 processing /app/data/T0015/222062/b1841j9/RDK-Service/docs/api/MaintenanceManagerPlugin.md
2025-11-10 17:02:39,441 - Knowledge - INFO - process ingested knowledge for /app/data/T0015/222062/b1841j9/RDK-Service/RemoteActionMapping/RemoteActionMapping.h
2025-11-10 17:02:39,563 - Knowledge - INFO - Fast-tracked /app/data/T0015/222062/b1841j9/RDK-Service/docs/api/SharedStoragePlugin.md (ext=.md, size=14525)
2025-11-10 17:02:40,004 - Knowledge - INFO - Worker kw7 processing /app/data/T0015/222062/b1841j9/RDK-Service/docs/developerguide/FooPlugin/Module.cpp
2025-11-10 17:02:40,034 - Knowledge - INFO - [LLM_CALL] Completed: PersistentStore.cpp:chunk1, Duration: 124551ms, PromptTokens: 3008, CompletionTokens: 781, Cost: $0.00061
2025-11-10 17:02:40,237 - Knowledge - INFO - Worker kw14 processing /app/data/T0015/222062/b1841j9/RDK-Service/docs/api/LEDControlPlugin.md
2025-11-10 17:02:40,386 - Knowledge - INFO - Fast-tracked /app/data/T0015/222062/b1841j9/RDK-Service/docs/api/MaintenanceManagerPlugin.md (ext=.md, size=11181)
2025-11-10 17:02:40,737 - Knowledge - INFO - Worker kw5 processing /app/data/T0015/222062/b1841j9/RDK-Service/docs/api/DeviceDiagnosticsPlugin.md
2025-11-10 17:02:40,969 - Knowledge - INFO - Fast-tracked /app/data/T0015/222062/b1841j9/RDK-Service/docs/developerguide/FooPlugin/Module.cpp (ext=.cpp, size=765)
2025-11-10 17:02:40,980 - Knowledge - INFO - process ingested knowledge for /app/data/T0015/222062/b1841j9/RDK-Service/LocationSync/LocationSyncPlugin.json
2025-11-10 17:02:41,230 - Knowledge - INFO - done ingest for /app/data/T0015/222062/b1841j9/RDK-Service/PersistentStore/PersistentStore.cpp
2025-11-10 17:02:41,439 - Knowledge - INFO - Fast-tracked /app/data/T0015/222062/b1841j9/RDK-Service/docs/api/LEDControlPlugin.md (ext=.md, size=3818)
2025-11-10 17:02:41,489 - Knowledge - INFO - Worker kw2 processing /app/data/T0015/222062/b1841j9/RDK-Service/docs/api/DataCapturePlugin.md
2025-11-10 17:02:41,836 - Knowledge - INFO - process ingested knowledge for /app/data/T0015/222062/b1841j9/RDK-Service/RemoteActionMapping/RamHelper.h
2025-11-10 17:02:41,844 - Knowledge - INFO - Fast-tracked /app/data/T0015/222062/b1841j9/RDK-Service/docs/api/DeviceDiagnosticsPlugin.md (ext=.md, size=7610)
2025-11-10 17:02:42,602 - Knowledge - INFO - Worker kw14 processing /app/data/T0015/222062/b1841j9/RDK-Service/docs/api/RemoteActionMappingPlugin.md
2025-11-10 17:02:42,849 - Knowledge - INFO - Fast-tracked /app/data/T0015/222062/b1841j9/RDK-Service/docs/api/DataCapturePlugin.md (ext=.md, size=7067)
2025-11-10 17:02:43,362 - Knowledge - INFO - Worker kw5 processing /app/data/T0015/222062/b1841j9/RDK-Service/docs/api/MonitorPlugin.md
2025-11-10 17:02:43,671 - Knowledge - INFO - Fast-tracked /app/data/T0015/222062/b1841j9/RDK-Service/docs/api/RemoteActionMappingPlugin.md (ext=.md, size=17321)
2025-11-10 17:02:43,694 - Knowledge - INFO - Worker kw2 processing /app/data/T0015/222062/b1841j9/RDK-Service/docs/api/PersistentStorePlugin.md
2025-11-10 17:02:43,943 - Knowledge - INFO - Fast-tracked /app/data/T0015/222062/b1841j9/RDK-Service/docs/api/MonitorPlugin.md (ext=.md, size=12119)
2025-11-10 17:02:44,186 - Knowledge - INFO - Worker kw14 processing /app/data/T0015/222062/b1841j9/RDK-Service/docs/api/BluetoothPlugin.md
2025-11-10 17:02:44,429 - Knowledge - INFO - Fast-tracked /app/data/T0015/222062/b1841j9/RDK-Service/docs/api/PersistentStorePlugin.md (ext=.md, size=14569)
2025-11-10 17:02:44,509 - Knowledge - INFO - Worker kw5 processing /app/data/T0015/222062/b1841j9/RDK-Service/docs/api/AnalyticsPlugin.md
2025-11-10 17:02:44,686 - Knowledge - INFO - Fast-tracked /app/data/T0015/222062/b1841j9/RDK-Service/docs/api/BluetoothPlugin.md (ext=.md, size=50399)
2025-11-10 17:02:44,833 - Knowledge - INFO - Worker kw2 processing /app/data/T0015/222062/b1841j9/RDK-Service/docs/api/HdmiCec_2Plugin.md
2025-11-10 17:02:45,156 - Knowledge - INFO - process ingested knowledge for /app/data/T0015/222062/b1841j9/RDK-Service/RemoteActionMapping/RemoteActionMapping.json
2025-11-10 17:02:45,302 - Knowledge - INFO - Fast-tracked /app/data/T0015/222062/b1841j9/RDK-Service/docs/api/AnalyticsPlugin.md (ext=.md, size=4157)
2025-11-10 17:02:45,480 - Knowledge - INFO - Async storage completed for 13 embeddings
2025-11-10 17:02:45,721 - Knowledge - INFO - Fast-tracked /app/data/T0015/222062/b1841j9/RDK-Service/docs/api/HdmiCec_2Plugin.md (ext=.md, size=17453)
2025-11-10 17:02:46,058 - Knowledge - INFO - Worker kw5 processing /app/data/T0015/222062/b1841j9/RDK-Service/docs/api/UserSettingsPlugin.md
2025-11-10 17:02:46,071 - Knowledge - WARNING - File /app/data/T0015/222062/b1841j9/RDK-Service/Bluetooth/Bluetooth.h not successfully processed
2025-11-10 17:02:46,462 - Knowledge - INFO - Worker kw2 processing /app/data/T0015/222062/b1841j9/RDK-Service/docs/api/PackagerPlugin.md
2025-11-10 17:02:46,689 - Knowledge - INFO - process ingested knowledge for /app/data/T0015/222062/b1841j9/RDK-Service/LocationSync/Module.cpp
2025-11-10 17:02:46,797 - Knowledge - INFO - Fast-tracked /app/data/T0015/222062/b1841j9/RDK-Service/docs/api/UserSettingsPlugin.md (ext=.md, size=46761)
2025-11-10 17:02:47,030 - Knowledge - INFO - [LLM_CALL] Completed: MaintenanceManager.h:chunk1, Duration: 112753ms, PromptTokens: 5612, CompletionTokens: 670, Cost: $0.00083
2025-11-10 17:02:47,344 - Knowledge - INFO - Fast-tracked /app/data/T0015/222062/b1841j9/RDK-Service/docs/api/PackagerPlugin.md (ext=.md, size=3541)
2025-11-10 17:02:47,551 - Knowledge - INFO - Worker kw5 processing /app/data/T0015/222062/b1841j9/RDK-Service/docs/api/HdcpProfilePlugin.md
2025-11-10 17:02:47,585 - Knowledge - INFO - process ingested knowledge for /app/data/T0015/222062/b1841j9/RDK-Service/RemoteActionMapping/CMakeLists.txt
2025-11-10 17:02:47,891 - Knowledge - INFO - done ingest for /app/data/T0015/222062/b1841j9/RDK-Service/MaintenanceManager/MaintenanceManager.h
2025-11-10 17:02:47,922 - Knowledge - INFO - [LLM_CALL] Completed: Timer.cpp:chunk1, Duration: 82106ms, PromptTokens: 7968, CompletionTokens: 807, Cost: $0.00112
2025-11-10 17:02:48,140 - Knowledge - INFO - Worker kw2 processing /app/data/T0015/222062/b1841j9/RDK-Service/docs/api/OCIContainerPlugin.md
2025-11-10 17:02:48,372 - Knowledge - INFO - Fast-tracked /app/data/T0015/222062/b1841j9/RDK-Service/docs/api/HdcpProfilePlugin.md (ext=.md, size=6546)
2025-11-10 17:02:48,907 - Knowledge - INFO - done ingest for /app/data/T0015/222062/b1841j9/RDK-Service/Timer/Timer.cpp
2025-11-10 17:02:48,971 - Knowledge - INFO - [LLM_CALL] Completed: Store2.h:chunk1, Duration: 124774ms, PromptTokens: 11270, CompletionTokens: 1037, Cost: $0.00154
2025-11-10 17:02:49,100 - Knowledge - INFO - Fast-tracked /app/data/T0015/222062/b1841j9/RDK-Service/docs/api/OCIContainerPlugin.md (ext=.md, size=15801)
2025-11-10 17:02:49,247 - Knowledge - INFO - Fast-tracked /app/data/T0015/222062/b1841j9/RDK-Service/docs/developerguide/FooPlugin/FooPlugin.h (small file (2092 bytes))
2025-11-10 17:02:49,275 - Knowledge - INFO - Worker kw5 processing /app/data/T0015/222062/b1841j9/RDK-Service/docs/api/TextToSpeechPlugin.md
2025-11-10 17:02:49,644 - Knowledge - INFO - done ingest for /app/data/T0015/222062/b1841j9/RDK-Service/PersistentStore/sqlite/Store2.h
2025-11-10 17:02:49,821 - Knowledge - INFO - Worker kw2 processing /app/data/T0015/222062/b1841j9/RDK-Service/docs/api/HdmiCecSourcePlugin.md
2025-11-10 17:02:50,108 - Knowledge - INFO - Async storage completed for 13 embeddings
2025-11-10 17:02:50,286 - Knowledge - INFO - Fast-tracked /app/data/T0015/222062/b1841j9/RDK-Service/docs/api/TextToSpeechPlugin.md (ext=.md, size=25444)
2025-11-10 17:02:51,516 - Knowledge - INFO - Fast-tracked /app/data/T0015/222062/b1841j9/RDK-Service/docs/api/HdmiCecSourcePlugin.md (ext=.md, size=17557)
2025-11-10 17:02:51,577 - Knowledge - INFO - process ingested knowledge for /app/data/T0015/222062/b1841j9/RDK-Service/RemoteActionMapping/cmake/FindCTRLM.cmake
2025-11-10 17:02:51,651 - Knowledge - INFO - [WEBSOCKET] Sent: Type=progress_update, Size: 296, Duration: 0ms
2025-11-10 17:02:51,667 - Knowledge - INFO - Worker kw5 processing /app/data/T0015/222062/b1841j9/RDK-Service/docs/api/TraceControlPlugin.md
2025-11-10 17:02:52,133 - Knowledge - INFO - Worker kw2 processing /app/data/T0015/222062/b1841j9/RDK-Service/docs/api/DTVPlugin.md
2025-11-10 17:02:52,671 - Knowledge - INFO - [WEBSOCKET] Sent: Type=unknown, Size: ?, Duration: 1020ms
2025-11-10 17:02:53,022 - Knowledge - INFO - Fast-tracked /app/data/T0015/222062/b1841j9/RDK-Service/docs/api/TraceControlPlugin.md (ext=.md, size=5357)
2025-11-10 17:02:53,154 - Knowledge - INFO - Fast-tracked /app/data/T0015/222062/b1841j9/RDK-Service/docs/api/DTVPlugin.md (ext=.md, size=68396)
2025-11-10 17:02:53,467 - Knowledge - INFO - Progress: 37.5% | Files: 520/1376 | Rate: 1.23 files/sec | Queue: 461
2025-11-10 17:02:53,745 - Knowledge - INFO - Worker kw5 processing /app/data/T0015/222062/b1841j9/RDK-Service/docs/api/ResourceManagerPlugin.md
2025-11-10 17:02:53,973 - Knowledge - INFO - Worker kw2 processing /app/data/T0015/222062/b1841j9/RDK-Service/docs/api/FireboltMediaPlayerPlugin.md
2025-11-10 17:02:54,441 - Knowledge - INFO - Fast-tracked /app/data/T0015/222062/b1841j9/RDK-Service/docs/api/ResourceManagerPlugin.md (ext=.md, size=4313)
2025-11-10 17:02:54,735 - Knowledge - INFO - Fast-tracked /app/data/T0015/222062/b1841j9/RDK-Service/docs/api/FireboltMediaPlayerPlugin.md (ext=.md, size=11916)
2025-11-10 17:02:54,890 - Knowledge - INFO - Worker kw5 processing /app/data/T0015/222062/b1841j9/RDK-Service/docs/api/XCastPlugin.md
2025-11-10 17:02:55,313 - Knowledge - INFO - Worker kw2 processing /app/data/T0015/222062/b1841j9/RDK-Service/docs/api/ScreenCapturePlugin.md
2025-11-10 17:02:55,575 - Knowledge - INFO - Fast-tracked /app/data/T0015/222062/b1841j9/RDK-Service/docs/api/XCastPlugin.md (ext=.md, size=23586)
2025-11-10 17:02:55,675 - Knowledge - INFO - Fast-tracked /app/data/T0015/222062/b1841j9/RDK-Service/docs/api/ScreenCapturePlugin.md (ext=.md, size=4461)
2025-11-10 17:02:55,966 - Knowledge - INFO - Worker kw5 processing /app/data/T0015/222062/b1841j9/RDK-Service/docs/api/CompositeInputPlugin.md
2025-11-10 17:02:56,464 - Knowledge - INFO - Worker kw2 processing /app/data/T0015/222062/b1841j9/RDK-Service/docs/api/CloudStorePlugin.md
2025-11-10 17:02:56,608 - Knowledge - INFO - Fast-tracked /app/data/T0015/222062/b1841j9/RDK-Service/docs/api/CompositeInputPlugin.md (ext=.md, size=12425)
2025-11-10 17:02:56,728 - Knowledge - INFO - Fast-tracked /app/data/T0015/222062/b1841j9/RDK-Service/docs/api/CloudStorePlugin.md (ext=.md, size=1295)
2025-11-10 17:02:56,963 - Knowledge - INFO - Worker kw5 processing /app/data/T0015/222062/b1841j9/RDK-Service/docs/api/WarehousePlugin.md
2025-11-10 17:02:57,492 - Knowledge - INFO - Worker kw2 processing /app/data/T0015/222062/b1841j9/RDK-Service/docs/api/SystemAudioPlayerPlugin.md
2025-11-10 17:02:57,562 - Knowledge - INFO - Processing batch of 19 files
2025-11-10 17:02:57,686 - Knowledge - INFO - Fast-tracked /app/data/T0015/222062/b1841j9/RDK-Service/docs/api/WarehousePlugin.md (ext=.md, size=12800)
2025-11-10 17:02:58,028 - Knowledge - INFO - Fast-tracked /app/data/T0015/222062/b1841j9/RDK-Service/docs/api/SystemAudioPlayerPlugin.md (ext=.md, size=20303)
2025-11-10 17:02:58,050 - Knowledge - INFO - process ingested knowledge for /app/data/T0015/222062/b1841j9/RDK-Service/LocationSync/CHANGELOG.md
2025-11-10 17:02:58,399 - Knowledge - ERROR - Timeout processing /app/data/T0015/222062/b1841j9/RDK-Service/PersistentStore/l1test/ServiceMock.h after 90s
2025-11-10 17:02:58,426 - Knowledge - INFO - Worker kw5 processing /app/data/T0015/222062/b1841j9/RDK-Service/docs/api/LinearPlaybackControlPlugin.md
2025-11-10 17:02:58,491 - Knowledge - INFO - [kw17] Queue=461, InProgress=0, PendingWorkers=20/20, Completed=532/1376 (38.7%)
2025-11-10 17:02:58,588 - Knowledge - INFO - [kw1] Queue=461, InProgress=0, PendingWorkers=20/20, Completed=536/1376 (39.0%)
2025-11-10 17:02:58,596 - Knowledge - INFO - [LLM_CALL] Completed: Timer.h:chunk1, Duration: 90875ms, PromptTokens: 2604, CompletionTokens: 807, Cost: $0.00058
2025-11-10 17:02:58,635 - Knowledge - INFO - Worker kw2 processing /app/data/T0015/222062/b1841j9/RDK-Service/docs/api/DeviceInfoPlugin.md
2025-11-10 17:02:59,290 - Knowledge - INFO - Fast-tracked /app/data/T0015/222062/b1841j9/RDK-Service/docs/api/LinearPlaybackControlPlugin.md (ext=.md, size=9960)
2025-11-10 17:02:59,440 - Knowledge - INFO - Batch sizing: calculated=15, max_allowed=25, queue=461, active_workers=20/20
2025-11-10 17:02:59,623 - Knowledge - INFO - Batch sizing: calculated=15, max_allowed=25, queue=461, active_workers=20/20
2025-11-10 17:02:59,759 - Knowledge - INFO - done ingest for /app/data/T0015/222062/b1841j9/RDK-Service/Timer/Timer.h
2025-11-10 17:02:59,779 - Knowledge - INFO - Processing batch of 19 files
2025-11-10 17:03:00,152 - Knowledge - INFO - Fast-tracked /app/data/T0015/222062/b1841j9/RDK-Service/docs/api/DeviceInfoPlugin.md (ext=.md, size=25089)
2025-11-10 17:03:00,414 - Knowledge - INFO - Worker kw5 processing /app/data/T0015/222062/b1841j9/RDK-Service/docs/api/MediaEngineRMFPlugin.md
2025-11-10 17:03:01,532 - Knowledge - INFO - process ingested knowledge for /app/data/T0015/222062/b1841j9/RDK-Service/RemoteActionMapping/cmake/FindIARMBus.cmake
2025-11-10 17:03:01,605 - Knowledge - INFO - process ingested knowledge for /app/data/T0015/222062/b1841j9/RDK-Service/LocationSync/LocationSync.cpp
2025-11-10 17:03:01,771 - Knowledge - INFO - Async storage completed for 20 embeddings
2025-11-10 17:03:01,934 - Knowledge - INFO - Fast-tracked /app/data/T0015/222062/b1841j9/RDK-Service/docs/api/MediaEngineRMFPlugin.md (ext=.md, size=4606)
2025-11-10 17:03:02,256 - Knowledge - INFO - Fast-tracked /app/data/T0015/222062/b1841j9/RDK-Service/Messenger/RoomMaintainer.h (small file (2052 bytes))
2025-11-10 17:03:02,702 - Knowledge - INFO - Async storage completed for 19 embeddings
2025-11-10 17:03:02,809 - Knowledge - INFO - Async storage completed for 13 embeddings
2025-11-10 17:03:03,201 - Knowledge - INFO - Async storing batch of 20 embeddings
2025-11-10 17:03:03,220 - Knowledge - INFO - Async storing batch of 18 embeddings
2025-11-10 17:03:03,348 - Knowledge - WARNING - File /app/data/T0015/222062/b1841j9/RDK-Service/PersistentStore/l1test/ServiceMock.h not successfully processed
2025-11-10 17:03:03,432 - Knowledge - INFO - process ingested knowledge for /app/data/T0015/222062/b1841j9/RDK-Service/RemoteActionMapping/RemoteActionMappingPlugin.json
2025-11-10 17:03:03,490 - Knowledge - INFO - Worker kw17 processing /app/data/T0015/222062/b1841j9/RDK-Service/docs/api/TelemetryPlugin.md
2025-11-10 17:03:03,781 - Knowledge - INFO - Worker kw1 processing /app/data/T0015/222062/b1841j9/RDK-Service/docs/api/RDKShellPlugin.md
2025-11-10 17:03:04,106 - Knowledge - INFO - Processing batch of 20 files
2025-11-10 17:03:04,108 - Knowledge - INFO - process ingested knowledge for /app/data/T0015/222062/b1841j9/RDK-Service/MessageControl/Module.h
2025-11-10 17:03:04,455 - Knowledge - INFO - Fast-tracked /app/data/T0015/222062/b1841j9/RDK-Service/docs/api/TelemetryPlugin.md (ext=.md, size=6290)
2025-11-10 17:03:04,512 - Knowledge - INFO - Fast-tracked /app/data/T0015/222062/b1841j9/RDK-Service/docs/api/RDKShellPlugin.md (ext=.md, size=102571)
2025-11-10 17:03:04,598 - Knowledge - INFO - process ingested knowledge for /app/data/T0015/222062/b1841j9/RDK-Service/docs/developerguide/FooPlugin/CHANGELOG.md
2025-11-10 17:03:04,628 - Knowledge - INFO - process ingested knowledge for /app/data/T0015/222062/b1841j9/RDK-Service/RemoteActionMapping/README.md
2025-11-10 17:03:04,854 - Knowledge - INFO - Worker kw17 processing /app/data/T0015/222062/b1841j9/RDK-Service/docs/api/MigrationPreparerPlugin.md
2025-11-10 17:03:05,059 - Knowledge - INFO - Worker kw1 processing /app/data/T0015/222062/b1841j9/RDK-Service/docs/api/FrontPanelPlugin.md
2025-11-10 17:03:05,641 - Knowledge - INFO - Fast-tracked /app/data/T0015/222062/b1841j9/RDK-Service/docs/api/MigrationPreparerPlugin.md (ext=.md, size=2677)
2025-11-10 17:03:05,857 - Knowledge - INFO - process ingested knowledge for /app/data/T0015/222062/b1841j9/RDK-Service/MessageControl/MessageControl.h
2025-11-10 17:03:05,859 - Knowledge - INFO - Fast-tracked /app/data/T0015/222062/b1841j9/RDK-Service/docs/api/FrontPanelPlugin.md (ext=.md, size=18831)
2025-11-10 17:03:05,992 - Knowledge - INFO - Worker kw17 processing /app/data/T0015/222062/b1841j9/RDK-Service/docs/api/FrameRatePlugin.md
2025-11-10 17:03:06,265 - Knowledge - INFO - process ingested knowledge for /app/data/T0015/222062/b1841j9/RDK-Service/RemoteActionMapping/Module.cpp
2025-11-10 17:03:06,458 - Knowledge - INFO - Worker kw1 processing /app/data/T0015/222062/b1841j9/RDK-Service/docs/api/PlayerInfoPlugin.md
2025-11-10 17:03:06,727 - Knowledge - INFO - Fast-tracked /app/data/T0015/222062/b1841j9/RDK-Service/docs/api/FrameRatePlugin.md (ext=.md, size=10746)
2025-11-10 17:03:06,886 - Knowledge - INFO - process ingested knowledge for /app/data/T0015/222062/b1841j9/RDK-Service/docs/developerguide/Sourcefiles.md
2025-11-10 17:03:06,974 - Knowledge - INFO - Fast-tracked /app/data/T0015/222062/b1841j9/RDK-Service/docs/api/PlayerInfoPlugin.md (ext=.md, size=9895)
2025-11-10 17:03:07,125 - Knowledge - INFO - Worker kw17 processing /app/data/T0015/222062/b1841j9/RDK-Service/docs/api/SecurityAgentPlugin.md
2025-11-10 17:03:07,423 - Knowledge - INFO - Worker kw1 processing /app/data/T0015/222062/b1841j9/RDK-Service/docs/api/PerformanceMetricsPlugin.md
2025-11-10 17:03:07,577 - Knowledge - INFO - Fast-tracked /app/data/T0015/222062/b1841j9/RDK-Service/docs/api/SecurityAgentPlugin.md (ext=.md, size=4257)
2025-11-10 17:03:07,826 - Knowledge - INFO - process ingested knowledge for /app/data/T0015/222062/b1841j9/RDK-Service/RemoteActionMapping/RemoteActionMapping.cpp
2025-11-10 17:03:07,898 - Knowledge - INFO - Fast-tracked /app/data/T0015/222062/b1841j9/RDK-Service/docs/api/PerformanceMetricsPlugin.md (ext=.md, size=1344)
2025-11-10 17:03:07,933 - Knowledge - INFO - process ingested knowledge for /app/data/T0015/222062/b1841j9/RDK-Service/MessageControl/MessageOutput.h
2025-11-10 17:03:08,088 - Knowledge - INFO - Worker kw17 processing /app/data/T0015/222062/b1841j9/RDK-Service/docs/api/DisplaySettingsPlugin.md
2025-11-10 17:03:08,522 - Knowledge - INFO - Worker kw1 processing /app/data/T0015/222062/b1841j9/RDK-Service/docs/api/StateObserverPlugin.md
2025-11-10 17:03:08,666 - Knowledge - INFO - process ingested knowledge for /app/data/T0015/222062/b1841j9/RDK-Service/docs/developerguide/Headerfiles.md
2025-11-10 17:03:08,952 - Knowledge - INFO - Fast-tracked /app/data/T0015/222062/b1841j9/RDK-Service/docs/api/DisplaySettingsPlugin.md (ext=.md, size=110670)
2025-11-10 17:03:09,062 - Knowledge - INFO - Fast-tracked /app/data/T0015/222062/b1841j9/RDK-Service/docs/api/StateObserverPlugin.md (ext=.md, size=10460)
2025-11-10 17:03:09,549 - Knowledge - INFO - Worker kw17 processing /app/data/T0015/222062/b1841j9/RDK-Service/docs/api/AVInputPlugin.md
2025-11-10 17:03:09,568 - Knowledge - INFO - Worker kw1 processing /app/data/T0015/222062/b1841j9/RDK-Service/docs/api/LoggingPreferencesPlugin.md
2025-11-10 17:03:09,827 - Knowledge - INFO - Fast-tracked /app/data/T0015/222062/b1841j9/RDK-Service/docs/api/AVInputPlugin.md (ext=.md, size=30664)
2025-11-10 17:03:09,972 - Knowledge - INFO - Fast-tracked /app/data/T0015/222062/b1841j9/RDK-Service/docs/api/LoggingPreferencesPlugin.md (ext=.md, size=5130)
2025-11-10 17:03:10,180 - Knowledge - INFO - Worker kw17 processing /app/data/T0015/222062/b1841j9/RDK-Service/docs/api/VoiceControlPlugin.md
2025-11-10 17:03:10,248 - Knowledge - INFO - process ingested knowledge for /app/data/T0015/222062/b1841j9/RDK-Service/MessageControl/CMakeLists.txt
2025-11-10 17:03:10,290 - Knowledge - INFO - Worker kw1 processing /app/data/T0015/222062/b1841j9/RDK-Service/docs/api/MessengerPlugin.md
2025-11-10 17:03:10,599 - Knowledge - INFO - Fast-tracked /app/data/T0015/222062/b1841j9/RDK-Service/docs/api/VoiceControlPlugin.md (ext=.md, size=26473)
2025-11-10 17:03:10,977 - Knowledge - INFO - Fast-tracked /app/data/T0015/222062/b1841j9/RDK-Service/docs/api/MessengerPlugin.md (ext=.md, size=8859)
2025-11-10 17:03:11,031 - Knowledge - INFO - process ingested knowledge for /app/data/T0015/222062/b1841j9/RDK-Service/docs/developerguide/Changelogfile.md
2025-11-10 17:03:11,130 - Knowledge - INFO - Worker kw17 processing /app/data/T0015/222062/b1841j9/RDK-Service/docs/api/OpenCDMiPlugin.md
2025-11-10 17:03:11,283 - Knowledge - INFO - Worker kw1 processing /app/data/T0015/222062/b1841j9/RDK-Service/docs/api/UserPreferencesPlugin.md
2025-11-10 17:03:11,807 - Knowledge - INFO - Fast-tracked /app/data/T0015/222062/b1841j9/RDK-Service/docs/api/OpenCDMiPlugin.md (ext=.md, size=4090)
2025-11-10 17:03:12,007 - Knowledge - INFO - Fast-tracked /app/data/T0015/222062/b1841j9/RDK-Service/docs/api/UserPreferencesPlugin.md (ext=.md, size=3674)
2025-11-10 17:03:12,060 - Knowledge - INFO - [LLM_CALL] Completed: DTVImpl.h:chunk1, Duration: 169509ms, PromptTokens: 15444, CompletionTokens: 1969, Cost: $0.00233
2025-11-10 17:03:12,267 - Knowledge - INFO - Worker kw17 processing /app/data/T0015/222062/b1841j9/RDK-Service/docs/api/WifiPlugin.md
2025-11-10 17:03:12,513 - Knowledge - INFO - Worker kw1 processing /app/data/T0015/222062/b1841j9/RDK-Service/docs/api/MiracastPlayerPlugin.md
2025-11-10 17:03:12,607 - Knowledge - INFO - process ingested knowledge for /app/data/T0015/222062/b1841j9/RDK-Service/MessageControl/MessageControlPlugin.json
2025-11-10 17:03:12,624 - Knowledge - INFO - process ingested knowledge for /app/data/T0015/222062/b1841j9/RDK-Service/RemoteActionMapping/CHANGELOG.md
2025-11-10 17:03:12,635 - Knowledge - INFO - process ingested knowledge for /app/data/T0015/222062/b1841j9/RDK-Service/docs/developerguide/Pluginconfigfiles.md
2025-11-10 17:03:12,967 - Knowledge - INFO - Fast-tracked /app/data/T0015/222062/b1841j9/RDK-Service/docs/api/WifiPlugin.md (ext=.md, size=28436)
2025-11-10 17:03:13,232 - Knowledge - INFO - Fast-tracked /app/data/T0015/222062/b1841j9/RDK-Service/docs/api/MiracastPlayerPlugin.md (ext=.md, size=23447)
2025-11-10 17:03:13,938 - Knowledge - INFO - Worker kw17 processing /app/data/T0015/222062/b1841j9/RDK-Service/docs/api/ActivityMonitorPlugin.md
2025-11-10 17:03:14,109 - Knowledge - INFO - Worker kw1 processing /app/data/T0015/222062/b1841j9/RDK-Service/docs/api/TimerPlugin.md
2025-11-10 17:03:14,314 - Knowledge - INFO - [LLM_CALL] Completed: LoggingPreferences.cpp:chunk1, Duration: 53354ms, PromptTokens: 2900, CompletionTokens: 450, Cost: $0.00047
2025-11-10 17:03:14,321 - Knowledge - INFO - Fast-tracked /app/data/T0015/222062/b1841j9/RDK-Service/docs/api/ActivityMonitorPlugin.md (ext=.md, size=10254)
2025-11-10 17:03:14,583 - Knowledge - INFO - process ingested knowledge for /app/data/T0015/222062/b1841j9/RDK-Service/Packager/Packager.h
2025-11-10 17:03:14,594 - Knowledge - INFO - Fast-tracked /app/data/T0015/222062/b1841j9/RDK-Service/docs/api/TimerPlugin.md (ext=.md, size=10911)
2025-11-10 17:03:14,610 - Knowledge - INFO - process ingested knowledge for /app/data/T0015/222062/b1841j9/RDK-Service/docs/_coverpage.md
2025-11-10 17:03:14,714 - Knowledge - INFO - done ingest for /app/data/T0015/222062/b1841j9/RDK-Service/LoggingPreferences/LoggingPreferences.cpp
2025-11-10 17:03:14,735 - Knowledge - INFO - [LLM_CALL] Completed: UserPreferences.h:chunk1, Duration: 101822ms, PromptTokens: 2484, CompletionTokens: 1092, Cost: $0.00069
2025-11-10 17:03:14,982 - Knowledge - INFO - Worker kw17 processing /app/data/T0015/222062/b1841j9/RDK-Service/docs/api/MotionDetectionPlugin.md
2025-11-10 17:03:15,417 - Knowledge - INFO - Worker kw1 processing /app/data/T0015/222062/b1841j9/RDK-Service/docs/homepage.md
2025-11-10 17:03:15,944 - Knowledge - INFO - done ingest for /app/data/T0015/222062/b1841j9/RDK-Service/UserPreferences/UserPreferences.h
2025-11-10 17:03:16,096 - Knowledge - INFO - Fast-tracked /app/data/T0015/222062/b1841j9/RDK-Service/docs/api/MotionDetectionPlugin.md (ext=.md, size=19747)
2025-11-10 17:03:16,150 - Knowledge - INFO - process ingested knowledge for /app/data/T0015/222062/b1841j9/RDK-Service/Packager/Module.h
2025-11-10 17:03:16,293 - Knowledge - INFO - Fast-tracked /app/data/T0015/222062/b1841j9/RDK-Service/docs/homepage.md (ext=.md, size=933)
2025-11-10 17:03:16,595 - Knowledge - INFO - Worker kw17 processing /app/data/T0015/222062/b1841j9/RDK-Service/docs/api/SystemPlugin.md
2025-11-10 17:03:17,688 - Knowledge - INFO - process ingested knowledge for /app/data/T0015/222062/b1841j9/RDK-Service/docs/api/HdmiInputPlugin.md
2025-11-10 17:03:17,744 - Knowledge - INFO - Worker kw1 processing /app/data/T0015/222062/b1841j9/RDK-Service/docs/userguide/_sidebar.md
2025-11-10 17:03:18,091 - Knowledge - INFO - Fast-tracked /app/data/T0015/222062/b1841j9/RDK-Service/docs/api/SystemPlugin.md (ext=.md, size=90794)
2025-11-10 17:03:18,210 - Knowledge - INFO - [LLM_CALL] Completed: RialtoConnector.cpp:chunk1, Duration: 71910ms, PromptTokens: 3028, CompletionTokens: 535, Cost: $0.00052
2025-11-10 17:03:18,413 - Knowledge - INFO - Fast-tracked /app/data/T0015/222062/b1841j9/RDK-Service/docs/userguide/_sidebar.md (ext=.md, size=777)
2025-11-10 17:03:18,468 - Knowledge - INFO - process ingested knowledge for /app/data/T0015/222062/b1841j9/RDK-Service/MessageControl/MessageControlImplementation.cpp
2025-11-10 17:03:18,518 - Knowledge - INFO - Worker kw17 processing /app/data/T0015/222062/b1841j9/RDK-Service/docs/api/MiracastServicePlugin.md
2025-11-10 17:03:18,868 - Knowledge - INFO - done ingest for /app/data/T0015/222062/b1841j9/RDK-Service/RDKShell/RialtoConnector.cpp
2025-11-10 17:03:19,127 - Knowledge - INFO - Worker kw1 processing /app/data/T0015/222062/b1841j9/RDK-Service/docs/userguide/events.md
2025-11-10 17:03:19,252 - Knowledge - INFO - process ingested knowledge for /app/data/T0015/222062/b1841j9/RDK-Service/Packager/PackagerImplementation.h
2025-11-10 17:03:19,340 - Knowledge - INFO - Processing batch of 15 files
2025-11-10 17:03:19,550 - Knowledge - INFO - Fast-tracked /app/data/T0015/222062/b1841j9/RDK-Service/docs/api/MiracastServicePlugin.md (ext=.md, size=12335)
2025-11-10 17:03:19,960 - Knowledge - INFO - Fast-tracked /app/data/T0015/222062/b1841j9/RDK-Service/docs/userguide/events.md (ext=.md, size=941)
2025-11-10 17:03:20,150 - Knowledge - INFO - [LLM_CALL] Completed: FooPlugin.cpp:chunk1, Duration: 33970ms, PromptTokens: 2504, CompletionTokens: 553, Cost: $0.00047
2025-11-10 17:03:20,227 - Knowledge - INFO - process ingested knowledge for /app/data/T0015/222062/b1841j9/RDK-Service/docs/api/HdmiCecSinkPlugin.md
2025-11-10 17:03:20,228 - Knowledge - INFO - process ingested knowledge for /app/data/T0015/222062/b1841j9/RDK-Service/docs/api/UsbAccessPlugin.md
2025-11-10 17:03:20,251 - Knowledge - INFO - process ingested knowledge for /app/data/T0015/222062/b1841j9/RDK-Service/MessageControl/Module.cpp
2025-11-10 17:03:20,484 - Knowledge - INFO - Worker kw17 processing /app/data/T0015/222062/b1841j9/RDK-Service/docs/api/HdmiCecPlugin.md
2025-11-10 17:03:20,686 - Knowledge - INFO - Worker kw1 processing /app/data/T0015/222062/b1841j9/RDK-Service/docs/userguide/native.md
2025-11-10 17:03:20,994 - Knowledge - INFO - done ingest for /app/data/T0015/222062/b1841j9/RDK-Service/docs/developerguide/FooPlugin/FooPlugin.cpp
2025-11-10 17:03:21,629 - Knowledge - INFO - Fast-tracked /app/data/T0015/222062/b1841j9/RDK-Service/docs/api/HdmiCecPlugin.md (ext=.md, size=12796)
2025-11-10 17:03:21,855 - Knowledge - INFO - Fast-tracked /app/data/T0015/222062/b1841j9/RDK-Service/docs/userguide/native.md (ext=.md, size=2932)
2025-11-10 17:03:22,109 - Knowledge - INFO - Worker kw17 processing /app/data/T0015/222062/b1841j9/RDK-Service/docs/api/RemoteControlPlugin.md
2025-11-10 17:03:22,270 - Knowledge - INFO - Worker kw1 processing /app/data/T0015/222062/b1841j9/RDK-Service/docs/userguide/thunderjs.md
2025-11-10 17:03:22,327 - Knowledge - INFO - process ingested knowledge for /app/data/T0015/222062/b1841j9/RDK-Service/Packager/Packager.json
2025-11-10 17:03:22,471 - Knowledge - INFO - Fast-tracked /app/data/T0015/222062/b1841j9/RDK-Service/docs/api/RemoteControlPlugin.md (ext=.md, size=40063)
2025-11-10 17:03:22,659 - Knowledge - INFO - Fast-tracked /app/data/T0015/222062/b1841j9/RDK-Service/docs/userguide/thunderjs.md (ext=.md, size=2227)
2025-11-10 17:03:23,057 - Knowledge - INFO - Async storage completed for 20 embeddings
2025-11-10 17:03:23,400 - Knowledge - INFO - Async storage completed for 18 embeddings
2025-11-10 17:03:23,452 - Knowledge - INFO - process ingested knowledge for /app/data/T0015/222062/b1841j9/RDK-Service/docs/api/DisplayInfoPlugin.md
2025-11-10 17:03:23,475 - Knowledge - INFO - process ingested knowledge for /app/data/T0015/222062/b1841j9/RDK-Service/docs/api/SharedStoragePlugin.md
2025-11-10 17:03:23,511 - Knowledge - INFO - process ingested knowledge for /app/data/T0015/222062/b1841j9/RDK-Service/MessageControl/MessageControl.cpp
2025-11-10 17:03:23,543 - Knowledge - INFO - Processing batch of 15 files
2025-11-10 17:03:24,628 - Knowledge - INFO - process ingested knowledge for /app/data/T0015/222062/b1841j9/RDK-Service/docs/api/LocationSyncPlugin.md
2025-11-10 17:03:24,760 - Knowledge - INFO - [LLM_CALL] Completed: Messenger.h:chunk1, Duration: 42515ms, PromptTokens: 4384, CompletionTokens: 594, Cost: $0.00068
2025-11-10 17:03:24,995 - Knowledge - INFO - process ingested knowledge for /app/data/T0015/222062/b1841j9/RDK-Service/Packager/CMakeLists.txt
2025-11-10 17:03:25,361 - Knowledge - INFO - done ingest for /app/data/T0015/222062/b1841j9/RDK-Service/Messenger/Messenger.h
2025-11-10 17:03:25,867 - Knowledge - INFO - process ingested knowledge for /app/data/T0015/222062/b1841j9/RDK-Service/MessageControl/CHANGELOG.md
2025-11-10 17:03:25,917 - Knowledge - INFO - process ingested knowledge for /app/data/T0015/222062/b1841j9/RDK-Service/docs/api/MessageControlPlugin.md
2025-11-10 17:03:26,635 - Knowledge - INFO - [WEBSOCKET] Sent: Type=progress_update, Size: 295, Duration: 0ms
2025-11-10 17:03:26,687 - Knowledge - INFO - process ingested knowledge for /app/data/T0015/222062/b1841j9/RDK-Service/docs/api/DeviceDiagnosticsPlugin.md
2025-11-10 17:03:26,699 - Knowledge - INFO - process ingested knowledge for /app/data/T0015/222062/b1841j9/RDK-Service/docs/api/ControlServicePlugin.md
2025-11-10 17:03:27,172 - Knowledge - INFO - [WEBSOCKET] Sent: Type=unknown, Size: ?, Duration: 537ms
2025-11-10 17:03:27,620 - Knowledge - INFO - process ingested knowledge for /app/data/T0015/222062/b1841j9/RDK-Service/MessageControl/MessageOutput.cpp
2025-11-10 17:03:27,733 - Knowledge - INFO - process ingested knowledge for /app/data/T0015/222062/b1841j9/RDK-Service/Packager/cmake/FindLibOPKG.cmake
2025-11-10 17:03:27,761 - Knowledge - INFO - process ingested knowledge for /app/data/T0015/222062/b1841j9/RDK-Service/docs/api/ContentProtectionPlugin.md
2025-11-10 17:03:27,774 - Knowledge - INFO - Progress: 43.2% | Files: 599/1376 | Rate: 1.31 files/sec | Queue: 431
2025-11-10 17:03:28,499 - Knowledge - INFO - process ingested knowledge for /app/data/T0015/222062/b1841j9/RDK-Service/docs/api/MonitorPlugin.md
2025-11-10 17:03:28,518 - Knowledge - INFO - process ingested knowledge for /app/data/T0015/222062/b1841j9/RDK-Service/docs/api/MaintenanceManagerPlugin.md
2025-11-10 17:03:29,198 - Knowledge - INFO - process ingested knowledge for /app/data/T0015/222062/b1841j9/RDK-Service/broadcom.cmake
2025-11-10 17:03:29,232 - Knowledge - INFO - process ingested knowledge for /app/data/T0015/222062/b1841j9/RDK-Service/Packager/PackagerPlugin.json
2025-11-10 17:03:29,333 - Knowledge - INFO - process ingested knowledge for /app/data/T0015/222062/b1841j9/RDK-Service/docs/api/AnalyticsPlugin.md
2025-11-10 17:03:29,358 - Knowledge - INFO - process ingested knowledge for /app/data/T0015/222062/b1841j9/RDK-Service/docs/api/DataCapturePlugin.md
2025-11-10 17:03:29,401 - Knowledge - INFO - process ingested knowledge for /app/data/T0015/222062/b1841j9/RDK-Service/docs/api/ContinueWatchingPlugin.md
2025-11-10 17:03:29,713 - Knowledge - INFO - [LLM_CALL] Completed: StateObserver.h:chunk1, Duration: 56428ms, PromptTokens: 3944, CompletionTokens: 705, Cost: $0.00068
2025-11-10 17:03:30,080 - Knowledge - INFO - [kw6] Queue=431, InProgress=0, PendingWorkers=20/20, Completed=611/1376 (44.4%)
2025-11-10 17:03:30,200 - Knowledge - INFO - process ingested knowledge for /app/data/T0015/222062/b1841j9/RDK-Service/Bluetooth/Module.h
2025-11-10 17:03:30,249 - Knowledge - INFO - process ingested knowledge for /app/data/T0015/222062/b1841j9/RDK-Service/docs/api/UserSettingsPlugin.md
2025-11-10 17:03:30,782 - Knowledge - INFO - done ingest for /app/data/T0015/222062/b1841j9/RDK-Service/StateObserver/StateObserver.h
2025-11-10 17:03:30,963 - Knowledge - INFO - process ingested knowledge for /app/data/T0015/222062/b1841j9/RDK-Service/Packager/PackagerImplementation.cpp
2025-11-10 17:03:31,016 - Knowledge - INFO - process ingested knowledge for /app/data/T0015/222062/b1841j9/RDK-Service/docs/api/NetworkPlugin.md
2025-11-10 17:03:31,067 - Knowledge - INFO - Batch sizing: calculated=15, max_allowed=25, queue=431, active_workers=20/20
2025-11-10 17:03:31,695 - Knowledge - INFO - process ingested knowledge for /app/data/T0015/222062/b1841j9/RDK-Service/docs/api/PersistentStorePlugin.md
2025-11-10 17:03:31,811 - Knowledge - INFO - process ingested knowledge for /app/data/T0015/222062/b1841j9/RDK-Service/Bluetooth/Bluetooth.json
2025-11-10 17:03:32,082 - Knowledge - INFO - Processing batch of 19 files
2025-11-10 17:03:32,569 - Knowledge - INFO - Processing batch of 15 files
2025-11-10 17:03:32,570 - Knowledge - INFO - process ingested knowledge for /app/data/T0015/222062/b1841j9/RDK-Service/Packager/Module.cpp
2025-11-10 17:03:32,570 - Knowledge - INFO - process ingested knowledge for /app/data/T0015/222062/b1841j9/RDK-Service/docs/api/HdcpProfilePlugin.md
2025-11-10 17:03:33,006 - Knowledge - INFO - process ingested knowledge for /app/data/T0015/222062/b1841j9/RDK-Service/PersistentStore/PersistentStoreImplementation.cpp
2025-11-10 17:03:33,173 - Knowledge - INFO - process ingested knowledge for /app/data/T0015/222062/b1841j9/RDK-Service/docs/api/RDKShellPlugin.md
2025-11-10 17:03:33,295 - Knowledge - INFO - process ingested knowledge for /app/data/T0015/222062/b1841j9/RDK-Service/docs/api/HdmiCec_2Plugin.md
2025-11-10 17:03:33,329 - Knowledge - INFO - Async storing batch of 20 embeddings
2025-11-10 17:03:33,361 - Knowledge - INFO - process ingested knowledge for /app/data/T0015/222062/b1841j9/RDK-Service/docs/api/SystemModePlugin.md
2025-11-10 17:03:33,457 - Knowledge - INFO - process ingested knowledge for /app/data/T0015/222062/b1841j9/RDK-Service/Bluetooth/CMakeLists.txt
2025-11-10 17:03:33,517 - Knowledge - INFO - process ingested knowledge for /app/data/T0015/222062/b1841j9/RDK-Service/Packager/CHANGELOG.md
2025-11-10 17:03:33,844 - Knowledge - INFO - Processing batch of 15 files
2025-11-10 17:03:33,872 - Knowledge - INFO - [WEBSOCKET] Sent: Type=progress_update, Size: 295, Duration: 0ms
2025-11-10 17:03:33,899 - Knowledge - INFO - process ingested knowledge for /app/data/T0015/222062/b1841j9/RDK-Service/docs/api/TextToSpeechPlugin.md
2025-11-10 17:03:34,146 - Knowledge - INFO - process ingested knowledge for /app/data/T0015/222062/b1841j9/RDK-Service/PersistentStore/l1test/CMakeLists.txt
2025-11-10 17:03:34,288 - Knowledge - INFO - process ingested knowledge for /app/data/T0015/222062/b1841j9/RDK-Service/docs/api/FrontPanelPlugin.md
2025-11-10 17:03:34,419 - Knowledge - INFO - process ingested knowledge for /app/data/T0015/222062/b1841j9/RDK-Service/docs/api/PackagerPlugin.md
2025-11-10 17:03:34,503 - Knowledge - INFO - Worker kw6 processing /app/data/T0015/222062/b1841j9/RDK-Service/docs/userguide/discover.md
2025-11-10 17:03:35,130 - Knowledge - INFO - process ingested knowledge for /app/data/T0015/222062/b1841j9/RDK-Service/docs/api/_sidebar.md
2025-11-10 17:03:35,136 - Knowledge - INFO - process ingested knowledge for /app/data/T0015/222062/b1841j9/RDK-Service/Packager/Packager.cpp
2025-11-10 17:03:35,253 - Knowledge - INFO - process ingested knowledge for /app/data/T0015/222062/b1841j9/RDK-Service/docs/api/TelemetryPlugin.md
2025-11-10 17:03:35,278 - Knowledge - INFO - process ingested knowledge for /app/data/T0015/222062/b1841j9/RDK-Service/Bluetooth/cmake/FindBTMGR.cmake
2025-11-10 17:03:35,607 - Knowledge - INFO - process ingested knowledge for /app/data/T0015/222062/b1841j9/RDK-Service/docs/api/TraceControlPlugin.md
2025-11-10 17:03:35,683 - Knowledge - INFO - [kw4] Queue=416, InProgress=0, PendingWorkers=20/20, Completed=648/1376 (47.1%)
2025-11-10 17:03:35,689 - Knowledge - INFO - [WEBSOCKET] Sent: Type=unknown, Size: ?, Duration: 1817ms
2025-11-10 17:03:35,917 - Knowledge - INFO - process ingested knowledge for /app/data/T0015/222062/b1841j9/RDK-Service/PersistentStore/l1test/PersistentStoreTest.cpp
2025-11-10 17:03:36,039 - Knowledge - INFO - process ingested knowledge for /app/data/T0015/222062/b1841j9/RDK-Service/docs/api/PlayerInfoPlugin.md
2025-11-10 17:03:36,366 - Knowledge - INFO - process ingested knowledge for /app/data/T0015/222062/b1841j9/RDK-Service/docs/api/OCIContainerPlugin.md
2025-11-10 17:03:36,594 - Knowledge - INFO - Fast-tracked /app/data/T0015/222062/b1841j9/RDK-Service/docs/userguide/discover.md (ext=.md, size=1866)
2025-11-10 17:03:36,790 - Knowledge - INFO - process ingested knowledge for /app/data/T0015/222062/b1841j9/RDK-Service/docs/api/WebKitBrowserPlugin.md
2025-11-10 17:03:36,952 - Knowledge - INFO - process ingested knowledge for /app/data/T0015/222062/b1841j9/RDK-Service/HdmiCec_2/HdmiCec_2.h
2025-11-10 17:03:37,197 - Knowledge - INFO - process ingested knowledge for /app/data/T0015/222062/b1841j9/RDK-Service/docs/api/MigrationPreparerPlugin.md
2025-11-10 17:03:37,359 - Knowledge - INFO - process ingested knowledge for /app/data/T0015/222062/b1841j9/RDK-Service/Bluetooth/BluetoothPlugin.json
2025-11-10 17:03:37,503 - Knowledge - INFO - process ingested knowledge for /app/data/T0015/222062/b1841j9/RDK-Service/docs/api/ResourceManagerPlugin.md
2025-11-10 17:03:37,844 - Knowledge - INFO - Batch sizing: calculated=15, max_allowed=25, queue=416, active_workers=20/20
2025-11-10 17:03:37,925 - Knowledge - INFO - Progress: 46.2% | Files: 648/1376 | Rate: 1.39 files/sec | Queue: 416
2025-11-10 17:03:38,014 - Knowledge - INFO - [LLM_CALL] Completed: StateObserver.cpp:chunk1, Duration: 70198ms, PromptTokens: 18040, CompletionTokens: 645, Cost: $0.00206
2025-11-10 17:03:38,106 - Knowledge - INFO - process ingested knowledge for /app/data/T0015/222062/b1841j9/RDK-Service/PersistentStore/Module.cpp
2025-11-10 17:03:38,449 - Knowledge - INFO - process ingested knowledge for /app/data/T0015/222062/b1841j9/RDK-Service/docs/api/PerformanceMetricsPlugin.md
2025-11-10 17:03:38,629 - Knowledge - INFO - process ingested knowledge for /app/data/T0015/222062/b1841j9/RDK-Service/docs/api/HdmiCecSourcePlugin.md
2025-11-10 17:03:38,808 - Knowledge - INFO - Worker kw6 processing /app/data/T0015/222062/b1841j9/RDK-Service/docs/userguide/clients.md
2025-11-10 17:03:38,914 - Knowledge - INFO - process ingested knowledge for /app/data/T0015/222062/b1841j9/RDK-Service/docs/api/DeviceIdentificationPlugin.md
2025-11-10 17:03:39,073 - Knowledge - INFO - process ingested knowledge for /app/data/T0015/222062/b1841j9/RDK-Service/HdmiCec_2/Module.h
2025-11-10 17:03:39,240 - Knowledge - INFO - process ingested knowledge for /app/data/T0015/222062/b1841j9/RDK-Service/docs/api/FrameRatePlugin.md
2025-11-10 17:03:39,554 - Knowledge - INFO - process ingested knowledge for /app/data/T0015/222062/b1841j9/RDK-Service/Bluetooth/README.md
2025-11-10 17:03:39,681 - Knowledge - INFO - process ingested knowledge for /app/data/T0015/222062/b1841j9/RDK-Service/docs/api/XCastPlugin.md
2025-11-10 17:03:40,060 - Knowledge - INFO - [kw13] Queue=401, InProgress=0, PendingWorkers=20/20, Completed=650/1376 (47.2%)
2025-11-10 17:03:40,200 - Knowledge - INFO - done ingest for /app/data/T0015/222062/b1841j9/RDK-Service/StateObserver/StateObserver.cpp
2025-11-10 17:03:40,278 - Knowledge - INFO - Async storing batch of 19 embeddings
2025-11-10 17:03:40,286 - Knowledge - INFO - [LLM_CALL] Completed: StateObserverHelper.h:chunk1, Duration: 101139ms, PromptTokens: 2184, CompletionTokens: 408, Cost: $0.00038
2025-11-10 17:03:40,319 - Knowledge - INFO - process ingested knowledge for /app/data/T0015/222062/b1841j9/RDK-Service/PersistentStore/CHANGELOG.md
2025-11-10 17:03:40,482 - Knowledge - INFO - process ingested knowledge for /app/data/T0015/222062/b1841j9/RDK-Service/docs/api/StateObserverPlugin.md
2025-11-10 17:03:40,713 - Knowledge - INFO - process ingested knowledge for /app/data/T0015/222062/b1841j9/RDK-Service/docs/api/DTVPlugin.md
2025-11-10 17:03:40,886 - Knowledge - INFO - Fast-tracked /app/data/T0015/222062/b1841j9/RDK-Service/docs/userguide/clients.md (ext=.md, size=1432)
2025-11-10 17:03:41,107 - Knowledge - INFO - process ingested knowledge for /app/data/T0015/222062/b1841j9/RDK-Service/docs/api/LEDControlPlugin.md
2025-11-10 17:03:42,583 - Knowledge - INFO - process ingested knowledge for /app/data/T0015/222062/b1841j9/RDK-Service/docs/api/SecurityAgentPlugin.md
2025-11-10 17:03:42,584 - Knowledge - INFO - Batch sizing: calculated=15, max_allowed=25, queue=401, active_workers=20/20
2025-11-10 17:03:42,629 - Knowledge - INFO - process ingested knowledge for /app/data/T0015/222062/b1841j9/RDK-Service/docs/api/CompositeInputPlugin.md
2025-11-10 17:03:42,966 - Knowledge - INFO - Worker kw4 processing /app/data/T0015/222062/b1841j9/RDK-Service/ActivityMonitor/ActivityMonitor.h
2025-11-10 17:03:43,083 - Knowledge - INFO - done ingest for /app/data/T0015/222062/b1841j9/RDK-Service/SystemServices/StateObserverHelper.h
2025-11-10 17:03:43,114 - Knowledge - INFO - [LLM_CALL] Completed: Store2Test.cpp:chunk1, Duration: 175616ms, PromptTokens: 9560, CompletionTokens: 559, Cost: $0.00118
2025-11-10 17:03:43,550 - Knowledge - INFO - process ingested knowledge for /app/data/T0015/222062/b1841j9/RDK-Service/PersistentStore/PersistentStore.cpp
2025-11-10 17:03:43,576 - Knowledge - INFO - process ingested knowledge for /app/data/T0015/222062/b1841j9/RDK-Service/docs/api/LoggingPreferencesPlugin.md
2025-11-10 17:03:43,580 - Knowledge - INFO - process ingested knowledge for /app/data/T0015/222062/b1841j9/RDK-Service/docs/api/FireboltMediaPlayerPlugin.md
2025-11-10 17:03:43,663 - Knowledge - INFO - Worker kw6 processing /app/data/T0015/222062/b1841j9/RDK-Service/docs/userguide/aat.md
2025-11-10 17:03:44,325 - Knowledge - INFO - Worker kw4 processing /app/data/T0015/222062/b1841j9/RDK-Service/ActivityMonitor/Module.cpp
2025-11-10 17:03:44,464 - Knowledge - INFO - done ingest for /app/data/T0015/222062/b1841j9/RDK-Service/PersistentStore/sqlite/l1test/Store2Test.cpp
2025-11-10 17:03:44,464 - Knowledge - INFO - [LLM_CALL] Completed: DTVImpl.cpp:chunk1, Duration: 198509ms, PromptTokens: 29112, CompletionTokens: 1669, Cost: $0.00358
2025-11-10 17:03:44,731 - Knowledge - INFO - process ingested knowledge for /app/data/T0015/222062/b1841j9/RDK-Service/docs/api/RemoteActionMappingPlugin.md
2025-11-10 17:03:44,748 - Knowledge - INFO - process ingested knowledge for /app/data/T0015/222062/b1841j9/RDK-Service/docs/api/WarehousePlugin.md
2025-11-10 17:03:44,790 - Knowledge - INFO - process ingested knowledge for /app/data/T0015/222062/b1841j9/RDK-Service/DataCapture/socket_adaptor.cpp
2025-11-10 17:03:45,127 - Knowledge - INFO - Fast-tracked /app/data/T0015/222062/b1841j9/RDK-Service/docs/userguide/aat.md (ext=.md, size=1734)
2025-11-10 17:03:45,273 - Knowledge - INFO - process ingested knowledge for /app/data/T0015/222062/b1841j9/RDK-Service/docs/api/DisplaySettingsPlugin.md
2025-11-10 17:03:45,274 - Knowledge - INFO - Fast-tracked /app/data/T0015/222062/b1841j9/RDK-Service/ActivityMonitor/Module.cpp (ext=.cpp, size=765)
2025-11-10 17:03:45,631 - Knowledge - INFO - process ingested knowledge for /app/data/T0015/222062/b1841j9/RDK-Service/docs/api/ScreenCapturePlugin.md
2025-11-10 17:03:45,641 - Knowledge - INFO - process ingested knowledge for /app/data/T0015/222062/b1841j9/RDK-Service/docs/api/MessengerPlugin.md
2025-11-10 17:03:45,693 - Knowledge - INFO - done ingest for /app/data/T0015/222062/b1841j9/RDK-Service/DTV/DTVImpl.cpp
2025-11-10 17:03:45,722 - Knowledge - INFO - Async storing batch of 19 embeddings
2025-11-10 17:03:45,772 - Knowledge - INFO - [LLM_CALL] Completed: systemServiceTestClient.cpp:chunk1, Duration: 114081ms, PromptTokens: 18600, CompletionTokens: 513, Cost: $0.00207
2025-11-10 17:03:46,189 - Knowledge - INFO - Worker kw6 processing /app/data/T0015/222062/b1841j9/RDK-Service/docs/userguide/start.md
2025-11-10 17:03:46,278 - Knowledge - INFO - process ingested knowledge for /app/data/T0015/222062/b1841j9/RDK-Service/docs/api/BluetoothPlugin.md
2025-11-10 17:03:46,279 - Knowledge - INFO - process ingested knowledge for /app/data/T0015/222062/b1841j9/RDK-Service/DataCapture/DataCapture.h
2025-11-10 17:03:46,600 - Knowledge - INFO - Worker kw4 processing /app/data/T0015/222062/b1841j9/RDK-Service/ActivityMonitor/CHANGELOG.md
2025-11-10 17:03:46,626 - Knowledge - INFO - process ingested knowledge for /app/data/T0015/222062/b1841j9/RDK-Service/docs/api/LinearPlaybackControlPlugin.md
2025-11-10 17:03:46,986 - Knowledge - INFO - process ingested knowledge for /app/data/T0015/222062/b1841j9/RDK-Service/docs/api/AVInputPlugin.md
2025-11-10 17:03:47,012 - Knowledge - INFO - process ingested knowledge for /app/data/T0015/222062/b1841j9/RDK-Service/docs/api/CloudStorePlugin.md
2025-11-10 17:03:47,067 - Knowledge - INFO - process ingested knowledge for /app/data/T0015/222062/b1841j9/RDK-Service/docs/api/UserPreferencesPlugin.md
2025-11-10 17:03:47,136 - Knowledge - INFO - Worker kw13 processing /app/data/T0015/222062/b1841j9/RDK-Service/HdmiCec/CMakeLists.txt
2025-11-10 17:03:47,235 - Knowledge - INFO - done ingest for /app/data/T0015/222062/b1841j9/RDK-Service/SystemServices/TestClient/systemServiceTestClient.cpp
2025-11-10 17:03:47,263 - Knowledge - INFO - Processing batch of 20 files
2025-11-10 17:03:47,391 - Knowledge - INFO - Fast-tracked /app/data/T0015/222062/b1841j9/RDK-Service/docs/userguide/start.md (ext=.md, size=1262)
2025-11-10 17:03:47,568 - Knowledge - ERROR - Timeout processing /app/data/T0015/222062/b1841j9/RDK-Service/HdmiCecSource/HdmiCecSource.h after 90s
2025-11-10 17:03:47,812 - Knowledge - INFO - Fast-tracked /app/data/T0015/222062/b1841j9/RDK-Service/ActivityMonitor/CHANGELOG.md (ext=.md, size=1711)
2025-11-10 17:03:48,572 - Knowledge - INFO - Fast-tracked /app/data/T0015/222062/b1841j9/RDK-Service/HdmiCec/CMakeLists.txt (ext=.txt, size=1914)
2025-11-10 17:03:48,816 - Knowledge - INFO - process ingested knowledge for /app/data/T0015/222062/b1841j9/RDK-Service/Messenger/Module.cpp
2025-11-10 17:03:48,910 - Knowledge - INFO - process ingested knowledge for /app/data/T0015/222062/b1841j9/RDK-Service/docs/api/MediaEngineRMFPlugin.md
2025-11-10 17:03:48,911 - Knowledge - INFO - process ingested knowledge for /app/data/T0015/222062/b1841j9/RDK-Service/docs/api/VoiceControlPlugin.md
2025-11-10 17:03:48,924 - Knowledge - INFO - process ingested knowledge for /app/data/T0015/222062/b1841j9/RDK-Service/DataCapture/Module.h
2025-11-10 17:03:48,970 - Knowledge - INFO - process ingested knowledge for /app/data/T0015/222062/b1841j9/RDK-Service/docs/api/MiracastPlayerPlugin.md
2025-11-10 17:03:48,973 - Knowledge - INFO - Worker kw6 processing /app/data/T0015/222062/b1841j9/RDK-Service/docs/userguide/invoke.md
2025-11-10 17:03:49,001 - Knowledge - INFO - process ingested knowledge for /app/data/T0015/222062/b1841j9/RDK-Service/docs/api/SystemAudioPlayerPlugin.md
2025-11-10 17:03:49,268 - Knowledge - ERROR - Timeout processing /app/data/T0015/222062/b1841j9/RDK-Service/HdmiCecSource/HdmiCecSource.cpp after 90s
2025-11-10 17:03:49,407 - Knowledge - INFO - Worker kw4 processing /app/data/T0015/222062/b1841j9/RDK-Service/MotionDetection/Module.h
2025-11-10 17:03:49,562 - Knowledge - INFO - Worker kw13 processing /app/data/T0015/222062/b1841j9/RDK-Service/HdmiCec/HdmiCec.json
2025-11-10 17:03:49,587 - Knowledge - INFO - Processing batch of 20 files
2025-11-10 17:03:49,597 - Knowledge - INFO - [LLM_CALL] Completed: PersistentStoreImplementation.h:chunk1, Duration: 178966ms, PromptTokens: 4472, CompletionTokens: 859, Cost: $0.00079
2025-11-10 17:03:50,304 - Knowledge - INFO - process ingested knowledge for /app/data/T0015/222062/b1841j9/RDK-Service/Messenger/CHANGELOG.md
2025-11-10 17:03:50,312 - Knowledge - INFO - process ingested knowledge for /app/data/T0015/222062/b1841j9/RDK-Service/docs/api/OpenCDMiPlugin.md
2025-11-10 17:03:50,522 - Knowledge - INFO - Fast-tracked /app/data/T0015/222062/b1841j9/RDK-Service/docs/userguide/invoke.md (ext=.md, size=993)
2025-11-10 17:03:50,824 - Knowledge - ERROR - Timeout processing /app/data/T0015/222062/b1841j9/RDK-Service/DTV/DTV.h after 90s
2025-11-10 17:03:51,030 - Knowledge - INFO - Fast-tracked /app/data/T0015/222062/b1841j9/RDK-Service/MotionDetection/Module.h (ext=.h, size=1012)
2025-11-10 17:03:51,174 - Knowledge - INFO - Fast-tracked /app/data/T0015/222062/b1841j9/RDK-Service/HdmiCec/HdmiCec.json (ext=.json, size=11233)
2025-11-10 17:03:51,309 - Knowledge - INFO - process ingested knowledge for /app/data/T0015/222062/b1841j9/RDK-Service/Timer/Module.h
2025-11-10 17:03:51,325 - Knowledge - INFO - process ingested knowledge for /app/data/T0015/222062/b1841j9/RDK-Service/DataCapture/DataCapture.json
2025-11-10 17:03:51,374 - Knowledge - INFO - process ingested knowledge for /app/data/T0015/222062/b1841j9/RDK-Service/docs/api/DeviceInfoPlugin.md
2025-11-10 17:03:51,421 - Knowledge - INFO - done ingest for /app/data/T0015/222062/b1841j9/RDK-Service/PersistentStore/PersistentStoreImplementation.h
2025-11-10 17:03:51,426 - Knowledge - INFO - [LLM_CALL] Completed: DolbyOutput.cpp:chunk1, Duration: 101208ms, PromptTokens: 2126, CompletionTokens: 424, Cost: $0.00038
2025-11-10 17:03:51,890 - Knowledge - INFO - Worker kw6 processing /app/data/T0015/222062/b1841j9/RDK-Service/docs/userguide/intro.md
2025-11-10 17:03:52,075 - Knowledge - ERROR - Timeout processing /app/data/T0015/222062/b1841j9/RDK-Service/DTV/DTVImpl.h after 90s
2025-11-10 17:03:52,282 - Knowledge - INFO - Worker kw4 processing /app/data/T0015/222062/b1841j9/RDK-Service/MotionDetection/MotionDetectionPlugin.json
2025-11-10 17:03:52,318 - Knowledge - INFO - process ingested knowledge for /app/data/T0015/222062/b1841j9/RDK-Service/docs/api/TimerPlugin.md
2025-11-10 17:03:52,433 - Knowledge - INFO - Worker kw13 processing /app/data/T0015/222062/b1841j9/RDK-Service/HdmiCec/README.md
2025-11-10 17:03:53,089 - Knowledge - INFO - done ingest for /app/data/T0015/222062/b1841j9/RDK-Service/PlayerInfo/Dolby/DolbyOutput.cpp
2025-11-10 17:03:53,098 - Knowledge - INFO - process ingested knowledge for /app/data/T0015/222062/b1841j9/RDK-Service/Messenger/Messenger.h
2025-11-10 17:03:53,105 - Knowledge - INFO - process ingested knowledge for /app/data/T0015/222062/b1841j9/RDK-Service/docs/api/WifiPlugin.md
2025-11-10 17:03:53,105 - Knowledge - INFO - [LLM_CALL] Completed: MessengerSecurity.cpp:chunk1, Duration: 63413ms, PromptTokens: 3678, CompletionTokens: 424, Cost: $0.00054
2025-11-10 17:03:53,116 - Knowledge - INFO - process ingested knowledge for /app/data/T0015/222062/b1841j9/RDK-Service/Timer/Timer.cpp
2025-11-10 17:03:53,138 - Knowledge - INFO - process ingested knowledge for /app/data/T0015/222062/b1841j9/RDK-Service/DataCapture/CMakeLists.txt
2025-11-10 17:03:53,278 - Knowledge - INFO - Fast-tracked /app/data/T0015/222062/b1841j9/RDK-Service/docs/userguide/intro.md (ext=.md, size=984)
2025-11-10 17:03:53,510 - Knowledge - INFO - Fast-tracked /app/data/T0015/222062/b1841j9/RDK-Service/MotionDetection/MotionDetectionPlugin.json (ext=.json, size=514)
2025-11-10 17:03:53,742 - Knowledge - INFO - Fast-tracked /app/data/T0015/222062/b1841j9/RDK-Service/HdmiCec/README.md (ext=.md, size=240)
2025-11-10 17:03:53,944 - Knowledge - ERROR - Timeout processing /app/data/T0015/222062/b1841j9/RDK-Service/DTV/DTV.cpp after 90s
2025-11-10 17:03:54,365 - Knowledge - INFO - done ingest for /app/data/T0015/222062/b1841j9/RDK-Service/Messenger/MessengerSecurity.cpp
2025-11-10 17:03:54,394 - Knowledge - INFO - [LLM_CALL] Completed: thermonitor.cpp:chunk1, Duration: 118079ms, PromptTokens: 3342, CompletionTokens: 777, Cost: $0.00064
2025-11-10 17:03:54,726 - Knowledge - INFO - Worker kw6 processing /app/data/T0015/222062/b1841j9/RDK-Service/docs/userguide/quick-start.md
2025-11-10 17:03:54,827 - Knowledge - INFO - Worker kw4 processing /app/data/T0015/222062/b1841j9/RDK-Service/MotionDetection/MotionDetection.cpp
2025-11-10 17:03:54,942 - Knowledge - INFO - process ingested knowledge for /app/data/T0015/222062/b1841j9/RDK-Service/docs/homepage.md
2025-11-10 17:03:54,988 - Knowledge - INFO - Worker kw13 processing /app/data/T0015/222062/b1841j9/RDK-Service/HdmiCec/HdmiCec.h
2025-11-10 17:03:55,220 - Knowledge - ERROR - Timeout processing /app/data/T0015/222062/b1841j9/RDK-Service/PersistentStore/l0test/PersistentStoreTest.cpp after 90s
2025-11-10 17:03:55,432 - Knowledge - INFO - done ingest for /app/data/T0015/222062/b1841j9/RDK-Service/SystemServices/thermonitor.cpp
2025-11-10 17:03:55,571 - Knowledge - INFO - Fast-tracked /app/data/T0015/222062/b1841j9/RDK-Service/docs/userguide/quick-start.md (ext=.md, size=1510)
2025-11-10 17:03:55,709 - Knowledge - INFO - Worker kw4 processing /app/data/T0015/222062/b1841j9/RDK-Service/MotionDetection/CMakeLists.txt
2025-11-10 17:03:55,770 - Knowledge - INFO - process ingested knowledge for /app/data/T0015/222062/b1841j9/RDK-Service/docs/api/ActivityMonitorPlugin.md
2025-11-10 17:03:56,168 - Knowledge - INFO - Worker kw13 processing /app/data/T0015/222062/b1841j9/RDK-Service/HdmiCec/Module.cpp
2025-11-10 17:03:56,517 - Knowledge - INFO - process ingested knowledge for /app/data/T0015/222062/b1841j9/RDK-Service/DataCapture/socket_adaptor.h
2025-11-10 17:03:56,607 - Knowledge - INFO - Worker kw6 processing /app/data/T0015/222062/b1841j9/RDK-Service/docs/README.md
2025-11-10 17:03:56,909 - Knowledge - INFO - Fast-tracked /app/data/T0015/222062/b1841j9/RDK-Service/MotionDetection/CMakeLists.txt (ext=.txt, size=1656)
2025-11-10 17:03:57,317 - Knowledge - INFO - Fast-tracked /app/data/T0015/222062/b1841j9/RDK-Service/HdmiCec/Module.cpp (ext=.cpp, size=765)
2025-11-10 17:03:57,358 - Knowledge - INFO - [LLM_CALL] Completed: PlayerInfo.cpp:chunk1, Duration: 101011ms, PromptTokens: 4380, CompletionTokens: 869, Cost: $0.00079
2025-11-10 17:03:57,657 - Knowledge - INFO - Fast-tracked /app/data/T0015/222062/b1841j9/RDK-Service/docs/README.md (ext=.md, size=603)
2025-11-10 17:03:57,788 - Knowledge - INFO - Worker kw4 processing /app/data/T0015/222062/b1841j9/RDK-Service/MotionDetection/MotionDetection.json
2025-11-10 17:03:57,890 - Knowledge - INFO - Worker kw13 processing /app/data/T0015/222062/b1841j9/RDK-Service/HdmiCec/CHANGELOG.md
2025-11-10 17:03:57,954 - Knowledge - INFO - process ingested knowledge for /app/data/T0015/222062/b1841j9/RDK-Service/Timer/CMakeLists.txt
2025-11-10 17:03:57,967 - Knowledge - INFO - process ingested knowledge for /app/data/T0015/222062/b1841j9/RDK-Service/docs/userguide/_sidebar.md
2025-11-10 17:03:57,990 - Knowledge - INFO - process ingested knowledge for /app/data/T0015/222062/b1841j9/RDK-Service/docs/_sidebar.md
2025-11-10 17:03:58,062 - Knowledge - INFO - done ingest for /app/data/T0015/222062/b1841j9/RDK-Service/PlayerInfo/PlayerInfo.cpp
2025-11-10 17:03:58,275 - Knowledge - INFO - Worker kw6 processing /app/data/T0015/222062/b1841j9/RDK-Service/docs/index.html
2025-11-10 17:03:58,414 - Knowledge - INFO - Fast-tracked /app/data/T0015/222062/b1841j9/RDK-Service/MotionDetection/MotionDetection.json (ext=.json, size=22137)
2025-11-10 17:03:58,487 - Knowledge - INFO - process ingested knowledge for /app/data/T0015/222062/b1841j9/RDK-Service/docs/api/MotionDetectionPlugin.md
2025-11-10 17:03:58,524 - Knowledge - INFO - process ingested knowledge for /app/data/T0015/222062/b1841j9/RDK-Service/DataCapture/DataCapturePlugin.json
2025-11-10 17:03:58,552 - Knowledge - INFO - Fast-tracked /app/data/T0015/222062/b1841j9/RDK-Service/HdmiCec/CHANGELOG.md (ext=.md, size=2682)
2025-11-10 17:03:59,209 - Knowledge - INFO - Worker kw6 processing /app/data/T0015/222062/b1841j9/RDK-Service/ActivityMonitor/Module.h
2025-11-10 17:03:59,266 - Knowledge - INFO - [LLM_CALL] Completed: uploadlogs.cpp:chunk1, Duration: 109067ms, PromptTokens: 4476, CompletionTokens: 624, Cost: $0.00070
2025-11-10 17:03:59,434 - Knowledge - INFO - Worker kw4 processing /app/data/T0015/222062/b1841j9/RDK-Service/MotionDetection/README.md
2025-11-10 17:03:59,994 - Knowledge - INFO - Worker kw13 processing /app/data/T0015/222062/b1841j9/RDK-Service/RemoteControl/test/Module.h
2025-11-10 17:04:00,148 - Knowledge - INFO - Fast-tracked /app/data/T0015/222062/b1841j9/RDK-Service/ActivityMonitor/Module.h (ext=.h, size=879)
2025-11-10 17:04:00,378 - Knowledge - INFO - done ingest for /app/data/T0015/222062/b1841j9/RDK-Service/SystemServices/uploadlogs.cpp
2025-11-10 17:04:00,412 - Knowledge - INFO - [LLM_CALL] Completed: PlatformImplementation.cpp:chunk1, Duration: 92581ms, PromptTokens: 4780, CompletionTokens: 567, Cost: $0.00070
2025-11-10 17:04:00,683 - Knowledge - INFO - Fast-tracked /app/data/T0015/222062/b1841j9/RDK-Service/MotionDetection/README.md (ext=.md, size=2611)
2025-11-10 17:04:00,949 - Knowledge - INFO - Fast-tracked /app/data/T0015/222062/b1841j9/RDK-Service/RemoteControl/test/Module.h (ext=.h, size=845)
2025-11-10 17:04:01,151 - Knowledge - INFO - Worker kw6 processing /app/data/T0015/222062/b1841j9/RDK-Service/ActivityMonitor/ActivityMonitorPlugin.json
2025-11-10 17:04:01,321 - Knowledge - INFO - process ingested knowledge for /app/data/T0015/222062/b1841j9/RDK-Service/Timer/Timer.json
2025-11-10 17:04:01,434 - Knowledge - INFO - done ingest for /app/data/T0015/222062/b1841j9/RDK-Service/PlayerInfo/GStreamer/PlatformImplementation.cpp
2025-11-10 17:04:01,437 - Knowledge - INFO - [LLM_CALL] Completed: RoomMaintainer.cpp:chunk1, Duration: 66326ms, PromptTokens: 3836, CompletionTokens: 469, Cost: $0.00057
2025-11-10 17:04:01,515 - Knowledge - INFO - process ingested knowledge for /app/data/T0015/222062/b1841j9/RDK-Service/docs/developerguide/Test&Validation.md
2025-11-10 17:04:01,884 - Knowledge - INFO - Worker kw4 processing /app/data/T0015/222062/b1841j9/RDK-Service/MotionDetection/MotionDetection.h
2025-11-10 17:04:02,054 - Knowledge - INFO - process ingested knowledge for /app/data/T0015/222062/b1841j9/RDK-Service/docs/api/SystemPlugin.md
2025-11-10 17:04:02,063 - Knowledge - INFO - process ingested knowledge for /app/data/T0015/222062/b1841j9/RDK-Service/DataCapture/README.md
2025-11-10 17:04:02,108 - Knowledge - INFO - process ingested knowledge for /app/data/T0015/222062/b1841j9/RDK-Service/docs/userguide/events.md
2025-11-10 17:04:02,132 - Knowledge - INFO - Worker kw13 processing /app/data/T0015/222062/b1841j9/RDK-Service/RemoteControl/test/CMakeLists.txt
2025-11-10 17:04:02,342 - Knowledge - INFO - Fast-tracked /app/data/T0015/222062/b1841j9/RDK-Service/ActivityMonitor/ActivityMonitorPlugin.json (ext=.json, size=496)
2025-11-10 17:04:02,781 - Knowledge - INFO - done ingest for /app/data/T0015/222062/b1841j9/RDK-Service/Messenger/RoomMaintainer.cpp
2025-11-10 17:04:03,070 - Knowledge - WARNING - File /app/data/T0015/222062/b1841j9/RDK-Service/HdmiCecSource/HdmiCecSource.h not successfully processed
2025-11-10 17:04:03,154 - Knowledge - INFO - Worker kw4 processing /app/data/T0015/222062/b1841j9/RDK-Service/MotionDetection/Module.cpp
2025-11-10 17:04:03,559 - Knowledge - INFO - process ingested knowledge for /app/data/T0015/222062/b1841j9/RDK-Service/Timer/README.md
2025-11-10 17:04:04,046 - Knowledge - INFO - Fast-tracked /app/data/T0015/222062/b1841j9/RDK-Service/RemoteControl/test/CMakeLists.txt (ext=.txt, size=790)
2025-11-10 17:04:04,099 - Knowledge - INFO - Worker kw6 processing /app/data/T0015/222062/b1841j9/RDK-Service/ActivityMonitor/ActivityMonitor.cpp
2025-11-10 17:04:04,572 - Knowledge - INFO - process ingested knowledge for /app/data/T0015/222062/b1841j9/RDK-Service/docs/developerguide/PluginJSONfile.md
2025-11-10 17:04:04,648 - Knowledge - INFO - Fast-tracked /app/data/T0015/222062/b1841j9/RDK-Service/MotionDetection/Module.cpp (ext=.cpp, size=765)
2025-11-10 17:04:04,969 - Knowledge - INFO - Worker kw13 processing /app/data/T0015/222062/b1841j9/RDK-Service/RemoteControl/test/remoteControlTestClient.cpp
2025-11-10 17:04:05,147 - Knowledge - INFO - process ingested knowledge for /app/data/T0015/222062/b1841j9/RDK-Service/DataCapture/Module.cpp
2025-11-10 17:04:05,154 - Knowledge - WARNING - File /app/data/T0015/222062/b1841j9/RDK-Service/DTV/DTV.cpp not successfully processed
2025-11-10 17:04:05,213 - Knowledge - INFO - Worker kw6 processing /app/data/T0015/222062/b1841j9/RDK-Service/ActivityMonitor/CMakeLists.txt
2025-11-10 17:04:05,217 - Knowledge - INFO - process ingested knowledge for /app/data/T0015/222062/b1841j9/RDK-Service/docs/userguide/native.md
2025-11-10 17:04:05,547 - Knowledge - INFO - Worker kw4 processing /app/data/T0015/222062/b1841j9/RDK-Service/MotionDetection/CHANGELOG.md
2025-11-10 17:04:05,686 - Knowledge - INFO - Fast-tracked /app/data/T0015/222062/b1841j9/RDK-Service/RemoteControl/test/remoteControlTestClient.cpp (ext=.cpp, size=34921)
2025-11-10 17:04:05,956 - Knowledge - INFO - process ingested knowledge for /app/data/T0015/222062/b1841j9/RDK-Service/docs/api/MiracastServicePlugin.md
2025-11-10 17:04:06,090 - Knowledge - INFO - [LLM_CALL] Completed: SystemServicesHelper.h:chunk1, Duration: 109761ms, PromptTokens: 7436, CompletionTokens: 900, Cost: $0.00110
2025-11-10 17:04:06,307 - Knowledge - INFO - Fast-tracked /app/data/T0015/222062/b1841j9/RDK-Service/ActivityMonitor/CMakeLists.txt (ext=.txt, size=1522)
2025-11-10 17:04:06,665 - Knowledge - INFO - Fast-tracked /app/data/T0015/222062/b1841j9/RDK-Service/MotionDetection/CHANGELOG.md (ext=.md, size=1358)
2025-11-10 17:04:06,774 - Knowledge - INFO - Worker kw13 processing /app/data/T0015/222062/b1841j9/RDK-Service/RemoteControl/RemoteControlPlugin.json
2025-11-10 17:04:07,143 - Knowledge - INFO - done ingest for /app/data/T0015/222062/b1841j9/RDK-Service/SystemServices/SystemServicesHelper.h
2025-11-10 17:04:07,295 - Knowledge - INFO - Worker kw6 processing /app/data/T0015/222062/b1841j9/RDK-Service/ActivityMonitor/ActivityMonitor.json
2025-11-10 17:04:07,475 - Knowledge - INFO - Worker kw4 processing /app/data/T0015/222062/b1841j9/RDK-Service/HdmiCec/HdmiCecPlugin.json
2025-11-10 17:04:07,574 - Knowledge - INFO - process ingested knowledge for /app/data/T0015/222062/b1841j9/RDK-Service/DataCapture/CHANGELOG.md
2025-11-10 17:04:07,592 - Knowledge - INFO - process ingested knowledge for /app/data/T0015/222062/b1841j9/RDK-Service/Timer/Module.cpp
2025-11-10 17:04:07,613 - Knowledge - INFO - process ingested knowledge for /app/data/T0015/222062/b1841j9/RDK-Service/docs/api/HdmiCecPlugin.md
2025-11-10 17:04:07,695 - Knowledge - INFO - Fast-tracked /app/data/T0015/222062/b1841j9/RDK-Service/RemoteControl/RemoteControlPlugin.json (ext=.json, size=486)
2025-11-10 17:04:08,026 - Knowledge - INFO - Fast-tracked /app/data/T0015/222062/b1841j9/RDK-Service/ActivityMonitor/ActivityMonitor.json (ext=.json, size=10100)
2025-11-10 17:04:08,220 - Knowledge - INFO - Fast-tracked /app/data/T0015/222062/b1841j9/RDK-Service/HdmiCec/HdmiCecPlugin.json (ext=.json, size=733)
2025-11-10 17:04:08,765 - Knowledge - INFO - process ingested knowledge for /app/data/T0015/222062/b1841j9/RDK-Service/docs/developerguide/_sidebar.md
2025-11-10 17:04:08,775 - Knowledge - INFO - process ingested knowledge for /app/data/T0015/222062/b1841j9/RDK-Service/docs/userguide/thunderjs.md
2025-11-10 17:04:08,882 - Knowledge - INFO - Worker kw13 processing /app/data/T0015/222062/b1841j9/RDK-Service/RemoteControl/Module.h
2025-11-10 17:04:09,038 - Knowledge - INFO - Worker kw6 processing /app/data/T0015/222062/b1841j9/RDK-Service/ActivityMonitor/README.md
2025-11-10 17:04:09,168 - Knowledge - INFO - Worker kw4 processing /app/data/T0015/222062/b1841j9/RDK-Service/HdmiCec/Module.h
2025-11-10 17:04:09,684 - Knowledge - INFO - Fast-tracked /app/data/T0015/222062/b1841j9/RDK-Service/RemoteControl/Module.h (ext=.h, size=870)
2025-11-10 17:04:09,856 - Knowledge - INFO - Fast-tracked /app/data/T0015/222062/b1841j9/RDK-Service/ActivityMonitor/README.md (ext=.md, size=248)
2025-11-10 17:04:10,050 - Knowledge - INFO - Fast-tracked /app/data/T0015/222062/b1841j9/RDK-Service/HdmiCec/Module.h (ext=.h, size=871)
2025-11-10 17:04:10,158 - Knowledge - INFO - Worker kw13 processing /app/data/T0015/222062/b1841j9/RDK-Service/RemoteControl/RemoteControl.cpp
2025-11-10 17:04:10,170 - Knowledge - INFO - process ingested knowledge for /app/data/T0015/222062/b1841j9/RDK-Service/DataCapture/DataCapture.cpp
2025-11-10 17:04:10,188 - Knowledge - INFO - [LLM_CALL] Completed: platformcaps.cpp:chunk1, Duration: 141347ms, PromptTokens: 3716, CompletionTokens: 740, Cost: $0.00067
2025-11-10 17:04:10,476 - Knowledge - INFO - Worker kw4 processing /app/data/T0015/222062/b1841j9/RDK-Service/HdmiCec/HdmiCec.cpp
2025-11-10 17:04:10,504 - Knowledge - INFO - Fast-tracked /app/data/T0015/222062/b1841j9/RDK-Service/docs/index.html (small file (2498 bytes))
2025-11-10 17:04:10,707 - Knowledge - INFO - Worker kw13 processing /app/data/T0015/222062/b1841j9/RDK-Service/RemoteControl/CMakeLists.txt
2025-11-10 17:04:11,751 - Knowledge - INFO - done ingest for /app/data/T0015/222062/b1841j9/RDK-Service/SystemServices/platformcaps/platformcaps.cpp
2025-11-10 17:04:12,182 - Knowledge - INFO - done ingest for /app/data/T0015/222062/b1841j9/RDK-Service/PlayerInfo/DeviceSettings/PlatformImplementation.cpp
2025-11-10 17:04:12,291 - Knowledge - INFO - Fast-tracked /app/data/T0015/222062/b1841j9/RDK-Service/RemoteControl/CMakeLists.txt (ext=.txt, size=1711)
2025-11-10 17:04:12,412 - Knowledge - INFO - process ingested knowledge for /app/data/T0015/222062/b1841j9/RDK-Service/docs/developerguide/develperguidefornewplugin.md
2025-11-10 17:04:12,462 - Knowledge - INFO - process ingested knowledge for /app/data/T0015/222062/b1841j9/RDK-Service/docs/api/RemoteControlPlugin.md
2025-11-10 17:04:12,671 - Knowledge - INFO - Worker kw13 processing /app/data/T0015/222062/b1841j9/RDK-Service/RemoteControl/RemoteControl.json
2025-11-10 17:04:13,077 - Knowledge - INFO - Fast-tracked /app/data/T0015/222062/b1841j9/RDK-Service/RemoteControl/RemoteControl.json (ext=.json, size=39754)
2025-11-10 17:04:13,294 - Knowledge - INFO - Worker kw13 processing /app/data/T0015/222062/b1841j9/RDK-Service/RemoteControl/README.md
2025-11-10 17:04:13,641 - Knowledge - INFO - Fast-tracked /app/data/T0015/222062/b1841j9/RDK-Service/RemoteControl/README.md (ext=.md, size=508)
2025-11-10 17:04:14,063 - Knowledge - INFO - process ingested knowledge for /app/data/T0015/222062/b1841j9/RDK-Service/Timer/Timer.h
2025-11-10 17:04:14,744 - Knowledge - INFO - process ingested knowledge for /app/data/T0015/222062/b1841j9/RDK-Service/docs/developerguide/new_plugin_Inprocess.md
2025-11-10 17:04:16,577 - Knowledge - INFO - Async storage completed for 20 embeddings
2025-11-10 17:04:16,578 - Knowledge - INFO - Processing batch of 20 files
2025-11-10 17:04:16,699 - Knowledge - INFO - [LLM_CALL] Completed: PlayerInfo.h:chunk1, Duration: 103390ms, PromptTokens: 2978, CompletionTokens: 503, Cost: $0.00050
2025-11-10 17:04:17,052 - Knowledge - INFO - process ingested knowledge for /app/data/T0015/222062/b1841j9/RDK-Service/LoggingPreferences/Module.h
2025-11-10 17:04:17,177 - Knowledge - INFO - process ingested knowledge for /app/data/T0015/222062/b1841j9/RDK-Service/Timer/CHANGELOG.md
2025-11-10 17:04:17,197 - Knowledge - INFO - process ingested knowledge for /app/data/T0015/222062/b1841j9/RDK-Service/MaintenanceManager/MaintenanceManager.h
2025-11-10 17:04:17,219 - Knowledge - INFO - done ingest for /app/data/T0015/222062/b1841j9/RDK-Service/PlayerInfo/PlayerInfo.h
2025-11-10 17:04:17,234 - Knowledge - INFO - process ingested knowledge for /app/data/T0015/222062/b1841j9/RDK-Service/docs/developerguide/createprojectfolder.md
2025-11-10 17:04:17,826 - Knowledge - WARNING - File /app/data/T0015/222062/b1841j9/RDK-Service/HdmiCecSource/HdmiCecSource.cpp not successfully processed
2025-11-10 17:04:17,977 - Knowledge - WARNING - File /app/data/T0015/222062/b1841j9/RDK-Service/PersistentStore/l0test/PersistentStoreTest.cpp not successfully processed
2025-11-10 17:04:18,124 - Knowledge - WARNING - File /app/data/T0015/222062/b1841j9/RDK-Service/DTV/DTV.h not successfully processed
2025-11-10 17:04:19,301 - Knowledge - INFO - [LLM_CALL] Completed: SystemServicesHelper.cpp:chunk1, Duration: 139877ms, PromptTokens: 9802, CompletionTokens: 1295, Cost: $0.00150
2025-11-10 17:04:19,507 - Knowledge - INFO - done ingest for /app/data/T0015/222062/b1841j9/RDK-Service/SystemServices/SystemServicesHelper.cpp
2025-11-10 17:04:20,136 - Knowledge - INFO - process ingested knowledge for /app/data/T0015/222062/b1841j9/RDK-Service/MaintenanceManager/Module.h
2025-11-10 17:04:20,137 - Knowledge - INFO - process ingested knowledge for /app/data/T0015/222062/b1841j9/RDK-Service/docs/developerguide/ControllerUI.md
2025-11-10 17:04:20,282 - Knowledge - WARNING - File /app/data/T0015/222062/b1841j9/RDK-Service/DTV/DTVImpl.h not successfully processed
2025-11-10 17:04:20,497 - Knowledge - INFO - Async storage completed for 19 embeddings
2025-11-10 17:04:21,018 - Knowledge - INFO - [WEBSOCKET] Sent: Type=progress_update, Size: 293, Duration: 0ms
2025-11-10 17:04:21,300 - Knowledge - INFO - [WEBSOCKET] Sent: Type=unknown, Size: ?, Duration: 282ms
2025-11-10 17:04:21,467 - Knowledge - INFO - process ingested knowledge for /app/data/T0015/222062/b1841j9/RDK-Service/LoggingPreferences/LoggingPreferences.cpp
2025-11-10 17:04:21,477 - Knowledge - INFO - process ingested knowledge for /app/data/T0015/222062/b1841j9/RDK-Service/UserPreferences/UserPreferencesPlugin.json
2025-11-10 17:04:21,499 - Knowledge - INFO - Progress: 50.8% | Files: 699/1376 | Rate: 1.37 files/sec | Queue: 386
2025-11-10 17:04:21,500 - Knowledge - INFO - [LLM_CALL] Completed: FrontPanel.cpp:chunk1, Duration: 125179ms, PromptTokens: 15086, CompletionTokens: 1952, Cost: $0.00229
2025-11-10 17:04:21,674 - Knowledge - ERROR - Timeout processing /app/data/T0015/222062/b1841j9/RDK-Service/FrontPanel/FrontPanel.h after 90s
2025-11-10 17:04:22,038 - Knowledge - INFO - done ingest for /app/data/T0015/222062/b1841j9/RDK-Service/FrontPanel/FrontPanel.cpp
2025-11-10 17:04:22,119 - Knowledge - INFO - Async storage completed for 19 embeddings
2025-11-10 17:04:22,648 - Knowledge - INFO - process ingested knowledge for /app/data/T0015/222062/b1841j9/RDK-Service/docs/developerguide/PluginmetadataJSONfile.md
2025-11-10 17:04:22,903 - Knowledge - INFO - process ingested knowledge for /app/data/T0015/222062/b1841j9/RDK-Service/LoggingPreferences/CMakeLists.txt
2025-11-10 17:04:22,906 - Knowledge - INFO - process ingested knowledge for /app/data/T0015/222062/b1841j9/RDK-Service/UserPreferences/Module.h
2025-11-10 17:04:23,267 - Knowledge - ERROR - Timeout processing /app/data/T0015/222062/b1841j9/RDK-Service/SystemServices/SystemServices.h after 90s
2025-11-10 17:04:23,476 - Knowledge - ERROR - Timeout processing /app/data/T0015/222062/b1841j9/RDK-Service/RDKShell/RDKShell.h after 90s
2025-11-10 17:04:23,514 - Knowledge - INFO - [LLM_CALL] Completed: platformcapsdatarpc.cpp:chunk1, Duration: 160128ms, PromptTokens: 3328, CompletionTokens: 883, Cost: $0.00069
2025-11-10 17:04:23,927 - Knowledge - INFO - done ingest for /app/data/T0015/222062/b1841j9/RDK-Service/SystemServices/platformcaps/platformcapsdatarpc.cpp
2025-11-10 17:04:24,813 - Knowledge - INFO - process ingested knowledge for /app/data/T0015/222062/b1841j9/RDK-Service/docs/developerguide/Compile&Installfile.md
2025-11-10 17:04:24,815 - Knowledge - INFO - [kw3] Queue=386, InProgress=0, PendingWorkers=20/20, Completed=703/1376 (51.1%)
2025-11-10 17:04:24,843 - Knowledge - INFO - [kw18] Queue=386, InProgress=0, PendingWorkers=20/20, Completed=703/1376 (51.1%)
2025-11-10 17:04:24,850 - Knowledge - INFO - process ingested knowledge for /app/data/T0015/222062/b1841j9/RDK-Service/LoggingPreferences/LoggingPreferences.json
2025-11-10 17:04:25,329 - Knowledge - INFO - Batch sizing: calculated=15, max_allowed=25, queue=386, active_workers=20/20
2025-11-10 17:04:25,441 - Knowledge - INFO - Batch sizing: calculated=15, max_allowed=25, queue=386, active_workers=20/20
2025-11-10 17:04:27,688 - Knowledge - INFO - process ingested knowledge for /app/data/T0015/222062/b1841j9/RDK-Service/UserPreferences/UserPreferences.cpp
2025-11-10 17:04:28,830 - Knowledge - WARNING - File /app/data/T0015/222062/b1841j9/RDK-Service/SystemServices/SystemServices.h not successfully processed
2025-11-10 17:04:28,864 - Knowledge - INFO - process ingested knowledge for /app/data/T0015/222062/b1841j9/RDK-Service/LoggingPreferences/README.md
2025-11-10 17:04:28,888 - Knowledge - INFO - Async storing batch of 19 embeddings
2025-11-10 17:04:29,757 - Knowledge - INFO - [LLM_CALL] Completed: platformcapsdata.cpp:chunk1, Duration: 155690ms, PromptTokens: 8602, CompletionTokens: 852, Cost: $0.00120
2025-11-10 17:04:29,791 - Knowledge - INFO - Worker kw3 processing /app/data/T0015/222062/b1841j9/RDK-Service/RemoteControl/RemoteControl.h
2025-11-10 17:04:30,054 - Knowledge - WARNING - File /app/data/T0015/222062/b1841j9/RDK-Service/FrontPanel/FrontPanel.h not successfully processed
2025-11-10 17:04:30,130 - Knowledge - INFO - done ingest for /app/data/T0015/222062/b1841j9/RDK-Service/SystemServices/platformcaps/platformcapsdata.cpp
2025-11-10 17:04:30,367 - Knowledge - INFO - Worker kw3 processing /app/data/T0015/222062/b1841j9/RDK-Service/RemoteControl/Module.cpp
2025-11-10 17:04:30,420 - Knowledge - INFO - process ingested knowledge for /app/data/T0015/222062/b1841j9/RDK-Service/docs/developerguide/FooPlugin/FooPlugin.cpp
2025-11-10 17:04:30,868 - Knowledge - INFO - Fast-tracked /app/data/T0015/222062/b1841j9/RDK-Service/RemoteControl/Module.cpp (ext=.cpp, size=765)
2025-11-10 17:04:31,041 - Knowledge - INFO - Async storing batch of 19 embeddings
2025-11-10 17:04:31,187 - Knowledge - INFO - Worker kw3 processing /app/data/T0015/222062/b1841j9/RDK-Service/RemoteControl/CHANGELOG.md
2025-11-10 17:04:31,380 - Knowledge - INFO - Worker kw18 processing /app/data/T0015/222062/b1841j9/RDK-Service/helpers/UtilsIarm.h
2025-11-10 17:04:31,475 - Knowledge - INFO - Fast-tracked /app/data/T0015/222062/b1841j9/RDK-Service/RemoteControl/CHANGELOG.md (ext=.md, size=2769)
2025-11-10 17:04:31,422 - Knowledge - INFO - [LLM_CALL] Completed: ActivityMonitor.cpp:chunk1, Duration: 19214ms, PromptTokens: 16106, CompletionTokens: 837, Cost: $0.00195
2025-11-10 17:04:31,602 - Knowledge - INFO - Worker kw18 processing /app/data/T0015/222062/b1841j9/RDK-Service/helpers/UtilsLOG_MILESTONE.h
2025-11-10 17:04:31,741 - Knowledge - INFO - Worker kw3 processing /app/data/T0015/222062/b1841j9/RDK-Service/README.md
2025-11-10 17:04:31,924 - Knowledge - INFO - done ingest for /app/data/T0015/222062/b1841j9/RDK-Service/ActivityMonitor/ActivityMonitor.cpp
2025-11-10 17:04:31,937 - Knowledge - INFO - Processing batch of 16 files
2025-11-10 17:04:31,967 - Knowledge - INFO - [LLM_CALL] Completed: RoomImpl.h:chunk1, Duration: 91895ms, PromptTokens: 2792, CompletionTokens: 686, Cost: $0.00055
2025-11-10 17:04:31,987 - Knowledge - INFO - process ingested knowledge for /app/data/T0015/222062/b1841j9/RDK-Service/UserPreferences/CMakeLists.txt
2025-11-10 17:04:32,119 - Knowledge - INFO - Fast-tracked /app/data/T0015/222062/b1841j9/RDK-Service/helpers/UtilsLOG_MILESTONE.h (ext=.h, size=107)
2025-11-10 17:04:32,208 - Knowledge - INFO - Fast-tracked /app/data/T0015/222062/b1841j9/RDK-Service/README.md (ext=.md, size=22041)
2025-11-10 17:04:32,389 - Knowledge - INFO - process ingested knowledge for /app/data/T0015/222062/b1841j9/RDK-Service/OCIContainer/Module.cpp
2025-11-10 17:04:32,472 - Knowledge - INFO - process ingested knowledge for /app/data/T0015/222062/b1841j9/RDK-Service/docs/developerguide/FooPlugin/Module.h
2025-11-10 17:04:32,584 - Knowledge - INFO - done ingest for /app/data/T0015/222062/b1841j9/RDK-Service/Messenger/RoomImpl.h
2025-11-10 17:04:32,804 - Knowledge - INFO - Worker kw18 processing /app/data/T0015/222062/b1841j9/RDK-Service/helpers/UtilsgetRFCConfig.h
2025-11-10 17:04:33,053 - Knowledge - INFO - Worker kw3 processing /app/data/T0015/222062/b1841j9/RDK-Service/CompositeInput/CompositeInput.cpp
2025-11-10 17:04:33,246 - Knowledge - INFO - [kw5] Queue=356, InProgress=0, PendingWorkers=20/20, Completed=716/1376 (52.0%)
2025-11-10 17:04:33,261 - Knowledge - INFO - process ingested knowledge for /app/data/T0015/222062/b1841j9/RDK-Service/LoggingPreferences/Module.cpp
2025-11-10 17:04:34,013 - Knowledge - INFO - Fast-tracked /app/data/T0015/222062/b1841j9/RDK-Service/helpers/UtilsgetRFCConfig.h (ext=.h, size=340)
2025-11-10 17:04:34,078 - Knowledge - INFO - process ingested knowledge for /app/data/T0015/222062/b1841j9/RDK-Service/UserPreferences/UserPreferences.json
2025-11-10 17:04:34,165 - Knowledge - INFO - Worker kw3 processing /app/data/T0015/222062/b1841j9/RDK-Service/CompositeInput/Module.h
2025-11-10 17:04:34,258 - Knowledge - INFO - [LLM_CALL] Completed: MessengerJsonRpc.cpp:chunk1, Duration: 97130ms, PromptTokens: 3224, CompletionTokens: 529, Cost: $0.00053
2025-11-10 17:04:34,269 - Knowledge - INFO - Batch sizing: calculated=15, max_allowed=25, queue=356, active_workers=20/20
2025-11-10 17:04:34,517 - Knowledge - INFO - process ingested knowledge for /app/data/T0015/222062/b1841j9/RDK-Service/OCIContainer/CHANGELOG.md
2025-11-10 17:04:34,533 - Knowledge - INFO - process ingested knowledge for /app/data/T0015/222062/b1841j9/RDK-Service/docs/developerguide/FooPlugin/FooPluginPlugin.json
2025-11-10 17:04:34,695 - Knowledge - INFO - Worker kw18 processing /app/data/T0015/222062/b1841j9/RDK-Service/helpers/UtilscRunScript.h
2025-11-10 17:04:34,841 - Knowledge - INFO - [kw2] Queue=356, InProgress=0, PendingWorkers=20/20, Completed=726/1376 (52.8%)
2025-11-10 17:04:34,936 - Knowledge - INFO - Fast-tracked /app/data/T0015/222062/b1841j9/RDK-Service/CompositeInput/Module.h (ext=.h, size=878)
2025-11-10 17:04:35,025 - Knowledge - INFO - done ingest for /app/data/T0015/222062/b1841j9/RDK-Service/Messenger/MessengerJsonRpc.cpp
2025-11-10 17:04:35,519 - Knowledge - INFO - process ingested knowledge for /app/data/T0015/222062/b1841j9/RDK-Service/LoggingPreferences/CHANGELOG.md
2025-11-10 17:04:35,530 - Knowledge - INFO - [WEBSOCKET] Sent: Type=progress_update, Size: 293, Duration: 0ms
2025-11-10 17:04:35,853 - Knowledge - INFO - Fast-tracked /app/data/T0015/222062/b1841j9/RDK-Service/helpers/UtilscRunScript.h (ext=.h, size=508)
2025-11-10 17:04:35,973 - Knowledge - INFO - Batch sizing: calculated=15, max_allowed=25, queue=356, active_workers=20/20
2025-11-10 17:04:36,073 - Knowledge - INFO - process ingested knowledge for /app/data/T0015/222062/b1841j9/RDK-Service/OCIContainer/OCIContainer.cpp
2025-11-10 17:04:36,074 - Knowledge - INFO - process ingested knowledge for /app/data/T0015/222062/b1841j9/RDK-Service/docs/developerguide/FooPlugin/CMakeLists.txt
2025-11-10 17:04:36,087 - Knowledge - INFO - Worker kw3 processing /app/data/T0015/222062/b1841j9/RDK-Service/CompositeInput/CompositeInputPlugin.json
2025-11-10 17:04:36,470 - Knowledge - INFO - Processing batch of 18 files
2025-11-10 17:04:36,498 - Knowledge - INFO - Async storing batch of 15 embeddings
2025-11-10 17:04:36,518 - Knowledge - INFO - [WEBSOCKET] Sent: Type=unknown, Size: ?, Duration: 988ms
2025-11-10 17:04:36,593 - Knowledge - INFO - Worker kw18 processing /app/data/T0015/222062/b1841j9/RDK-Service/helpers/UtilsThreadRAII.h
2025-11-10 17:04:37,006 - Knowledge - INFO - process ingested knowledge for /app/data/T0015/222062/b1841j9/RDK-Service/UserPreferences/README.md
2025-11-10 17:04:37,313 - Knowledge - INFO - Fast-tracked /app/data/T0015/222062/b1841j9/RDK-Service/CompositeInput/CompositeInputPlugin.json (ext=.json, size=494)
2025-11-10 17:04:37,321 - Knowledge - INFO - process ingested knowledge for /app/data/T0015/222062/b1841j9/RDK-Service/DTV/Module.cpp
2025-11-10 17:04:37,683 - Knowledge - INFO - Worker kw5 processing /app/data/T0015/222062/b1841j9/RDK-Service/helpers/WebSockets/CommunicationInterface/BinaryInterface.h
2025-11-10 17:04:37,750 - Knowledge - INFO - Progress: 53.0% | Files: 734/1376 | Rate: 1.39 files/sec | Queue: 341
2025-11-10 17:04:37,764 - Knowledge - INFO - [LLM_CALL] Completed: HdmiCec.h:chunk1, Duration: 23806ms, PromptTokens: 4730, CompletionTokens: 761, Cost: $0.00078
2025-11-10 17:04:37,845 - Knowledge - INFO - Fast-tracked /app/data/T0015/222062/b1841j9/RDK-Service/helpers/UtilsThreadRAII.h (ext=.h, size=714)
2025-11-10 17:04:37,908 - Knowledge - INFO - process ingested knowledge for /app/data/T0015/222062/b1841j9/RDK-Service/HdmiCecSource/Module.h
2025-11-10 17:04:37,915 - Knowledge - INFO - process ingested knowledge for /app/data/T0015/222062/b1841j9/RDK-Service/docs/developerguide/FooPlugin/FooPlugin.h
2025-11-10 17:04:37,915 - Knowledge - INFO - process ingested knowledge for /app/data/T0015/222062/b1841j9/RDK-Service/LoggingPreferences/LoggingPreferences.h
2025-11-10 17:04:38,194 - Knowledge - INFO - Worker kw3 processing /app/data/T0015/222062/b1841j9/RDK-Service/CompositeInput/CMakeLists.txt
2025-11-10 17:04:38,724 - Knowledge - INFO - Fast-tracked /app/data/T0015/222062/b1841j9/RDK-Service/helpers/WebSockets/CommunicationInterface/BinaryInterface.h (ext=.h, size=1699)
2025-11-10 17:04:39,021 - Knowledge - INFO - done ingest for /app/data/T0015/222062/b1841j9/RDK-Service/HdmiCec/HdmiCec.h
2025-11-10 17:04:39,052 - Knowledge - INFO - [LLM_CALL] Completed: TraceOutput.cpp:chunk1, Duration: 119911ms, PromptTokens: 3756, CompletionTokens: 681, Cost: $0.00065
2025-11-10 17:04:39,145 - Knowledge - INFO - process ingested knowledge for /app/data/T0015/222062/b1841j9/RDK-Service/UserPreferences/Module.cpp
2025-11-10 17:04:39,146 - Knowledge - INFO - process ingested knowledge for /app/data/T0015/222062/b1841j9/RDK-Service/DTV/CHANGELOG.md
2025-11-10 17:04:39,148 - Knowledge - INFO - [kw14] Queue=326, InProgress=0, PendingWorkers=20/20, Completed=739/1376 (53.7%)
2025-11-10 17:04:39,159 - Knowledge - INFO - Worker kw18 processing /app/data/T0015/222062/b1841j9/RDK-Service/helpers/UtilsTelemetry.h
2025-11-10 17:04:39,437 - Knowledge - INFO - process ingested knowledge for /app/data/T0015/222062/b1841j9/RDK-Service/HdmiCecSource/HDMICecSource.json
2025-11-10 17:04:39,437 - Knowledge - INFO - process ingested knowledge for /app/data/T0015/222062/b1841j9/RDK-Service/docs/developerguide/FooPlugin/FooPlugin.json
2025-11-10 17:04:39,524 - Knowledge - INFO - Fast-tracked /app/data/T0015/222062/b1841j9/RDK-Service/CompositeInput/CMakeLists.txt (ext=.txt, size=1994)
2025-11-10 17:04:39,609 - Knowledge - INFO - Worker kw5 processing /app/data/T0015/222062/b1841j9/RDK-Service/helpers/WebSockets/CommunicationInterface/JsonRpcInterface.h
2025-11-10 17:04:39,639 - Knowledge - INFO - process ingested knowledge for /app/data/T0015/222062/b1841j9/RDK-Service/StateObserver/StateObserverPlugin.json
2025-11-10 17:04:39,858 - Knowledge - INFO - done ingest for /app/data/T0015/222062/b1841j9/RDK-Service/PerformanceMetrics/TraceOutput.cpp
2025-11-10 17:04:39,860 - Knowledge - INFO - Async storing batch of 15 embeddings
2025-11-10 17:04:39,947 - Knowledge - INFO - [LLM_CALL] Completed: ActivityMonitor.h:chunk1, Duration: 27893ms, PromptTokens: 2262, CompletionTokens: 556, Cost: $0.00045
2025-11-10 17:04:40,178 - Knowledge - INFO - Batch sizing: calculated=15, max_allowed=25, queue=326, active_workers=20/20
2025-11-10 17:04:40,297 - Knowledge - INFO - Fast-tracked /app/data/T0015/222062/b1841j9/RDK-Service/helpers/UtilsTelemetry.h (ext=.h, size=1189)
2025-11-10 17:04:40,632 - Knowledge - INFO - Worker kw3 processing /app/data/T0015/222062/b1841j9/RDK-Service/CompositeInput/cmake/FindIARMBus.cmake
2025-11-10 17:04:40,908 - Knowledge - INFO - Worker kw5 processing /app/data/T0015/222062/b1841j9/RDK-Service/helpers/WebSockets/CommunicationInterface/CommandInterface.h
2025-11-10 17:04:40,908 - Knowledge - INFO - process ingested knowledge for /app/data/T0015/222062/b1841j9/RDK-Service/UserPreferences/UserPreferences.h
2025-11-10 17:04:41,053 - Knowledge - INFO - process ingested knowledge for /app/data/T0015/222062/b1841j9/RDK-Service/CMakeLists.txt
2025-11-10 17:04:41,317 - Knowledge - INFO - Worker kw2 processing /app/data/T0015/222062/b1841j9/RDK-Service/helpers/UtilsisValidInt.h
2025-11-10 17:04:41,448 - Knowledge - INFO - process ingested knowledge for /app/data/T0015/222062/b1841j9/RDK-Service/docs/developerguide/FooPlugin/Module.cpp
2025-11-10 17:04:41,473 - Knowledge - INFO - done ingest for /app/data/T0015/222062/b1841j9/RDK-Service/ActivityMonitor/ActivityMonitor.h
2025-11-10 17:04:41,474 - Knowledge - INFO - process ingested knowledge for /app/data/T0015/222062/b1841j9/RDK-Service/HdmiCecSource/CMakeLists.txt
2025-11-10 17:04:41,604 - Knowledge - INFO - [LLM_CALL] Completed: RemoteControl.cpp:chunk1, Duration: 23872ms, PromptTokens: 19890, CompletionTokens: 1089, Cost: $0.00242
2025-11-10 17:04:41,856 - Knowledge - INFO - process ingested knowledge for /app/data/T0015/222062/b1841j9/RDK-Service/StateObserver/test/Module.h
2025-11-10 17:04:41,858 - Knowledge - INFO - Worker kw18 processing /app/data/T0015/222062/b1841j9/RDK-Service/helpers/WebSockets/WSEndpoint.cpp
2025-11-10 17:04:41,940 - Knowledge - INFO - Fast-tracked /app/data/T0015/222062/b1841j9/RDK-Service/CompositeInput/cmake/FindIARMBus.cmake (ext=.cmake, size=1747)
2025-11-10 17:04:42,021 - Knowledge - INFO - Worker kw5 processing /app/data/T0015/222062/b1841j9/RDK-Service/helpers/WebSockets/JsonRpc/Response.cpp
2025-11-10 17:04:42,142 - Knowledge - INFO - process ingested knowledge for /app/data/T0015/222062/b1841j9/RDK-Service/UserPreferences/CHANGELOG.md
2025-11-10 17:04:42,180 - Knowledge - INFO - process ingested knowledge for /app/data/T0015/222062/b1841j9/RDK-Service/PersistentStore/PersistentStore.h
2025-11-10 17:04:42,312 - Knowledge - INFO - Fast-tracked /app/data/T0015/222062/b1841j9/RDK-Service/helpers/UtilsisValidInt.h (ext=.h, size=898)
2025-11-10 17:04:42,904 - Knowledge - INFO - done ingest for /app/data/T0015/222062/b1841j9/RDK-Service/RemoteControl/RemoteControl.cpp
2025-11-10 17:04:43,157 - Knowledge - INFO - [LLM_CALL] Completed: Messenger.cpp:chunk1, Duration: 110510ms, PromptTokens: 3980, CompletionTokens: 618, Cost: $0.00065
2025-11-10 17:04:43,210 - Knowledge - INFO - process ingested knowledge for /app/data/T0015/222062/b1841j9/RDK-Service/HdmiCecSource/HdmiCecSourcePlugin.json
2025-11-10 17:04:43,410 - Knowledge - INFO - Worker kw18 processing /app/data/T0015/222062/b1841j9/RDK-Service/helpers/WebSockets/PingPong/PingPongDisabled.h
2025-11-10 17:04:43,539 - Knowledge - INFO - Worker kw3 processing /app/data/T0015/222062/b1841j9/RDK-Service/CompositeInput/cmake/FindDS.cmake
2025-11-10 17:04:43,633 - Knowledge - INFO - process ingested knowledge for /app/data/T0015/222062/b1841j9/RDK-Service/StateObserver/test/CMakeLists.txt
2025-11-10 17:04:43,949 - Knowledge - INFO - Worker kw5 processing /app/data/T0015/222062/b1841j9/RDK-Service/helpers/WebSockets/JsonRpc/Notification.cpp
2025-11-10 17:04:44,150 - Knowledge - INFO - process ingested knowledge for /app/data/T0015/222062/b1841j9/RDK-Service/SystemServices/uploadlogs.h
2025-11-10 17:04:44,151 - Knowledge - INFO - process ingested knowledge for /app/data/T0015/222062/b1841j9/RDK-Service/PersistentStore/Module.h
2025-11-10 17:04:44,204 - Knowledge - INFO - Worker kw2 processing /app/data/T0015/222062/b1841j9/RDK-Service/helpers/UtilssyncPersistFile.h
2025-11-10 17:04:44,407 - Knowledge - INFO - done ingest for /app/data/T0015/222062/b1841j9/RDK-Service/Messenger/Messenger.cpp
2025-11-10 17:04:44,407 - Knowledge - INFO - [kw17] Queue=311, InProgress=0, PendingWorkers=20/20, Completed=753/1376 (54.7%)
2025-11-10 17:04:44,409 - Knowledge - INFO - Async storing batch of 20 embeddings
2025-11-10 17:04:44,409 - Knowledge - INFO - [kw1] Queue=311, InProgress=0, PendingWorkers=20/20, Completed=753/1376 (54.7%)
2025-11-10 17:04:44,411 - Knowledge - INFO - [LLM_CALL] Completed: MotionDetection.cpp:chunk1, Duration: 29138ms, PromptTokens: 8030, CompletionTokens: 980, Cost: $0.00119
2025-11-10 17:04:44,525 - Knowledge - INFO - process ingested knowledge for /app/data/T0015/222062/b1841j9/RDK-Service/HdmiCecSource/README.md
2025-11-10 17:04:44,631 - Knowledge - INFO - Fast-tracked /app/data/T0015/222062/b1841j9/RDK-Service/helpers/WebSockets/PingPong/PingPongDisabled.h (ext=.h, size=1228)
2025-11-10 17:04:44,706 - Knowledge - INFO - Worker kw3 processing /app/data/T0015/222062/b1841j9/RDK-Service/CompositeInput/CompositeInput.h
2025-11-10 17:04:44,816 - Knowledge - INFO - process ingested knowledge for /app/data/T0015/222062/b1841j9/RDK-Service/StateObserver/test/STOBSThunderClient.cpp
2025-11-10 17:04:44,890 - Knowledge - INFO - Fast-tracked /app/data/T0015/222062/b1841j9/RDK-Service/helpers/WebSockets/JsonRpc/Notification.cpp (ext=.cpp, size=1518)
2025-11-10 17:04:44,965 - Knowledge - INFO - process ingested knowledge for /app/data/T0015/222062/b1841j9/RDK-Service/SystemServices/Module.h
2025-11-10 17:04:45,071 - Knowledge - INFO - process ingested knowledge for /app/data/T0015/222062/b1841j9/RDK-Service/PersistentStore/l0test/PersistentStoreImplementationMock.h
2025-11-10 17:04:45,177 - Knowledge - INFO - Fast-tracked /app/data/T0015/222062/b1841j9/RDK-Service/helpers/UtilssyncPersistFile.h (ext=.h, size=838)
2025-11-10 17:04:45,375 - Knowledge - INFO - Batch sizing: calculated=15, max_allowed=25, queue=311, active_workers=20/20
2025-11-10 17:04:45,497 - Knowledge - INFO - Worker kw14 processing /app/data/T0015/222062/b1841j9/RDK-Service/XCast/XCast.cpp
2025-11-10 17:04:45,615 - Knowledge - INFO - Batch sizing: calculated=15, max_allowed=25, queue=311, active_workers=20/20
2025-11-10 17:04:45,959 - Knowledge - INFO - done ingest for /app/data/T0015/222062/b1841j9/RDK-Service/MotionDetection/MotionDetection.cpp
2025-11-10 17:04:46,085 - Knowledge - WARNING - File /app/data/T0015/222062/b1841j9/RDK-Service/RDKShell/RDKShell.h not successfully processed
2025-11-10 17:04:46,244 - Knowledge - INFO - Worker kw18 processing /app/data/T0015/222062/b1841j9/RDK-Service/helpers/WebSockets/PingPong/PingPongEnabled.h
2025-11-10 17:04:46,334 - Knowledge - INFO - process ingested knowledge for /app/data/T0015/222062/b1841j9/RDK-Service/HdmiCecSource/Module.cpp
2025-11-10 17:04:46,364 - Knowledge - INFO - [kw15] Queue=311, InProgress=0, PendingWorkers=20/20, Completed=755/1376 (54.9%)
2025-11-10 17:04:46,373 - Knowledge - INFO - Processing batch of 15 files
2025-11-10 17:04:46,412 - Knowledge - INFO - Worker kw3 processing /app/data/T0015/222062/b1841j9/RDK-Service/CompositeInput/README.md
2025-11-10 17:04:46,490 - Knowledge - INFO - [LLM_CALL] Completed: SyslogOutput.cpp:chunk1, Duration: 124602ms, PromptTokens: 9566, CompletionTokens: 884, Cost: $0.00131
2025-11-10 17:04:46,577 - Knowledge - INFO - Worker kw5 processing /app/data/T0015/222062/b1841j9/RDK-Service/helpers/WebSockets/JsonRpc/Request.cpp
2025-11-10 17:04:46,580 - Knowledge - INFO - process ingested knowledge for /app/data/T0015/222062/b1841j9/RDK-Service/StateObserver/Module.h
2025-11-10 17:04:46,738 - Knowledge - INFO - process ingested knowledge for /app/data/T0015/222062/b1841j9/RDK-Service/SystemServices/platformcaps/platformcapsdata.h
2025-11-10 17:04:46,896 - Knowledge - INFO - process ingested knowledge for /app/data/T0015/222062/b1841j9/RDK-Service/PersistentStore/l0test/CMakeLists.txt
2025-11-10 17:04:46,940 - Knowledge - INFO - Worker kw2 processing /app/data/T0015/222062/b1841j9/RDK-Service/helpers/UtilsLogging.h
2025-11-10 17:04:47,105 - Knowledge - INFO - Worker kw14 processing /app/data/T0015/222062/b1841j9/RDK-Service/XCast/Module.h
2025-11-10 17:04:47,580 - Knowledge - INFO - Worker kw18 processing /app/data/T0015/222062/b1841j9/RDK-Service/helpers/WebSockets/WSEndpoint.h
2025-11-10 17:04:47,759 - Knowledge - INFO - process ingested knowledge for /app/data/T0015/222062/b1841j9/RDK-Service/HdmiCecSource/CHANGELOG.md
2025-11-10 17:04:47,940 - Knowledge - INFO - Batch sizing: calculated=15, max_allowed=25, queue=311, active_workers=20/20
2025-11-10 17:04:48,050 - Knowledge - INFO - process ingested knowledge for /app/data/T0015/222062/b1841j9/RDK-Service/docs/userguide/discover.md
2025-11-10 17:04:48,156 - Knowledge - INFO - Fast-tracked /app/data/T0015/222062/b1841j9/RDK-Service/CompositeInput/README.md (ext=.md, size=247)
2025-11-10 17:04:48,246 - Knowledge - INFO - done ingest for /app/data/T0015/222062/b1841j9/RDK-Service/PerformanceMetrics/SyslogOutput.cpp
2025-11-10 17:04:48,249 - Knowledge - INFO - Async storing batch of 15 embeddings
2025-11-10 17:04:48,249 - Knowledge - INFO - Async storing batch of 15 embeddings
2025-11-10 17:04:48,250 - Knowledge - INFO - [LLM_CALL] Completed: MotionDetection.h:chunk1, Duration: 29969ms, PromptTokens: 2512, CompletionTokens: 593, Cost: $0.00049
2025-11-10 17:04:48,327 - Knowledge - INFO - Fast-tracked /app/data/T0015/222062/b1841j9/RDK-Service/helpers/WebSockets/JsonRpc/Request.cpp (ext=.cpp, size=1781)
2025-11-10 17:04:48,452 - Knowledge - INFO - process ingested knowledge for /app/data/T0015/222062/b1841j9/RDK-Service/StateObserver/StateObserver.cpp
2025-11-10 17:04:48,666 - Knowledge - INFO - process ingested knowledge for /app/data/T0015/222062/b1841j9/RDK-Service/PersistentStore/l0test/ServiceMock.h
2025-11-10 17:04:48,704 - Knowledge - INFO - Fast-tracked /app/data/T0015/222062/b1841j9/RDK-Service/helpers/UtilsLogging.h (ext=.h, size=1131)
2025-11-10 17:04:48,785 - Knowledge - INFO - Fast-tracked /app/data/T0015/222062/b1841j9/RDK-Service/XCast/Module.h (ext=.h, size=869)
2025-11-10 17:04:48,881 - Knowledge - INFO - Worker kw18 processing /app/data/T0015/222062/b1841j9/RDK-Service/helpers/WebSockets/Roles/SingleClientServer.h
2025-11-10 17:04:48,958 - Knowledge - INFO - process ingested knowledge for /app/data/T0015/222062/b1841j9/RDK-Service/DTV/Module.h
2025-11-10 17:04:49,208 - Knowledge - INFO - Worker kw3 processing /app/data/T0015/222062/b1841j9/RDK-Service/CompositeInput/CompositeInput.json
2025-11-10 17:04:49,229 - Knowledge - INFO - process ingested knowledge for /app/data/T0015/222062/b1841j9/RDK-Service/docs/userguide/clients.md
2025-11-10 17:04:49,511 - Knowledge - INFO - Worker kw17 processing /app/data/T0015/222062/b1841j9/RDK-Service/Tests/L1Tests/CMakeLists.txt
2025-11-10 17:04:49,761 - Knowledge - INFO - Worker kw1 processing /app/data/T0015/222062/b1841j9/RDK-Service/Tests/L1Tests/tests/test_LocationSync.cpp
2025-11-10 17:04:50,026 - Knowledge - INFO - done ingest for /app/data/T0015/222062/b1841j9/RDK-Service/MotionDetection/MotionDetection.h
2025-11-10 17:04:50,064 - Knowledge - INFO - Async storing batch of 19 embeddings
2025-11-10 17:04:50,180 - Knowledge - INFO - Worker kw5 processing /app/data/T0015/222062/b1841j9/RDK-Service/helpers/WebSockets/JsonRpc/Response.h
2025-11-10 17:04:50,229 - Knowledge - INFO - [WEBSOCKET] Sent: Type=progress_update, Size: 292, Duration: 0ms
2025-11-10 17:04:50,353 - Knowledge - ERROR - Timeout processing /app/data/T0015/222062/b1841j9/RDK-Service/PerformanceMetrics/PerformanceMetrics.cpp after 90s
2025-11-10 17:04:50,370 - Knowledge - INFO - process ingested knowledge for /app/data/T0015/222062/b1841j9/RDK-Service/StateObserver/CMakeLists.txt
2025-11-10 17:04:50,496 - Knowledge - INFO - process ingested knowledge for /app/data/T0015/222062/b1841j9/RDK-Service/PersistentStore/sqlite/Store2.h
2025-11-10 17:04:50,497 - Knowledge - INFO - Worker kw2 processing /app/data/T0015/222062/b1841j9/RDK-Service/helpers/UtilsInputValidator.h
2025-11-10 17:04:50,576 - Knowledge - INFO - Worker kw14 processing /app/data/T0015/222062/b1841j9/RDK-Service/XCast/XCastCommon.h
2025-11-10 17:04:50,660 - Knowledge - INFO - Worker kw18 processing /app/data/T0015/222062/b1841j9/RDK-Service/helpers/WebSockets/Roles/Client.h
2025-11-10 17:04:50,754 - Knowledge - INFO - process ingested knowledge for /app/data/T0015/222062/b1841j9/RDK-Service/DTV/DTV.json
2025-11-10 17:04:50,815 - Knowledge - INFO - Fast-tracked /app/data/T0015/222062/b1841j9/RDK-Service/CompositeInput/CompositeInput.json (ext=.json, size=11545)
2025-11-10 17:04:50,895 - Knowledge - INFO - process ingested knowledge for /app/data/T0015/222062/b1841j9/RDK-Service/docs/userguide/aat.md
2025-11-10 17:04:51,009 - Knowledge - INFO - Fast-tracked /app/data/T0015/222062/b1841j9/RDK-Service/Tests/L1Tests/CMakeLists.txt (ext=.txt, size=5558)
2025-11-10 17:04:51,089 - Knowledge - INFO - Fast-tracked /app/data/T0015/222062/b1841j9/RDK-Service/Tests/L1Tests/tests/test_LocationSync.cpp (ext=.cpp, size=8283)
2025-11-10 17:04:51,307 - Knowledge - INFO - Worker kw15 processing /app/data/T0015/222062/b1841j9/RDK-Service/Tests/L1Tests/tests/test_RDKShell.cpp
2025-11-10 17:04:51,433 - Knowledge - INFO - Fast-tracked /app/data/T0015/222062/b1841j9/RDK-Service/helpers/WebSockets/JsonRpc/Response.h (ext=.h, size=1276)
2025-11-10 17:04:51,585 - Knowledge - INFO - [WEBSOCKET] Sent: Type=unknown, Size: ?, Duration: 1356ms
2025-11-10 17:04:51,681 - Knowledge - ERROR - Timeout processing /app/data/T0015/222062/b1841j9/RDK-Service/PerformanceMetrics/PerformanceMetrics.h after 90s
2025-11-10 17:04:51,954 - Knowledge - INFO - process ingested knowledge for /app/data/T0015/222062/b1841j9/RDK-Service/StateObserver/StateObserver.json
2025-11-10 17:04:51,955 - Knowledge - INFO - process ingested knowledge for /app/data/T0015/222062/b1841j9/RDK-Service/PersistentStore/sqlite/l1test/WorkerPoolImplementation.h
2025-11-10 17:04:52,191 - Knowledge - INFO - Worker kw2 processing /app/data/T0015/222062/b1841j9/RDK-Service/helpers/UtilsSynchro.hpp
2025-11-10 17:04:52,337 - Knowledge - INFO - Fast-tracked /app/data/T0015/222062/b1841j9/RDK-Service/XCast/XCastCommon.h (ext=.h, size=1520)
2025-11-10 17:04:52,615 - Knowledge - INFO - Worker kw18 processing /app/data/T0015/222062/b1841j9/RDK-Service/helpers/WebSockets/ConnectionInitializationResult.h
2025-11-10 17:04:52,812 - Knowledge - INFO - Worker kw3 processing /app/data/T0015/222062/b1841j9/RDK-Service/CompositeInput/Module.cpp
2025-11-10 17:04:53,034 - Knowledge - INFO - process ingested knowledge for /app/data/T0015/222062/b1841j9/RDK-Service/DTV/CMakeLists.txt
2025-11-10 17:04:53,053 - Knowledge - INFO - Worker kw17 processing /app/data/T0015/222062/b1841j9/RDK-Service/Tests/L1Tests/README.md
2025-11-10 17:04:53,057 - Knowledge - INFO - process ingested knowledge for /app/data/T0015/222062/b1841j9/RDK-Service/docs/userguide/start.md
2025-11-10 17:04:53,208 - Knowledge - INFO - Worker kw1 processing /app/data/T0015/222062/b1841j9/RDK-Service/Tests/L1Tests/tests/test_TraceControlWeb.cpp
2025-11-10 17:04:53,361 - Knowledge - INFO - Fast-tracked /app/data/T0015/222062/b1841j9/RDK-Service/Tests/L1Tests/tests/test_RDKShell.cpp (ext=.cpp, size=40804)
2025-11-10 17:04:53,488 - Knowledge - INFO - Worker kw5 processing /app/data/T0015/222062/b1841j9/RDK-Service/helpers/WebSockets/JsonRpc/Notification.h
2025-11-10 17:04:53,730 - Knowledge - INFO - Progress: 56.2% | Files: 781/1376 | Rate: 1.44 files/sec | Queue: 266
2025-11-10 17:04:53,748 - Knowledge - INFO - Processing batch of 18 files
2025-11-10 17:04:54,097 - Knowledge - INFO - process ingested knowledge for /app/data/T0015/222062/b1841j9/RDK-Service/StateObserver/README.md
2025-11-10 17:04:54,126 - Knowledge - INFO - Processing batch of 19 files
2025-11-10 17:04:54,134 - Knowledge - INFO - Processing batch of 15 files
2025-11-10 17:04:54,183 - Knowledge - INFO - [kw10] Queue=266, InProgress=0, PendingWorkers=20/20, Completed=795/1376 (57.8%)
2025-11-10 17:04:54,183 - Knowledge - WARNING - File /app/data/T0015/222062/b1841j9/RDK-Service/PerformanceMetrics/PerformanceMetrics.cpp not successfully processed
2025-11-10 17:04:54,216 - Knowledge - INFO - process ingested knowledge for /app/data/T0015/222062/b1841j9/RDK-Service/PersistentStore/sqlite/l1test/Store2Test.cpp
2025-11-10 17:04:54,452 - Knowledge - INFO - Worker kw2 processing /app/data/T0015/222062/b1841j9/RDK-Service/helpers/UtilsLibraryLoader.h
2025-11-10 17:04:54,541 - Knowledge - INFO - Worker kw14 processing /app/data/T0015/222062/b1841j9/RDK-Service/XCast/XCastPlugin.json
2025-11-10 17:04:54,657 - Knowledge - INFO - Processing batch of 20 files
2025-11-10 17:04:54,663 - Knowledge - INFO - Fast-tracked /app/data/T0015/222062/b1841j9/RDK-Service/helpers/WebSockets/ConnectionInitializationResult.h (ext=.h, size=1319)
2025-11-10 17:04:54,878 - Knowledge - INFO - Fast-tracked /app/data/T0015/222062/b1841j9/RDK-Service/CompositeInput/Module.cpp (ext=.cpp, size=765)
2025-11-10 17:04:54,964 - Knowledge - INFO - process ingested knowledge for /app/data/T0015/222062/b1841j9/RDK-Service/DTV/cmake/FindDTVKit.cmake
2025-11-10 17:04:55,253 - Knowledge - INFO - Fast-tracked /app/data/T0015/222062/b1841j9/RDK-Service/Tests/L1Tests/README.md (ext=.md, size=2530)
2025-11-10 17:04:55,361 - Knowledge - INFO - process ingested knowledge for /app/data/T0015/222062/b1841j9/RDK-Service/docs/userguide/invoke.md
2025-11-10 17:04:55,400 - Knowledge - INFO - [LLM_CALL] Completed: HdmiCec.cpp:chunk1, Duration: 34665ms, PromptTokens: 20382, CompletionTokens: 1793, Cost: $0.00276
2025-11-10 17:04:55,472 - Knowledge - INFO - Fast-tracked /app/data/T0015/222062/b1841j9/RDK-Service/Tests/L1Tests/tests/test_TraceControlWeb.cpp (ext=.cpp, size=7684)
2025-11-10 17:04:55,554 - Knowledge - INFO - Worker kw15 processing /app/data/T0015/222062/b1841j9/RDK-Service/Tests/L1Tests/tests/test_LoggingPreferences.cpp
2025-11-10 17:04:55,635 - Knowledge - INFO - Fast-tracked /app/data/T0015/222062/b1841j9/RDK-Service/helpers/WebSockets/JsonRpc/Notification.h (ext=.h, size=1157)
2025-11-10 17:04:55,715 - Knowledge - INFO - [kw7] Queue=266, InProgress=0, PendingWorkers=20/20, Completed=802/1376 (58.3%)
2025-11-10 17:04:55,835 - Knowledge - INFO - process ingested knowledge for /app/data/T0015/222062/b1841j9/RDK-Service/SystemServices/TestClient/systemServiceTestClient.cpp
2025-11-10 17:04:55,922 - Knowledge - INFO - process ingested knowledge for /app/data/T0015/222062/b1841j9/RDK-Service/StateObserver/Module.cpp
2025-11-10 17:04:56,000 - Knowledge - INFO - process ingested knowledge for /app/data/T0015/222062/b1841j9/RDK-Service/FrontPanel/Module.cpp
2025-11-10 17:04:56,116 - Knowledge - INFO - process ingested knowledge for /app/data/T0015/222062/b1841j9/RDK-Service/HdmiCec/CMakeLists.txt
2025-11-10 17:04:56,222 - Knowledge - INFO - Batch sizing: calculated=15, max_allowed=25, queue=266, active_workers=20/20
2025-11-10 17:04:56,400 - Knowledge - INFO - process ingested knowledge for /app/data/T0015/222062/b1841j9/RDK-Service/PersistentStore/sqlite/l1test/Store2NotificationMock.h
2025-11-10 17:04:56,499 - Knowledge - INFO - Worker kw2 processing /app/data/T0015/222062/b1841j9/RDK-Service/helpers/UtilsCStr.h
2025-11-10 17:04:56,580 - Knowledge - INFO - Fast-tracked /app/data/T0015/222062/b1841j9/RDK-Service/XCast/XCastPlugin.json (ext=.json, size=682)
2025-11-10 17:04:56,654 - Knowledge - INFO - process ingested knowledge for /app/data/T0015/222062/b1841j9/RDK-Service/SystemServices/platformcaps/platformcapsdatarpc.cpp
2025-11-10 17:04:56,729 - Knowledge - INFO - Worker kw18 processing /app/data/T0015/222062/b1841j9/RDK-Service/helpers/WebSockets/Encryption/TlsEnabled.h
2025-11-10 17:04:56,817 - Knowledge - INFO - Worker kw3 processing /app/data/T0015/222062/b1841j9/RDK-Service/CompositeInput/CHANGELOG.md
2025-11-10 17:04:56,910 - Knowledge - INFO - process ingested knowledge for /app/data/T0015/222062/b1841j9/RDK-Service/DTV/DTVImpl.cpp
2025-11-10 17:04:57,035 - Knowledge - INFO - Worker kw17 processing /app/data/T0015/222062/b1841j9/RDK-Service/Tests/L1Tests/tests/test_HdcpProfile.cpp
2025-11-10 17:04:57,109 - Knowledge - INFO - process ingested knowledge for /app/data/T0015/222062/b1841j9/RDK-Service/docs/userguide/intro.md
2025-11-10 17:04:57,233 - Knowledge - INFO - done ingest for /app/data/T0015/222062/b1841j9/RDK-Service/HdmiCec/HdmiCec.cpp
2025-11-10 17:04:57,273 - Knowledge - WARNING - File /app/data/T0015/222062/b1841j9/RDK-Service/PerformanceMetrics/PerformanceMetrics.h not successfully processed
2025-11-10 17:04:57,322 - Knowledge - INFO - Worker kw1 processing /app/data/T0015/222062/b1841j9/RDK-Service/Tests/L1Tests/tests/test_DataCapture.cpp
2025-11-10 17:04:57,429 - Knowledge - INFO - Fast-tracked /app/data/T0015/222062/b1841j9/RDK-Service/Tests/L1Tests/tests/test_LoggingPreferences.cpp (ext=.cpp, size=9152)
2025-11-10 17:04:57,516 - Knowledge - INFO - Worker kw5 processing /app/data/T0015/222062/b1841j9/RDK-Service/helpers/WebSockets/JsonRpc/Request.h
2025-11-10 17:04:57,593 - Knowledge - INFO - Batch sizing: calculated=15, max_allowed=25, queue=266, active_workers=20/20
2025-11-10 17:04:57,681 - Knowledge - INFO - process ingested knowledge for /app/data/T0015/222062/b1841j9/RDK-Service/SystemServices/TestClient/CMakeLists.txt
2025-11-10 17:04:57,777 - Knowledge - INFO - process ingested knowledge for /app/data/T0015/222062/b1841j9/RDK-Service/StateObserver/CHANGELOG.md
2025-11-10 17:04:57,858 - Knowledge - INFO - process ingested knowledge for /app/data/T0015/222062/b1841j9/RDK-Service/FrontPanel/CHANGELOG.md
2025-11-10 17:04:57,937 - Knowledge - INFO - process ingested knowledge for /app/data/T0015/222062/b1841j9/RDK-Service/HdmiCec/HdmiCec.json
2025-11-10 17:04:58,030 - Knowledge - INFO - Async storing batch of 20 embeddings
2025-11-10 17:04:58,124 - Knowledge - INFO - process ingested knowledge for /app/data/T0015/222062/b1841j9/RDK-Service/PersistentStore/sqlite/l1test/CMakeLists.txt
2025-11-10 17:04:58,221 - Knowledge - INFO - Fast-tracked /app/data/T0015/222062/b1841j9/RDK-Service/helpers/UtilsCStr.h (ext=.h, size=43)
2025-11-10 17:04:58,301 - Knowledge - INFO - Worker kw14 processing /app/data/T0015/222062/b1841j9/RDK-Service/XCast/XCastImplementation.cpp
2025-11-10 17:04:58,414 - Knowledge - INFO - process ingested knowledge for /app/data/T0015/222062/b1841j9/RDK-Service/SystemServices/platformcaps/platformcaps.h
2025-11-10 17:04:58,488 - Knowledge - INFO - Worker kw18 processing /app/data/T0015/222062/b1841j9/RDK-Service/helpers/WebSockets/Encryption/NoEncryption.h
2025-11-10 17:04:58,571 - Knowledge - INFO - Fast-tracked /app/data/T0015/222062/b1841j9/RDK-Service/CompositeInput/CHANGELOG.md (ext=.md, size=1884)
2025-11-10 17:04:58,650 - Knowledge - INFO - process ingested knowledge for /app/data/T0015/222062/b1841j9/RDK-Service/DTV/DTVPlugin.json
2025-11-10 17:04:58,742 - Knowledge - INFO - Fast-tracked /app/data/T0015/222062/b1841j9/RDK-Service/Tests/L1Tests/tests/test_HdcpProfile.cpp (ext=.cpp, size=17654)
2025-11-10 17:04:58,825 - Knowledge - INFO - process ingested knowledge for /app/data/T0015/222062/b1841j9/RDK-Service/docs/userguide/quick-start.md
2025-11-10 17:04:59,010 - Knowledge - INFO - Processing batch of 15 files
2025-11-10 17:04:59,053 - Knowledge - INFO - Processing batch of 18 files
2025-11-10 17:04:59,091 - Knowledge - INFO - Fast-tracked /app/data/T0015/222062/b1841j9/RDK-Service/Tests/L1Tests/tests/test_DataCapture.cpp (ext=.cpp, size=12703)
2025-11-10 17:04:59,168 - Knowledge - INFO - Worker kw15 processing /app/data/T0015/222062/b1841j9/RDK-Service/Tests/L1Tests/tests/test_MiracastService.cpp
2025-11-10 17:04:59,251 - Knowledge - INFO - Fast-tracked /app/data/T0015/222062/b1841j9/RDK-Service/helpers/WebSockets/JsonRpc/Request.h (ext=.h, size=1283)
2025-11-10 17:04:59,325 - Knowledge - INFO - Async storing batch of 20 embeddings
2025-11-10 17:04:59,418 - Knowledge - INFO - process ingested knowledge for /app/data/T0015/222062/b1841j9/RDK-Service/SystemServices/StateObserverHelper.h
2025-11-10 17:04:59,502 - Knowledge - INFO - process ingested knowledge for /app/data/T0015/222062/b1841j9/RDK-Service/StateObserver/StateObserver.h
2025-11-10 17:04:59,581 - Knowledge - INFO - process ingested knowledge for /app/data/T0015/222062/b1841j9/RDK-Service/PlayerInfo/PlayerInfoPlugin.json
2025-11-10 17:04:59,671 - Knowledge - INFO - process ingested knowledge for /app/data/T0015/222062/b1841j9/RDK-Service/HdmiCec/README.md
2025-11-10 17:04:59,750 - Knowledge - INFO - Worker kw10 processing /app/data/T0015/222062/b1841j9/RDK-Service/Tests/L1Tests/tests/test_HdmiCec2.cpp
2025-11-10 17:04:59,857 - Knowledge - INFO - process ingested knowledge for /app/data/T0015/222062/b1841j9/RDK-Service/PersistentStore/PersistentStoreImplementation.h
2025-11-10 17:04:59,936 - Knowledge - INFO - Worker kw2 processing /app/data/T0015/222062/b1841j9/RDK-Service/helpers/UtilsController.h
2025-11-10 17:05:00,048 - Knowledge - INFO - Worker kw14 processing /app/data/T0015/222062/b1841j9/RDK-Service/XCast/CMakeLists.txt
2025-11-10 17:05:00,142 - Knowledge - INFO - process ingested knowledge for /app/data/T0015/222062/b1841j9/RDK-Service/SystemServices/platformcaps/platformcaps.cpp
2025-11-10 17:05:00,234 - Knowledge - INFO - Fast-tracked /app/data/T0015/222062/b1841j9/RDK-Service/helpers/WebSockets/Encryption/NoEncryption.h (ext=.h, size=1649)
2025-11-10 17:05:00,537 - Knowledge - INFO - Worker kw17 processing /app/data/T0015/222062/b1841j9/RDK-Service/Tests/L1Tests/tests/test_TextToSpeech.cpp
2025-11-10 17:05:00,706 - Knowledge - INFO - process ingested knowledge for /app/data/T0015/222062/b1841j9/RDK-Service/ActivityMonitor/ActivityMonitor.h
2025-11-10 17:05:00,721 - Knowledge - INFO - process ingested knowledge for /app/data/T0015/222062/b1841j9/RDK-Service/docs/README.md
2025-11-10 17:05:00,791 - Knowledge - INFO - process ingested knowledge for /app/data/T0015/222062/b1841j9/RDK-Service/PerformanceMetrics/PerformanceMetricsPlugin.json
2025-11-10 17:05:00,879 - Knowledge - INFO - Worker kw1 processing /app/data/T0015/222062/b1841j9/RDK-Service/Tests/L1Tests/tests/test_Packager.cpp
2025-11-10 17:05:00,965 - Knowledge - INFO - Fast-tracked /app/data/T0015/222062/b1841j9/RDK-Service/Tests/L1Tests/tests/test_MiracastService.cpp (ext=.cpp, size=90622)
2025-11-10 17:05:01,051 - Knowledge - INFO - Worker kw5 processing /app/data/T0015/222062/b1841j9/RDK-Service/helpers/frontpanel.cpp
2025-11-10 17:05:01,126 - Knowledge - INFO - Worker kw7 processing /app/data/T0015/222062/b1841j9/RDK-Service/Tests/L2Tests/L2TestsPlugin/tests/Analytics_L2Test.cpp
2025-11-10 17:05:01,327 - Knowledge - INFO - process ingested knowledge for /app/data/T0015/222062/b1841j9/RDK-Service/RDKShell/RDKShellPlugin.json
2025-11-10 17:05:01,602 - Knowledge - INFO - Fast-tracked /app/data/T0015/222062/b1841j9/RDK-Service/Tests/L1Tests/tests/test_HdmiCec2.cpp (ext=.cpp, size=28770)
2025-11-10 17:05:01,695 - Knowledge - INFO - process ingested knowledge for /app/data/T0015/222062/b1841j9/RDK-Service/PlayerInfo/Module.h
2025-11-10 17:05:01,696 - Knowledge - INFO - process ingested knowledge for /app/data/T0015/222062/b1841j9/RDK-Service/HdmiCec/HdmiCec.h
2025-11-10 17:05:01,780 - Knowledge - INFO - Worker kw2 processing /app/data/T0015/222062/b1841j9/RDK-Service/helpers/UtilsUnused.h
2025-11-10 17:05:01,870 - Knowledge - INFO - Fast-tracked /app/data/T0015/222062/b1841j9/RDK-Service/XCast/CMakeLists.txt (ext=.txt, size=2418)
2025-11-10 17:05:01,932 - Knowledge - INFO - process ingested knowledge for /app/data/T0015/222062/b1841j9/RDK-Service/PersistentStore/PersistentStore.json
2025-11-10 17:05:02,090 - Knowledge - INFO - Fast-tracked /app/data/T0015/222062/b1841j9/RDK-Service/helpers/UtilsIarm.h (small file (2289 bytes))
2025-11-10 17:05:02,114 - Knowledge - INFO - Fast-tracked /app/data/T0015/222062/b1841j9/RDK-Service/CompositeInput/cmake/FindDS.cmake (small file (2066 bytes))
2025-11-10 17:05:02,165 - Knowledge - INFO - Fast-tracked /app/data/T0015/222062/b1841j9/RDK-Service/Tests/L1Tests/tests/test_TextToSpeech.cpp (ext=.cpp, size=61163)
2025-11-10 17:05:02,241 - Knowledge - INFO - process ingested knowledge for /app/data/T0015/222062/b1841j9/RDK-Service/SystemServices/platformcaps/platformcapsdata.cpp
2025-11-10 17:05:02,418 - Knowledge - INFO - process ingested knowledge for /app/data/T0015/222062/b1841j9/RDK-Service/ActivityMonitor/Module.cpp
2025-11-10 17:05:02,597 - Knowledge - INFO - Fast-tracked /app/data/T0015/222062/b1841j9/RDK-Service/Tests/L1Tests/tests/test_Packager.cpp (ext=.cpp, size=3680)
2025-11-10 17:05:02,601 - Knowledge - INFO - process ingested knowledge for /app/data/T0015/222062/b1841j9/RDK-Service/docs/index.html
2025-11-10 17:05:02,602 - Knowledge - INFO - process ingested knowledge for /app/data/T0015/222062/b1841j9/RDK-Service/PerformanceMetrics/Module.h
2025-11-10 17:05:02,717 - Knowledge - INFO - Worker kw15 processing /app/data/T0015/222062/b1841j9/RDK-Service/Tests/L1Tests/tests/test_MotionDetection.cpp
2025-11-10 17:05:02,807 - Knowledge - INFO - Worker kw5 processing /app/data/T0015/222062/b1841j9/RDK-Service/helpers/cSettings.h
2025-11-10 17:05:02,904 - Knowledge - INFO - Fast-tracked /app/data/T0015/222062/b1841j9/RDK-Service/Tests/L2Tests/L2TestsPlugin/tests/Analytics_L2Test.cpp (ext=.cpp, size=12979)
2025-11-10 17:05:03,138 - Knowledge - INFO - Worker kw10 processing /app/data/T0015/222062/b1841j9/RDK-Service/Tests/L1Tests/tests/test_TraceControlJsonRpc.cpp
2025-11-10 17:05:03,279 - Knowledge - INFO - process ingested knowledge for /app/data/T0015/222062/b1841j9/RDK-Service/RDKShell/Module.h
2025-11-10 17:05:03,280 - Knowledge - INFO - process ingested knowledge for /app/data/T0015/222062/b1841j9/RDK-Service/PlayerInfo/Dolby/include/Dolby.h
2025-11-10 17:05:03,442 - Knowledge - INFO - Fast-tracked /app/data/T0015/222062/b1841j9/RDK-Service/helpers/UtilsUnused.h (ext=.h, size=47)
2025-11-10 17:05:03,486 - Knowledge - INFO - process ingested knowledge for /app/data/T0015/222062/b1841j9/RDK-Service/HdmiCec/Module.cpp
2025-11-10 17:05:03,531 - Knowledge - INFO - Worker kw14 processing /app/data/T0015/222062/b1841j9/RDK-Service/XCast/XCastNotifier.h
2025-11-10 17:05:03,814 - Knowledge - INFO - process ingested knowledge for /app/data/T0015/222062/b1841j9/RDK-Service/PersistentStore/CMakeLists.txt
2025-11-10 17:05:03,883 - Knowledge - INFO - Worker kw17 processing /app/data/T0015/222062/b1841j9/RDK-Service/Tests/L1Tests/tests/test_DeviceDiagnostics.cpp
2025-11-10 17:05:04,100 - Knowledge - INFO - process ingested knowledge for /app/data/T0015/222062/b1841j9/RDK-Service/SystemServices/SystemPlugin.json
2025-11-10 17:05:04,161 - Knowledge - INFO - Worker kw1 processing /app/data/T0015/222062/b1841j9/RDK-Service/Tests/L1Tests/tests/test_OCIContainer.cpp
2025-11-10 17:05:04,245 - Knowledge - INFO - process ingested knowledge for /app/data/T0015/222062/b1841j9/RDK-Service/ActivityMonitor/CHANGELOG.md
2025-11-10 17:05:04,400 - Knowledge - INFO - process ingested knowledge for /app/data/T0015/222062/b1841j9/RDK-Service/ActivityMonitor/Module.h
2025-11-10 17:05:04,400 - Knowledge - INFO - process ingested knowledge for /app/data/T0015/222062/b1841j9/RDK-Service/PerformanceMetrics/CMakeLists.txt
2025-11-10 17:05:04,445 - Knowledge - INFO - Fast-tracked /app/data/T0015/222062/b1841j9/RDK-Service/Tests/L1Tests/tests/test_MotionDetection.cpp (ext=.cpp, size=12926)
2025-11-10 17:05:04,594 - Knowledge - INFO - Worker kw5 processing /app/data/T0015/222062/b1841j9/RDK-Service/helpers/UtilsBIT.h
2025-11-10 17:05:04,682 - Knowledge - INFO - Worker kw7 processing /app/data/T0015/222062/b1841j9/RDK-Service/Tests/L2Tests/L2TestsPlugin/tests/UserSettings_L2Test.cpp
2025-11-10 17:05:04,822 - Knowledge - INFO - Fast-tracked /app/data/T0015/222062/b1841j9/RDK-Service/Tests/L1Tests/tests/test_TraceControlJsonRpc.cpp (ext=.cpp, size=6810)
2025-11-10 17:05:05,105 - Knowledge - INFO - Worker kw2 processing /app/data/T0015/222062/b1841j9/RDK-Service/helpers/tptimer.h
2025-11-10 17:05:05,254 - Knowledge - INFO - process ingested knowledge for /app/data/T0015/222062/b1841j9/RDK-Service/RDKShell/RialtoConnector.h
2025-11-10 17:05:05,255 - Knowledge - INFO - [WEBSOCKET] Sent: Type=progress_update, Size: 293, Duration: 0ms
2025-11-10 17:05:05,257 - Knowledge - INFO - process ingested knowledge for /app/data/T0015/222062/b1841j9/RDK-Service/HdmiCec/CHANGELOG.md
2025-11-10 17:05:05,257 - Knowledge - INFO - process ingested knowledge for /app/data/T0015/222062/b1841j9/RDK-Service/PlayerInfo/Dolby/DolbyOutput.cpp
2025-11-10 17:05:05,298 - Knowledge - INFO - Fast-tracked /app/data/T0015/222062/b1841j9/RDK-Service/XCast/XCastNotifier.h (ext=.h, size=1524)
2025-11-10 17:05:05,433 - Knowledge - INFO - Async storage completed for 19 embeddings
2025-11-10 17:05:05,503 - Knowledge - INFO - process ingested knowledge for /app/data/T0015/222062/b1841j9/RDK-Service/PersistentStore/PersistentStoreJsonRpc.cpp
2025-11-10 17:05:05,534 - Knowledge - INFO - Fast-tracked /app/data/T0015/222062/b1841j9/RDK-Service/Tests/L1Tests/tests/test_DeviceDiagnostics.cpp (ext=.cpp, size=3480)
2025-11-10 17:05:05,744 - Knowledge - INFO - Fast-tracked /app/data/T0015/222062/b1841j9/RDK-Service/Tests/L1Tests/tests/test_OCIContainer.cpp (ext=.cpp, size=11006)
2025-11-10 17:05:05,835 - Knowledge - INFO - process ingested knowledge for /app/data/T0015/222062/b1841j9/RDK-Service/SystemServices/thermonitor.cpp
2025-11-10 17:05:05,857 - Knowledge - INFO - process ingested knowledge for /app/data/T0015/222062/b1841j9/RDK-Service/MotionDetection/Module.h
2025-11-10 17:05:05,992 - Knowledge - INFO - process ingested knowledge for /app/data/T0015/222062/b1841j9/RDK-Service/ActivityMonitor/ActivityMonitorPlugin.json
2025-11-10 17:05:06,099 - Knowledge - INFO - Worker kw15 processing /app/data/T0015/222062/b1841j9/RDK-Service/Tests/L1Tests/tests/test_ActivityMonitor.cpp
2025-11-10 17:05:06,158 - Knowledge - INFO - process ingested knowledge for /app/data/T0015/222062/b1841j9/RDK-Service/PerformanceMetrics/TraceOutput.cpp
2025-11-10 17:05:06,208 - Knowledge - INFO - Fast-tracked /app/data/T0015/222062/b1841j9/RDK-Service/helpers/UtilsBIT.h (ext=.h, size=609)
2025-11-10 17:05:06,294 - Knowledge - INFO - Fast-tracked /app/data/T0015/222062/b1841j9/RDK-Service/Tests/L2Tests/L2TestsPlugin/tests/UserSettings_L2Test.cpp (ext=.cpp, size=147448)
2025-11-10 17:05:06,378 - Knowledge - INFO - Worker kw10 processing /app/data/T0015/222062/b1841j9/RDK-Service/Tests/clang.cmake
2025-11-10 17:05:06,419 - Knowledge - INFO - Fast-tracked /app/data/T0015/222062/b1841j9/RDK-Service/helpers/WebSockets/WSEndpoint.h (small file (2873 bytes))
2025-11-10 17:05:06,466 - Knowledge - INFO - Worker kw2 processing /app/data/T0015/222062/b1841j9/RDK-Service/helpers/UtilsFile.h
2025-11-10 17:05:06,622 - Knowledge - INFO - [WEBSOCKET] Sent: Type=unknown, Size: ?, Duration: 1367ms
2025-11-10 17:05:06,628 - Knowledge - INFO - process ingested knowledge for /app/data/T0015/222062/b1841j9/RDK-Service/RDKShell/RDKShell.cpp
2025-11-10 17:05:06,742 - Knowledge - INFO - process ingested knowledge for /app/data/T0015/222062/b1841j9/RDK-Service/RemoteControl/test/Module.h
2025-11-10 17:05:06,913 - Knowledge - INFO - Worker kw14 processing /app/data/T0015/222062/b1841j9/RDK-Service/XCast/XCast.h
2025-11-10 17:05:06,943 - Knowledge - INFO - process ingested knowledge for /app/data/T0015/222062/b1841j9/RDK-Service/PlayerInfo/Dolby/CMakeLists.txt
2025-11-10 17:05:07,124 - Knowledge - INFO - process ingested knowledge for /app/data/T0015/222062/b1841j9/RDK-Service/PersistentStore/PersistentStorePlugin.json
2025-11-10 17:05:07,228 - Knowledge - INFO - Worker kw17 processing /app/data/T0015/222062/b1841j9/RDK-Service/Tests/L1Tests/tests/test_ScreenCapture.cpp
2025-11-10 17:05:07,310 - Knowledge - INFO - Worker kw1 processing /app/data/T0015/222062/b1841j9/RDK-Service/Tests/L1Tests/tests/test_HdmiCecSource.cpp
2025-11-10 17:05:07,380 - Knowledge - INFO - process ingested knowledge for /app/data/T0015/222062/b1841j9/RDK-Service/SystemServices/SystemServicesHelper.cpp
2025-11-10 17:05:07,454 - Knowledge - INFO - process ingested knowledge for /app/data/T0015/222062/b1841j9/RDK-Service/MotionDetection/MotionDetectionPlugin.json
2025-11-10 17:05:07,550 - Knowledge - INFO - process ingested knowledge for /app/data/T0015/222062/b1841j9/RDK-Service/ActivityMonitor/ActivityMonitor.cpp
2025-11-10 17:05:07,676 - Knowledge - INFO - Fast-tracked /app/data/T0015/222062/b1841j9/RDK-Service/Tests/L1Tests/tests/test_ActivityMonitor.cpp (ext=.cpp, size=9712)
2025-11-10 17:05:07,790 - Knowledge - INFO - process ingested knowledge for /app/data/T0015/222062/b1841j9/RDK-Service/PerformanceMetrics/SyslogOutput.cpp
2025-11-10 17:05:07,892 - Knowledge - INFO - Worker kw5 processing /app/data/T0015/222062/b1841j9/RDK-Service/helpers/UtilsJsonRpc.h
2025-11-10 17:05:07,982 - Knowledge - INFO - Worker kw7 processing /app/data/T0015/222062/b1841j9/RDK-Service/Tests/L2Tests/L2TestsPlugin/tests/Warehouse_L2Test.cpp
2025-11-10 17:05:08,081 - Knowledge - INFO - Fast-tracked /app/data/T0015/222062/b1841j9/RDK-Service/Tests/clang.cmake (ext=.cmake, size=636)
2025-11-10 17:05:08,299 - Knowledge - INFO - Fast-tracked /app/data/T0015/222062/b1841j9/RDK-Service/helpers/UtilsFile.h (ext=.h, size=1143)
2025-11-10 17:05:08,389 - Knowledge - INFO - Progress: 60.5% | Files: 833/1376 | Rate: 1.50 files/sec | Queue: 236
2025-11-10 17:05:08,389 - Knowledge - INFO - [kw9] Queue=236, InProgress=0, PendingWorkers=20/20, Completed=833/1376 (60.5%)
2025-11-10 17:05:08,472 - Knowledge - INFO - process ingested knowledge for /app/data/T0015/222062/b1841j9/RDK-Service/RDKShell/CMakeLists.txt
2025-11-10 17:05:08,591 - Knowledge - INFO - process ingested knowledge for /app/data/T0015/222062/b1841j9/RDK-Service/RemoteControl/test/CMakeLists.txt
2025-11-10 17:05:08,684 - Knowledge - INFO - Worker kw14 processing /app/data/T0015/222062/b1841j9/RDK-Service/XCast/README.md
2025-11-10 17:05:08,783 - Knowledge - INFO - process ingested knowledge for /app/data/T0015/222062/b1841j9/RDK-Service/PlayerInfo/PlayerInfo.cpp
2025-11-10 17:05:09,028 - Knowledge - INFO - Fast-tracked /app/data/T0015/222062/b1841j9/RDK-Service/Tests/L1Tests/tests/test_ScreenCapture.cpp (ext=.cpp, size=5034)
2025-11-10 17:05:09,132 - Knowledge - INFO - Fast-tracked /app/data/T0015/222062/b1841j9/RDK-Service/Tests/L1Tests/tests/test_HdmiCecSource.cpp (ext=.cpp, size=28905)
2025-11-10 17:05:09,281 - Knowledge - INFO - process ingested knowledge for /app/data/T0015/222062/b1841j9/RDK-Service/SystemServices/cTimer.h
2025-11-10 17:05:09,307 - Knowledge - INFO - process ingested knowledge for /app/data/T0015/222062/b1841j9/RDK-Service/MotionDetection/MotionDetection.cpp
2025-11-10 17:05:09,403 - Knowledge - INFO - process ingested knowledge for /app/data/T0015/222062/b1841j9/RDK-Service/ActivityMonitor/CMakeLists.txt
2025-11-10 17:05:09,524 - Knowledge - INFO - Fast-tracked /app/data/T0015/222062/b1841j9/RDK-Service/helpers/WebSockets/Roles/Client.h (small file (2756 bytes))
2025-11-10 17:05:09,525 - Knowledge - INFO - Worker kw15 processing /app/data/T0015/222062/b1841j9/RDK-Service/Tests/L1Tests/tests/test_HdmiCec.cpp
2025-11-10 17:05:09,610 - Knowledge - INFO - process ingested knowledge for /app/data/T0015/222062/b1841j9/RDK-Service/PerformanceMetrics/Module.cpp
2025-11-10 17:05:09,711 - Knowledge - INFO - Worker kw5 processing /app/data/T0015/222062/b1841j9/RDK-Service/helpers/UtilsSynchroIarm.hpp
2025-11-10 17:05:09,833 - Knowledge - INFO - Fast-tracked /app/data/T0015/222062/b1841j9/RDK-Service/Tests/L2Tests/L2TestsPlugin/tests/Warehouse_L2Test.cpp (ext=.cpp, size=52669)
2025-11-10 17:05:09,963 - Knowledge - INFO - Worker kw10 processing /app/data/T0015/222062/b1841j9/RDK-Service/Tests/gcc-with-coverage.cmake
2025-11-10 17:05:10,064 - Knowledge - INFO - Worker kw2 processing /app/data/T0015/222062/b1841j9/RDK-Service/helpers/UtilsfileExists.h
2025-11-10 17:05:10,458 - Knowledge - INFO - Batch sizing: calculated=15, max_allowed=25, queue=236, active_workers=20/20
2025-11-10 17:05:10,603 - Knowledge - INFO - [kw19] Queue=236, InProgress=0, PendingWorkers=20/20, Completed=833/1376 (60.5%)
2025-11-10 17:05:10,612 - Knowledge - INFO - process ingested knowledge for /app/data/T0015/222062/b1841j9/RDK-Service/RDKShell/RDKShell.json
2025-11-10 17:05:10,964 - Knowledge - INFO - process ingested knowledge for /app/data/T0015/222062/b1841j9/RDK-Service/RemoteControl/test/remoteControlTestClient.cpp
2025-11-10 17:05:10,973 - Knowledge - INFO - Fast-tracked /app/data/T0015/222062/b1841j9/RDK-Service/XCast/README.md (ext=.md, size=545)
2025-11-10 17:05:11,181 - Knowledge - INFO - process ingested knowledge for /app/data/T0015/222062/b1841j9/RDK-Service/PlayerInfo/GStreamer/PlatformImplementation.cpp
2025-11-10 17:05:11,237 - Knowledge - INFO - Worker kw17 processing /app/data/T0015/222062/b1841j9/RDK-Service/Tests/L1Tests/tests/test_DeviceAudioCapabilities.cpp
2025-11-10 17:05:11,345 - Knowledge - INFO - Worker kw1 processing /app/data/T0015/222062/b1841j9/RDK-Service/Tests/L1Tests/tests/test_MaintenanceManager.cpp
2025-11-10 17:05:11,515 - Knowledge - INFO - process ingested knowledge for /app/data/T0015/222062/b1841j9/RDK-Service/SystemServices/SystemServices.cpp
2025-11-10 17:05:11,828 - Knowledge - INFO - process ingested knowledge for /app/data/T0015/222062/b1841j9/RDK-Service/MotionDetection/CMakeLists.txt
2025-11-10 17:05:11,829 - Knowledge - INFO - process ingested knowledge for /app/data/T0015/222062/b1841j9/RDK-Service/ActivityMonitor/ActivityMonitor.json
2025-11-10 17:05:12,010 - Knowledge - INFO - Fast-tracked /app/data/T0015/222062/b1841j9/RDK-Service/Tests/L1Tests/tests/test_HdmiCec.cpp (ext=.cpp, size=12175)
2025-11-10 17:05:12,195 - Knowledge - INFO - process ingested knowledge for /app/data/T0015/222062/b1841j9/RDK-Service/PerformanceMetrics/CHANGELOG.md
2025-11-10 17:05:12,220 - Knowledge - INFO - Worker kw5 processing /app/data/T0015/222062/b1841j9/RDK-Service/helpers/UtilsString.h
2025-11-10 17:05:13,880 - Knowledge - INFO - Worker kw15 processing /app/data/T0015/222062/b1841j9/RDK-Service/Tests/L1Tests/tests/test_CompositeInput.cpp
2025-11-10 17:05:12,414 - Knowledge - INFO - Fast-tracked /app/data/T0015/222062/b1841j9/RDK-Service/Tests/gcc-with-coverage.cmake (ext=.cmake, size=53)
2025-11-10 17:05:12,528 - Knowledge - INFO - Fast-tracked /app/data/T0015/222062/b1841j9/RDK-Service/helpers/UtilsfileExists.h (ext=.h, size=368)
2025-11-10 17:05:12,706 - Knowledge - INFO - Async storing batch of 20 embeddings
2025-11-10 17:05:12,797 - Knowledge - INFO - Batch sizing: calculated=15, max_allowed=25, queue=236, active_workers=20/20
2025-11-10 17:05:12,831 - Knowledge - INFO - Async storage completed for 19 embeddings
2025-11-10 17:05:12,934 - Knowledge - INFO - process ingested knowledge for /app/data/T0015/222062/b1841j9/RDK-Service/RDKShell/README.md
2025-11-10 17:05:12,994 - Knowledge - INFO - process ingested knowledge for /app/data/T0015/222062/b1841j9/RDK-Service/RemoteControl/RemoteControlPlugin.json
2025-11-10 17:05:13,096 - Knowledge - INFO - Worker kw14 processing /app/data/T0015/222062/b1841j9/RDK-Service/XCast/XCast.json
2025-11-10 17:05:13,231 - Knowledge - INFO - process ingested knowledge for /app/data/T0015/222062/b1841j9/RDK-Service/PlayerInfo/CMakeLists.txt
2025-11-10 17:05:13,332 - Knowledge - INFO - [kw20] Queue=221, InProgress=0, PendingWorkers=20/20, Completed=833/1376 (60.5%)
2025-11-10 17:05:13,341 - Knowledge - INFO - Fast-tracked /app/data/T0015/222062/b1841j9/RDK-Service/Tests/L1Tests/tests/test_DeviceAudioCapabilities.cpp (ext=.cpp, size=9649)
2025-11-10 17:05:13,467 - Knowledge - INFO - Fast-tracked /app/data/T0015/222062/b1841j9/RDK-Service/Tests/L1Tests/tests/test_MaintenanceManager.cpp (ext=.cpp, size=19718)
2025-11-10 17:05:13,580 - Knowledge - INFO - process ingested knowledge for /app/data/T0015/222062/b1841j9/RDK-Service/SystemServices/CMakeLists.txt
2025-11-10 17:05:13,663 - Knowledge - INFO - process ingested knowledge for /app/data/T0015/222062/b1841j9/RDK-Service/MotionDetection/MotionDetection.json
2025-11-10 17:05:13,773 - Knowledge - INFO - process ingested knowledge for /app/data/T0015/222062/b1841j9/RDK-Service/ActivityMonitor/README.md
2025-11-10 17:05:12,318 - Knowledge - INFO - Worker kw7 processing /app/data/T0015/222062/b1841j9/RDK-Service/Tests/L2Tests/L2TestsPlugin/tests/Telemetry_L2Test.cpp
2025-11-10 17:05:13,978 - Knowledge - INFO - process ingested knowledge for /app/data/T0015/222062/b1841j9/RDK-Service/common/common.json
2025-11-10 17:05:14,257 - Knowledge - INFO - Fast-tracked /app/data/T0015/222062/b1841j9/RDK-Service/Tests/L1Tests/tests/test_CompositeInput.cpp (ext=.cpp, size=18999)
2025-11-10 17:05:14,339 - Knowledge - INFO - Worker kw10 processing /app/data/T0015/222062/b1841j9/RDK-Service/Tests/L2Tests/L2TestsPlugin/L2TestsPlugin.json
2025-11-10 17:05:14,453 - Knowledge - INFO - Worker kw2 processing /app/data/T0015/222062/b1841j9/RDK-Service/helpers/CHANGELOG.md
2025-11-10 17:05:14,542 - Knowledge - INFO - Worker kw9 processing /app/data/T0015/222062/b1841j9/RDK-Service/Tests/mocks/pkg.h
2025-11-10 17:05:14,654 - Knowledge - INFO - Async storing batch of 16 embeddings
2025-11-10 17:05:14,901 - Knowledge - INFO - process ingested knowledge for /app/data/T0015/222062/b1841j9/RDK-Service/RDKShell/Module.cpp
2025-11-10 17:05:15,100 - Knowledge - INFO - process ingested knowledge for /app/data/T0015/222062/b1841j9/RDK-Service/RemoteControl/Module.h
2025-11-10 17:05:15,226 - Knowledge - INFO - Fast-tracked /app/data/T0015/222062/b1841j9/RDK-Service/helpers/WebSockets/CommunicationInterface/CommandInterface.h (small file (2143 bytes))
2025-11-10 17:05:15,300 - Knowledge - INFO - Fast-tracked /app/data/T0015/222062/b1841j9/RDK-Service/XCast/XCast.json (ext=.json, size=21139)
2025-11-10 17:05:15,359 - Knowledge - INFO - process ingested knowledge for /app/data/T0015/222062/b1841j9/RDK-Service/PlayerInfo/cmake/FindGStreamer.cmake
2025-11-10 17:05:15,473 - Knowledge - INFO - Batch sizing: calculated=15, max_allowed=25, queue=221, active_workers=20/20
2025-11-10 17:05:15,568 - Knowledge - INFO - Worker kw17 processing /app/data/T0015/222062/b1841j9/RDK-Service/Tests/L1Tests/tests/test_UsbAccess.cpp
2025-11-10 17:05:15,666 - Knowledge - INFO - Worker kw1 processing /app/data/T0015/222062/b1841j9/RDK-Service/Tests/L1Tests/tests/test_UserPreferences.cpp
2025-11-10 17:05:15,772 - Knowledge - INFO - process ingested knowledge for /app/data/T0015/222062/b1841j9/RDK-Service/SystemServices/cmake/FindIARMBus.cmake
2025-11-10 17:05:15,882 - Knowledge - INFO - process ingested knowledge for /app/data/T0015/222062/b1841j9/RDK-Service/MotionDetection/README.md
2025-11-10 17:05:16,143 - Knowledge - INFO - Fast-tracked /app/data/T0015/222062/b1841j9/RDK-Service/Tests/L2Tests/L2TestsPlugin/tests/Telemetry_L2Test.cpp (ext=.cpp, size=23568)
2025-11-10 17:05:16,253 - Knowledge - INFO - process ingested knowledge for /app/data/T0015/222062/b1841j9/RDK-Service/Messenger/MessengerPlugin.json
2025-11-10 17:05:16,422 - Knowledge - INFO - Worker kw15 processing /app/data/T0015/222062/b1841j9/RDK-Service/Tests/L1Tests/tests/test_Warehouse.cpp
2025-11-10 17:05:16,621 - Knowledge - INFO - Fast-tracked /app/data/T0015/222062/b1841j9/RDK-Service/Tests/L2Tests/L2TestsPlugin/L2TestsPlugin.json (ext=.json, size=404)
2025-11-10 17:05:16,682 - Knowledge - INFO - Fast-tracked /app/data/T0015/222062/b1841j9/RDK-Service/helpers/CHANGELOG.md (ext=.md, size=1235)
2025-11-10 17:05:16,775 - Knowledge - INFO - Fast-tracked /app/data/T0015/222062/b1841j9/RDK-Service/Tests/mocks/pkg.h (ext=.h, size=1820)
2025-11-10 17:05:16,907 - Knowledge - INFO - Worker kw19 processing /app/data/T0015/222062/b1841j9/RDK-Service/Tests/mocks/thunder/ServiceMock.h
2025-11-10 17:05:17,439 - Knowledge - INFO - process ingested knowledge for /app/data/T0015/222062/b1841j9/RDK-Service/RDKShell/CHANGELOG.md
2025-11-10 17:05:17,453 - Knowledge - INFO - process ingested knowledge for /app/data/T0015/222062/b1841j9/RDK-Service/RemoteControl/RemoteControl.cpp
2025-11-10 17:05:17,479 - Knowledge - INFO - [LLM_CALL] Completed: CompositeInput.h:chunk1, Duration: 13686ms, PromptTokens: 2506, CompletionTokens: 606, Cost: $0.00049
2025-11-10 17:05:17,509 - Knowledge - INFO - Worker kw14 processing /app/data/T0015/222062/b1841j9/RDK-Service/XCast/Module.cpp
2025-11-10 17:05:17,519 - Knowledge - INFO - Fast-tracked /app/data/T0015/222062/b1841j9/RDK-Service/helpers/WebSockets/JsonRpc/Response.cpp (small file (2421 bytes))
2025-11-10 17:05:17,895 - Knowledge - INFO - Fast-tracked /app/data/T0015/222062/b1841j9/RDK-Service/Tests/L1Tests/tests/test_UsbAccess.cpp (ext=.cpp, size=99778)
2025-11-10 17:05:17,897 - Knowledge - INFO - process ingested knowledge for /app/data/T0015/222062/b1841j9/RDK-Service/PlayerInfo/cmake/FindIARMBus.cmake
2025-11-10 17:05:17,984 - Knowledge - INFO - Fast-tracked /app/data/T0015/222062/b1841j9/RDK-Service/Tests/L1Tests/tests/test_UserPreferences.cpp (ext=.cpp, size=2877)
2025-11-10 17:05:18,340 - Knowledge - INFO - Worker kw7 processing /app/data/T0015/222062/b1841j9/RDK-Service/Tests/L2Tests/L2TestsPlugin/tests/UserPreferences_L2Test.cpp
2025-11-10 17:05:18,365 - Knowledge - INFO - process ingested knowledge for /app/data/T0015/222062/b1841j9/RDK-Service/SystemServices/cmake/FindDS.cmake
2025-11-10 17:05:18,367 - Knowledge - INFO - process ingested knowledge for /app/data/T0015/222062/b1841j9/RDK-Service/MotionDetection/MotionDetection.h
2025-11-10 17:05:18,488 - Knowledge - INFO - process ingested knowledge for /app/data/T0015/222062/b1841j9/RDK-Service/Messenger/Module.h
2025-11-10 17:05:18,640 - Knowledge - INFO - Fast-tracked /app/data/T0015/222062/b1841j9/RDK-Service/Tests/L1Tests/tests/test_Warehouse.cpp (ext=.cpp, size=33835)
2025-11-10 17:05:18,794 - Knowledge - INFO - Worker kw10 processing /app/data/T0015/222062/b1841j9/RDK-Service/Tests/L2Tests/L2TestsPlugin/Module.h
2025-11-10 17:05:18,889 - Knowledge - INFO - Worker kw2 processing /app/data/T0015/222062/b1841j9/RDK-Service/helpers/frontpanel.h
2025-11-10 17:05:19,027 - Knowledge - INFO - Worker kw9 processing /app/data/T0015/222062/b1841j9/RDK-Service/Tests/mocks/BluetoothMocks.cpp
2025-11-10 17:05:19,171 - Knowledge - INFO - Fast-tracked /app/data/T0015/222062/b1841j9/RDK-Service/Tests/mocks/thunder/ServiceMock.h (ext=.h, size=3988)
2025-11-10 17:05:19,325 - Knowledge - INFO - process ingested knowledge for /app/data/T0015/222062/b1841j9/RDK-Service/RDKShell/RialtoConnector.cpp
2025-11-10 17:05:19,367 - Knowledge - INFO - process ingested knowledge for /app/data/T0015/222062/b1841j9/RDK-Service/RemoteControl/CMakeLists.txt
2025-11-10 17:05:19,528 - Knowledge - INFO - done ingest for /app/data/T0015/222062/b1841j9/RDK-Service/CompositeInput/CompositeInput.h
2025-11-10 17:05:19,543 - Knowledge - INFO - Async storing batch of 18 embeddings
2025-11-10 17:05:19,707 - Knowledge - INFO - Fast-tracked /app/data/T0015/222062/b1841j9/RDK-Service/XCast/Module.cpp (ext=.cpp, size=765)
2025-11-10 17:05:19,963 - Knowledge - INFO - Worker kw17 processing /app/data/T0015/222062/b1841j9/RDK-Service/Tests/L1Tests/tests/test_DeviceInfo.cpp
2025-11-10 17:05:20,236 - Knowledge - INFO - process ingested knowledge for /app/data/T0015/222062/b1841j9/RDK-Service/PlayerInfo/cmake/FindDS.cmake
2025-11-10 17:05:20,340 - Knowledge - INFO - Worker kw1 processing /app/data/T0015/222062/b1841j9/RDK-Service/Tests/L1Tests/tests/test_UtilsFile.cpp
2025-11-10 17:05:20,542 - Knowledge - INFO - Fast-tracked /app/data/T0015/222062/b1841j9/RDK-Service/Tests/L2Tests/L2TestsPlugin/tests/UserPreferences_L2Test.cpp (ext=.cpp, size=9899)
2025-11-10 17:05:20,664 - Knowledge - INFO - process ingested knowledge for /app/data/T0015/222062/b1841j9/RDK-Service/SystemServices/thermonitor.h
2025-11-10 17:05:20,775 - Knowledge - INFO - process ingested knowledge for /app/data/T0015/222062/b1841j9/RDK-Service/MotionDetection/Module.cpp
2025-11-10 17:05:20,982 - Knowledge - INFO - process ingested knowledge for /app/data/T0015/222062/b1841j9/RDK-Service/Messenger/MessengerSecurity.cpp
2025-11-10 17:05:21,085 - Knowledge - INFO - Worker kw15 processing /app/data/T0015/222062/b1841j9/RDK-Service/Tests/L1Tests/tests/test_FirmwareVersion.cpp
2025-11-10 17:05:21,286 - Knowledge - INFO - Fast-tracked /app/data/T0015/222062/b1841j9/RDK-Service/Tests/L2Tests/L2TestsPlugin/Module.h (ext=.h, size=932)
2025-11-10 17:05:21,398 - Knowledge - INFO - Worker kw2 processing /app/data/T0015/222062/b1841j9/RDK-Service/XCast/XCastManager.h
2025-11-10 17:05:21,586 - Knowledge - INFO - Fast-tracked /app/data/T0015/222062/b1841j9/RDK-Service/Tests/mocks/BluetoothMocks.cpp (ext=.cpp, size=7501)
2025-11-10 17:05:21,641 - Knowledge - INFO - Worker kw19 processing /app/data/T0015/222062/b1841j9/RDK-Service/Tests/mocks/thunder/COMLinkMock.h
2025-11-10 17:05:21,794 - Knowledge - INFO - process ingested knowledge for /app/data/T0015/222062/b1841j9/RDK-Service/FrontPanel/FrontPanelPlugin.json
2025-11-10 17:05:22,153 - Knowledge - INFO - Worker kw20 processing /app/data/T0015/222062/b1841j9/RDK-Service/Tests/mocks/devicesettings/RtArrayObjectMock.h
2025-11-10 17:05:22,273 - Knowledge - INFO - Worker kw14 processing /app/data/T0015/222062/b1841j9/RDK-Service/XCast/CHANGELOG.md
2025-11-10 17:05:22,327 - Knowledge - INFO - process ingested knowledge for /app/data/T0015/222062/b1841j9/RDK-Service/RemoteControl/RemoteControl.json
2025-11-10 17:05:22,439 - Knowledge - INFO - Fast-tracked /app/data/T0015/222062/b1841j9/RDK-Service/Tests/L1Tests/tests/test_DeviceInfo.cpp (ext=.cpp, size=1961)
2025-11-10 17:05:22,659 - Knowledge - INFO - Fast-tracked /app/data/T0015/222062/b1841j9/RDK-Service/Tests/L1Tests/tests/test_UtilsFile.cpp (ext=.cpp, size=1815)
2025-11-10 17:05:22,714 - Knowledge - INFO - process ingested knowledge for /app/data/T0015/222062/b1841j9/RDK-Service/PlayerInfo/DeviceSettings/PlatformImplementation.cpp
2025-11-10 17:05:22,759 - Knowledge - INFO - Worker kw7 processing /app/data/T0015/222062/b1841j9/RDK-Service/Tests/L2Tests/L2TestsPlugin/Module.cpp
2025-11-10 17:05:22,822 - Knowledge - INFO - [kw6] Queue=191, InProgress=0, PendingWorkers=20/20, Completed=833/1376 (60.5%)
2025-11-10 17:05:22,845 - Knowledge - INFO - process ingested knowledge for /app/data/T0015/222062/b1841j9/RDK-Service/SystemServices/cTimer.cpp
2025-11-10 17:05:23,014 - Knowledge - INFO - process ingested knowledge for /app/data/T0015/222062/b1841j9/RDK-Service/MotionDetection/CHANGELOG.md
2025-11-10 17:05:23,221 - Knowledge - INFO - process ingested knowledge for /app/data/T0015/222062/b1841j9/RDK-Service/Messenger/Messenger.cpp
2025-11-10 17:05:23,443 - Knowledge - INFO - Fast-tracked /app/data/T0015/222062/b1841j9/RDK-Service/Tests/L1Tests/tests/test_FirmwareVersion.cpp (ext=.cpp, size=1877)
2025-11-10 17:05:23,540 - Knowledge - INFO - Worker kw10 processing /app/data/T0015/222062/b1841j9/RDK-Service/Tests/L2Tests/L2TestsPlugin/L2TestsMock.cpp
2025-11-10 17:05:23,773 - Knowledge - INFO - Worker kw9 processing /app/data/T0015/222062/b1841j9/RDK-Service/Tests/mocks/UdevMock.h
2025-11-10 17:05:23,881 - Knowledge - INFO - Fast-tracked /app/data/T0015/222062/b1841j9/RDK-Service/Tests/mocks/thunder/COMLinkMock.h (ext=.h, size=763)
2025-11-10 17:05:24,012 - Knowledge - INFO - process ingested knowledge for /app/data/T0015/222062/b1841j9/RDK-Service/FrontPanel/Module.h
2025-11-10 17:05:24,173 - Knowledge - INFO - Fast-tracked /app/data/T0015/222062/b1841j9/RDK-Service/Tests/mocks/devicesettings/RtArrayObjectMock.h (ext=.h, size=1002)
2025-11-10 17:05:24,333 - Knowledge - INFO - Fast-tracked /app/data/T0015/222062/b1841j9/RDK-Service/XCast/CHANGELOG.md (ext=.md, size=3605)
2025-11-10 17:05:24,382 - Knowledge - INFO - process ingested knowledge for /app/data/T0015/222062/b1841j9/RDK-Service/RemoteControl/README.md
2025-11-10 17:05:24,553 - Knowledge - INFO - Worker kw17 processing /app/data/T0015/222062/b1841j9/RDK-Service/Tests/L1Tests/tests/test_HdmiInput.cpp
2025-11-10 17:05:24,708 - Knowledge - INFO - Worker kw1 processing /app/data/T0015/222062/b1841j9/RDK-Service/Tests/L1Tests/tests/test_DeviceVideoCapabilities.cpp
2025-11-10 17:05:24,717 - Knowledge - INFO - [LLM_CALL] Completed: SingleClientServer.h:chunk1, Duration: 16328ms, PromptTokens: 2124, CompletionTokens: 341, Cost: $0.00035
2025-11-10 17:05:24,861 - Knowledge - INFO - process ingested knowledge for /app/data/T0015/222062/b1841j9/RDK-Service/PlayerInfo/PlayerInfo.json
2025-11-10 17:05:24,954 - Knowledge - INFO - Fast-tracked /app/data/T0015/222062/b1841j9/RDK-Service/Tests/L2Tests/L2TestsPlugin/Module.cpp (ext=.cpp, size=761)
2025-11-10 17:05:25,034 - Knowledge - INFO - Batch sizing: calculated=12, max_allowed=25, queue=191, active_workers=20/20
2025-11-10 17:05:25,145 - Knowledge - INFO - process ingested knowledge for /app/data/T0015/222062/b1841j9/RDK-Service/SystemServices/System.json
2025-11-10 17:05:25,239 - Knowledge - INFO - process ingested knowledge for /app/data/T0015/222062/b1841j9/RDK-Service/HdmiCec/HdmiCecPlugin.json
2025-11-10 17:05:25,318 - Knowledge - INFO - process ingested knowledge for /app/data/T0015/222062/b1841j9/RDK-Service/Messenger/RoomMaintainer.cpp
2025-11-10 17:05:25,400 - Knowledge - INFO - Worker kw15 processing /app/data/T0015/222062/b1841j9/RDK-Service/Tests/L1Tests/tests/test_XCast.cpp
2025-11-10 17:05:25,494 - Knowledge - INFO - Fast-tracked /app/data/T0015/222062/b1841j9/RDK-Service/Tests/L2Tests/L2TestsPlugin/L2TestsMock.cpp (ext=.cpp, size=9963)
2025-11-10 17:05:25,618 - Knowledge - INFO - Fast-tracked /app/data/T0015/222062/b1841j9/RDK-Service/Tests/mocks/UdevMock.h (ext=.h, size=1481)
2025-11-10 17:05:25,698 - Knowledge - INFO - Worker kw19 processing /app/data/T0015/222062/b1841j9/RDK-Service/Tests/mocks/thunder/SystemInfo.h
2025-11-10 17:05:25,797 - Knowledge - INFO - process ingested knowledge for /app/data/T0015/222062/b1841j9/RDK-Service/FrontPanel/FrontPanel.cpp
2025-11-10 17:05:25,881 - Knowledge - INFO - Worker kw20 processing /app/data/T0015/222062/b1841j9/RDK-Service/Tests/mocks/devicesettings/HdmiInputMock.h
2025-11-10 17:05:25,960 - Knowledge - INFO - Worker kw14 processing /app/data/T0015/222062/b1841j9/RDK-Service/XCast/XCastManager.cpp
2025-11-10 17:05:26,128 - Knowledge - INFO - Fast-tracked /app/data/T0015/222062/b1841j9/RDK-Service/Tests/L1Tests/tests/test_HdmiInput.cpp (ext=.cpp, size=42357)
2025-11-10 17:05:26,233 - Knowledge - INFO - Fast-tracked /app/data/T0015/222062/b1841j9/RDK-Service/Tests/L1Tests/tests/test_DeviceVideoCapabilities.cpp (ext=.cpp, size=11598)
2025-11-10 17:05:26,324 - Knowledge - INFO - done ingest for /app/data/T0015/222062/b1841j9/RDK-Service/helpers/WebSockets/Roles/SingleClientServer.h
2025-11-10 17:05:26,324 - Knowledge - INFO - [LLM_CALL] Completed: CompositeInput.cpp:chunk1, Duration: 25156ms, PromptTokens: 9178, CompletionTokens: 846, Cost: $0.00126
2025-11-10 17:05:26,460 - Knowledge - INFO - process ingested knowledge for /app/data/T0015/222062/b1841j9/RDK-Service/PlayerInfo/Module.cpp
2025-11-10 17:05:26,549 - Knowledge - INFO - Worker kw7 processing /app/data/T0015/222062/b1841j9/RDK-Service/Tests/L2Tests/L2TestsPlugin/L2Tests.h
2025-11-10 17:05:26,727 - Knowledge - INFO - process ingested knowledge for /app/data/T0015/222062/b1841j9/RDK-Service/SystemServices/uploadlogs.cpp
2025-11-10 17:05:26,930 - Knowledge - INFO - process ingested knowledge for /app/data/T0015/222062/b1841j9/RDK-Service/HdmiCec/Module.h
2025-11-10 17:05:26,932 - Knowledge - INFO - process ingested knowledge for /app/data/T0015/222062/b1841j9/RDK-Service/Messenger/CMakeLists.txt
2025-11-10 17:05:27,016 - Knowledge - INFO - Fast-tracked /app/data/T0015/222062/b1841j9/RDK-Service/Tests/L1Tests/tests/test_XCast.cpp (ext=.cpp, size=25189)
2025-11-10 17:05:27,103 - Knowledge - INFO - Worker kw10 processing /app/data/T0015/222062/b1841j9/RDK-Service/Tests/L2Tests/L2TestsPlugin/L2Tests.cpp
2025-11-10 17:05:28,156 - Knowledge - INFO - process ingested knowledge for /app/data/T0015/222062/b1841j9/RDK-Service/PlayerInfo/CHANGELOG.md
2025-11-10 17:05:27,307 - Knowledge - INFO - Fast-tracked /app/data/T0015/222062/b1841j9/RDK-Service/Tests/mocks/thunder/SystemInfo.h (ext=.h, size=2365)
2025-11-10 17:05:27,466 - Knowledge - INFO - process ingested knowledge for /app/data/T0015/222062/b1841j9/RDK-Service/FrontPanel/CMakeLists.txt
2025-11-10 17:05:27,495 - Knowledge - INFO - Fast-tracked /app/data/T0015/222062/b1841j9/RDK-Service/Tests/mocks/devicesettings/HdmiInputMock.h (ext=.h, size=1727)
2025-11-10 17:05:27,604 - Knowledge - INFO - Worker kw14 processing /app/data/T0015/222062/b1841j9/RDK-Service/XCast/XCastImplementation.h
2025-11-10 17:05:27,681 - Knowledge - INFO - Worker kw17 processing /app/data/T0015/222062/b1841j9/RDK-Service/Tests/L1Tests/tests/test_HdmiCecSink.cpp
2025-11-10 17:05:27,759 - Knowledge - INFO - Worker kw1 processing /app/data/T0015/222062/b1841j9/RDK-Service/Tests/L1Tests/tests/test_MiracastPlayer.cpp
2025-11-10 17:05:28,012 - Knowledge - INFO - done ingest for /app/data/T0015/222062/b1841j9/RDK-Service/CompositeInput/CompositeInput.cpp
2025-11-10 17:05:28,024 - Knowledge - INFO - Async storing batch of 15 embeddings
2025-11-10 17:05:27,219 - Knowledge - INFO - Worker kw9 processing /app/data/T0015/222062/b1841j9/RDK-Service/Tests/mocks/RBusMock.h
2025-11-10 17:05:28,221 - Knowledge - INFO - Fast-tracked /app/data/T0015/222062/b1841j9/RDK-Service/Tests/L2Tests/L2TestsPlugin/L2Tests.h (ext=.h, size=1654)
2025-11-10 17:05:28,250 - Knowledge - INFO - [kw13] Queue=179, InProgress=0, PendingWorkers=20/20, Completed=833/1376 (60.5%)
2025-11-10 17:05:28,314 - Knowledge - INFO - process ingested knowledge for /app/data/T0015/222062/b1841j9/RDK-Service/SystemServices/Module.cpp
2025-11-10 17:05:28,497 - Knowledge - INFO - process ingested knowledge for /app/data/T0015/222062/b1841j9/RDK-Service/HdmiCec/HdmiCec.cpp
2025-11-10 17:05:28,592 - Knowledge - INFO - process ingested knowledge for /app/data/T0015/222062/b1841j9/RDK-Service/Messenger/Messenger.json
2025-11-10 17:05:28,697 - Knowledge - INFO - Worker kw15 processing /app/data/T0015/222062/b1841j9/RDK-Service/Tests/L1Tests/tests/test_Telemetry.cpp
2025-11-10 17:05:28,863 - Knowledge - INFO - Fast-tracked /app/data/T0015/222062/b1841j9/RDK-Service/Tests/L2Tests/L2TestsPlugin/L2Tests.cpp (ext=.cpp, size=2887)
2025-11-10 17:05:28,937 - Knowledge - INFO - process ingested knowledge for /app/data/T0015/222062/b1841j9/RDK-Service/PlayerInfo/PlayerInfo.h
2025-11-10 17:05:29,104 - Knowledge - INFO - Worker kw19 processing /app/data/T0015/222062/b1841j9/RDK-Service/Tests/mocks/thunder/Module.cpp
2025-11-10 17:05:29,222 - Knowledge - INFO - process ingested knowledge for /app/data/T0015/222062/b1841j9/RDK-Service/FrontPanel/FrontPanel.json
2025-11-10 17:05:29,309 - Knowledge - INFO - [LLM_CALL] Completed: TlsEnabled.h:chunk1, Duration: 17369ms, PromptTokens: 4466, CompletionTokens: 638, Cost: $0.00070
2025-11-10 17:05:29,313 - Knowledge - INFO - Worker kw20 processing /app/data/T0015/222062/b1841j9/RDK-Service/Tests/mocks/devicesettings/RtObjectRefMock.h
2025-11-10 17:05:29,447 - Knowledge - INFO - Worker kw14 processing /app/data/T0015/222062/b1841j9/RDK-Service/services.cmake
2025-11-10 17:05:29,533 - Knowledge - INFO - Fast-tracked /app/data/T0015/222062/b1841j9/RDK-Service/Tests/L1Tests/tests/test_HdmiCecSink.cpp (ext=.cpp, size=16560)
2025-11-10 17:05:29,616 - Knowledge - INFO - Fast-tracked /app/data/T0015/222062/b1841j9/RDK-Service/Tests/L1Tests/tests/test_MiracastPlayer.cpp (ext=.cpp, size=50376)
2025-11-10 17:05:29,708 - Knowledge - INFO - Async storage completed for 15 embeddings
2025-11-10 17:05:30,019 - Knowledge - INFO - Fast-tracked /app/data/T0015/222062/b1841j9/RDK-Service/Tests/mocks/RBusMock.h (ext=.h, size=1108)
2025-11-10 17:05:30,020 - Knowledge - INFO - Worker kw6 processing /app/data/T0015/222062/b1841j9/RDK-Service/Tests/mocks/devicesettings/VideoDeviceMock.h
2025-11-10 17:05:30,190 - Knowledge - INFO - Worker kw7 processing /app/data/T0015/222062/b1841j9/RDK-Service/Tests/L2Tests/L2TestsPlugin/CHANGELOG.md
2025-11-10 17:05:31,331 - Knowledge - INFO - Fast-tracked /app/data/T0015/222062/b1841j9/RDK-Service/Tests/mocks/devicesettings/RtObjectRefMock.h (ext=.h, size=1236)
2025-11-10 17:05:30,280 - Knowledge - INFO - Batch sizing: calculated=12, max_allowed=25, queue=179, active_workers=20/20
2025-11-10 17:05:30,422 - Knowledge - INFO - process ingested knowledge for /app/data/T0015/222062/b1841j9/RDK-Service/SystemServices/CHANGELOG.md
2025-11-10 17:05:30,669 - Knowledge - INFO - process ingested knowledge for /app/data/T0015/222062/b1841j9/RDK-Service/Messenger/MessengerJsonRpc.cpp
2025-11-10 17:05:30,745 - Knowledge - INFO - Fast-tracked /app/data/T0015/222062/b1841j9/RDK-Service/Tests/L1Tests/tests/test_Telemetry.cpp (ext=.cpp, size=24215)
2025-11-10 17:05:30,830 - Knowledge - INFO - Worker kw10 processing /app/data/T0015/222062/b1841j9/RDK-Service/Tests/L2Tests/L2TestsPlugin/L2TestsAPI.md
2025-11-10 17:05:30,933 - Knowledge - INFO - process ingested knowledge for /app/data/T0015/222062/b1841j9/RDK-Service/LoggingPreferences/LoggingPreferencesPlugin.json
2025-11-10 17:05:31,037 - Knowledge - INFO - Fast-tracked /app/data/T0015/222062/b1841j9/RDK-Service/Tests/mocks/thunder/Module.cpp (ext=.cpp, size=62)
2025-11-10 17:05:31,210 - Knowledge - INFO - done ingest for /app/data/T0015/222062/b1841j9/RDK-Service/helpers/WebSockets/Encryption/TlsEnabled.h
2025-11-10 17:05:31,211 - Knowledge - INFO - [LLM_CALL] Completed: RemoteControl.h:chunk1, Duration: 30844ms, PromptTokens: 3226, CompletionTokens: 1036, Cost: $0.00074
2025-11-10 17:05:30,192 - Knowledge - INFO - Fast-tracked /app/data/T0015/222062/b1841j9/RDK-Service/helpers/UtilsLibraryLoader.h (small file (2552 bytes))
2025-11-10 17:05:31,550 - Knowledge - INFO - Worker kw17 processing /app/data/T0015/222062/b1841j9/RDK-Service/Tests/L1Tests/tests/test_JSON.cpp
2025-11-10 17:05:31,633 - Knowledge - INFO - Worker kw1 processing /app/data/T0015/222062/b1841j9/RDK-Service/Tests/L1Tests/tests/test_Timer.cpp
2025-11-10 17:05:31,844 - Knowledge - INFO - Worker kw9 processing /app/data/T0015/222062/b1841j9/RDK-Service/Tests/mocks/opkgMock.cpp
2025-11-10 17:05:31,929 - Knowledge - INFO - Fast-tracked /app/data/T0015/222062/b1841j9/RDK-Service/Tests/mocks/devicesettings/VideoDeviceMock.h (ext=.h, size=480)
2025-11-10 17:05:32,017 - Knowledge - INFO - Fast-tracked /app/data/T0015/222062/b1841j9/RDK-Service/Tests/L2Tests/L2TestsPlugin/CHANGELOG.md (ext=.md, size=1166)
2025-11-10 17:05:32,092 - Knowledge - INFO - Worker kw20 processing /app/data/T0015/222062/b1841j9/RDK-Service/Tests/mocks/devicesettings/FrontPanelIndicatorMock.h
2025-11-10 17:05:32,329 - Knowledge - INFO - process ingested knowledge for /app/data/T0015/222062/b1841j9/RDK-Service/SystemServices/SystemServicesHelper.h
2025-11-10 17:05:32,456 - Knowledge - INFO - Worker kw15 processing /app/data/T0015/222062/b1841j9/RDK-Service/Tests/L1Tests/tests/test_DeviceInfoJsonRpc.cpp
2025-11-10 17:05:32,472 - Knowledge - INFO - process ingested knowledge for /app/data/T0015/222062/b1841j9/RDK-Service/Messenger/RoomImpl.h
2025-11-10 17:05:32,549 - Knowledge - INFO - Fast-tracked /app/data/T0015/222062/b1841j9/RDK-Service/Tests/L2Tests/L2TestsPlugin/L2TestsAPI.md (ext=.md, size=2202)
2025-11-10 17:05:32,763 - Knowledge - INFO - Worker kw19 processing /app/data/T0015/222062/b1841j9/RDK-Service/Tests/mocks/thunder/DispatcherMock.h
2025-11-10 17:05:32,970 - Knowledge - INFO - done ingest for /app/data/T0015/222062/b1841j9/RDK-Service/RemoteControl/RemoteControl.h
2025-11-10 17:05:32,981 - Knowledge - INFO - Async storing batch of 15 embeddings
2025-11-10 17:05:33,281 - Knowledge - INFO - Fast-tracked /app/data/T0015/222062/b1841j9/RDK-Service/Tests/L1Tests/tests/test_JSON.cpp (ext=.cpp, size=9564)
2025-11-10 17:05:33,429 - Knowledge - INFO - Fast-tracked /app/data/T0015/222062/b1841j9/RDK-Service/Tests/L1Tests/tests/test_Timer.cpp (ext=.cpp, size=10022)
2025-11-10 17:05:33,608 - Knowledge - INFO - Fast-tracked /app/data/T0015/222062/b1841j9/RDK-Service/Tests/mocks/opkgMock.cpp (ext=.cpp, size=785)
2025-11-10 17:05:33,683 - Knowledge - INFO - [LLM_CALL] Completed: PingPongEnabled.h:chunk1, Duration: 28553ms, PromptTokens: 3036, CompletionTokens: 595, Cost: $0.00054
2025-11-10 17:05:33,745 - Knowledge - INFO - Worker kw6 processing /app/data/T0015/222062/b1841j9/RDK-Service/Tests/mocks/devicesettings/VideoOutputPortTypeMock.h
2025-11-10 17:05:33,907 - Knowledge - INFO - Worker kw7 processing /app/data/T0015/222062/b1841j9/RDK-Service/Tests/L2Tests/L2testController.h
2025-11-10 17:05:34,076 - Knowledge - INFO - Fast-tracked /app/data/T0015/222062/b1841j9/RDK-Service/Tests/mocks/devicesettings/FrontPanelIndicatorMock.h (ext=.h, size=1253)
2025-11-10 17:05:34,327 - Knowledge - INFO - Fast-tracked /app/data/T0015/222062/b1841j9/RDK-Service/Tests/L1Tests/tests/test_DeviceInfoJsonRpc.cpp (ext=.cpp, size=18907)
2025-11-10 17:05:34,604 - Knowledge - INFO - Worker kw10 processing /app/data/T0015/222062/b1841j9/RDK-Service/Tests/L2Tests/L2TestsPlugin/CMakeLists.txt
2025-11-10 17:05:34,696 - Knowledge - INFO - Fast-tracked /app/data/T0015/222062/b1841j9/RDK-Service/Tests/mocks/thunder/DispatcherMock.h (ext=.h, size=1493)
2025-11-10 17:05:34,731 - Knowledge - INFO - process ingested knowledge for /app/data/T0015/222062/b1841j9/RDK-Service/SystemServices/TestClient/Module.h
2025-11-10 17:05:34,867 - Knowledge - INFO - Worker kw13 processing /app/data/T0015/222062/b1841j9/RDK-Service/Tests/mocks/WpaCtrlMock.h
2025-11-10 17:05:34,915 - Knowledge - INFO - process ingested knowledge for /app/data/T0015/222062/b1841j9/RDK-Service/Messenger/RoomMaintainer.h
2025-11-10 17:05:34,966 - Knowledge - INFO - Worker kw17 processing /app/data/T0015/222062/b1841j9/RDK-Service/Tests/L1Tests/tests/test_DeviceIdentification.cpp
2025-11-10 17:05:35,126 - Knowledge - INFO - Worker kw1 processing /app/data/T0015/222062/b1841j9/RDK-Service/Tests/L1Tests/tests/test_Messenger.cpp
2025-11-10 17:05:35,236 - Knowledge - INFO - Worker kw9 processing /app/data/T0015/222062/b1841j9/RDK-Service/Tests/mocks/Rfc.cpp
2025-11-10 17:05:35,339 - Knowledge - INFO - done ingest for /app/data/T0015/222062/b1841j9/RDK-Service/helpers/WebSockets/PingPong/PingPongEnabled.h
2025-11-10 17:05:35,514 - Knowledge - INFO - Fast-tracked /app/data/T0015/222062/b1841j9/RDK-Service/Tests/mocks/devicesettings/VideoOutputPortTypeMock.h (ext=.h, size=373)
2025-11-10 17:05:35,616 - Knowledge - INFO - Fast-tracked /app/data/T0015/222062/b1841j9/RDK-Service/Tests/L2Tests/L2testController.h (ext=.h, size=2031)
2025-11-10 17:05:35,836 - Knowledge - INFO - Worker kw20 processing /app/data/T0015/222062/b1841j9/RDK-Service/Tests/mocks/devicesettings/DisplayMock.h
2025-11-10 17:05:36,201 - Knowledge - INFO - Worker kw15 processing /app/data/T0015/222062/b1841j9/RDK-Service/Tests/L1Tests/tests/test_AVInput.cpp
2025-11-10 17:05:36,313 - Knowledge - INFO - Fast-tracked /app/data/T0015/222062/b1841j9/RDK-Service/Tests/L2Tests/L2TestsPlugin/CMakeLists.txt (ext=.txt, size=2880)
2025-11-10 17:05:36,530 - Knowledge - INFO - Worker kw19 processing /app/data/T0015/222062/b1841j9/RDK-Service/Tests/mocks/rdkshell.cpp
2025-11-10 17:05:36,727 - Knowledge - INFO - [kw4] Queue=167, InProgress=0, PendingWorkers=20/20, Completed=835/1376 (60.7%)
2025-11-10 17:05:36,846 - Knowledge - INFO - Fast-tracked /app/data/T0015/222062/b1841j9/RDK-Service/Tests/mocks/WpaCtrlMock.h (ext=.h, size=763)
2025-11-10 17:05:37,143 - Knowledge - INFO - Fast-tracked /app/data/T0015/222062/b1841j9/RDK-Service/Tests/L1Tests/tests/test_DeviceIdentification.cpp (ext=.cpp, size=3462)
2025-11-10 17:05:37,328 - Knowledge - INFO - Fast-tracked /app/data/T0015/222062/b1841j9/RDK-Service/Tests/L1Tests/tests/test_Messenger.cpp (ext=.cpp, size=16292)
2025-11-10 17:05:37,447 - Knowledge - INFO - Fast-tracked /app/data/T0015/222062/b1841j9/RDK-Service/Tests/mocks/Rfc.cpp (ext=.cpp, size=1896)
2025-11-10 17:05:37,660 - Knowledge - INFO - Worker kw6 processing /app/data/T0015/222062/b1841j9/RDK-Service/Tests/mocks/devicesettings/ColorMock.h
2025-11-10 17:05:37,799 - Knowledge - INFO - Worker kw7 processing /app/data/T0015/222062/b1841j9/RDK-Service/Tests/L2Tests/Module.h
2025-11-10 17:05:37,916 - Knowledge - INFO - Fast-tracked /app/data/T0015/222062/b1841j9/RDK-Service/Tests/mocks/devicesettings/DisplayMock.h (ext=.h, size=254)
2025-11-10 17:05:38,035 - Knowledge - INFO - Fast-tracked /app/data/T0015/222062/b1841j9/RDK-Service/Tests/L1Tests/tests/test_AVInput.cpp (ext=.cpp, size=2908)
2025-11-10 17:05:38,129 - Knowledge - INFO - Worker kw10 processing /app/data/T0015/222062/b1841j9/RDK-Service/Tests/L2Tests/L2TestsPlugin/L2TestsMock.h
2025-11-10 17:05:38,238 - Knowledge - INFO - Fast-tracked /app/data/T0015/222062/b1841j9/RDK-Service/Tests/mocks/rdkshell.cpp (ext=.cpp, size=19718)
2025-11-10 17:05:38,349 - Knowledge - INFO - Batch sizing: calculated=12, max_allowed=25, queue=167, active_workers=20/20
2025-11-10 17:05:38,508 - Knowledge - INFO - Worker kw13 processing /app/data/T0015/222062/b1841j9/RDK-Service/Tests/mocks/WrapsMock.h
2025-11-10 17:05:38,676 - Knowledge - INFO - Worker kw17 processing /app/data/T0015/222062/b1841j9/RDK-Service/Tests/L1Tests/tests/test_DeviceInfoWeb.cpp
2025-11-10 17:05:38,875 - Knowledge - INFO - Worker kw1 processing /app/data/T0015/222062/b1841j9/RDK-Service/Tests/L1Tests/tests/test_SystemServices.cpp
2025-11-10 17:05:39,019 - Knowledge - INFO - Worker kw9 processing /app/data/T0015/222062/b1841j9/RDK-Service/Tests/mocks/Telemetry.cpp
2025-11-10 17:05:39,215 - Knowledge - INFO - Fast-tracked /app/data/T0015/222062/b1841j9/RDK-Service/Tests/mocks/devicesettings/ColorMock.h (ext=.h, size=433)
2025-11-10 17:05:39,438 - Knowledge - INFO - Fast-tracked /app/data/T0015/222062/b1841j9/RDK-Service/Tests/L2Tests/Module.h (ext=.h, size=912)
2025-11-10 17:05:39,547 - Knowledge - INFO - Worker kw20 processing /app/data/T0015/222062/b1841j9/RDK-Service/Tests/mocks/devicesettings/HostMock.h
2025-11-10 17:05:39,750 - Knowledge - INFO - Worker kw15 processing /app/data/T0015/222062/b1841j9/RDK-Service/Tests/L1Tests/tests/test_SecurityAgent.cpp
2025-11-10 17:05:39,917 - Knowledge - INFO - Fast-tracked /app/data/T0015/222062/b1841j9/RDK-Service/Tests/L2Tests/L2TestsPlugin/L2TestsMock.h (ext=.h, size=5104)
2025-11-10 17:05:40,025 - Knowledge - INFO - Worker kw19 processing /app/data/T0015/222062/b1841j9/RDK-Service/Tests/mocks/Dobby.h
2025-11-10 17:05:40,440 - Knowledge - INFO - Fast-tracked /app/data/T0015/222062/b1841j9/RDK-Service/Tests/mocks/WrapsMock.h (ext=.h, size=1601)
2025-11-10 17:05:40,576 - Knowledge - INFO - Fast-tracked /app/data/T0015/222062/b1841j9/RDK-Service/Tests/L1Tests/tests/test_DeviceInfoWeb.cpp (ext=.cpp, size=10756)
2025-11-10 17:05:40,788 - Knowledge - INFO - Fast-tracked /app/data/T0015/222062/b1841j9/RDK-Service/Tests/L1Tests/tests/test_SystemServices.cpp (ext=.cpp, size=314453)
2025-11-10 17:05:40,902 - Knowledge - INFO - Async storing batch of 15 embeddings
2025-11-10 17:05:40,916 - Knowledge - INFO - Fast-tracked /app/data/T0015/222062/b1841j9/RDK-Service/Tests/mocks/Telemetry.cpp (ext=.cpp, size=1413)
2025-11-10 17:05:41,005 - Knowledge - INFO - Worker kw6 processing /app/data/T0015/222062/b1841j9/RDK-Service/Tests/mocks/devicesettings/FrontPanelConfigMock.h
2025-11-10 17:05:41,069 - Knowledge - INFO - [LLM_CALL] Completed: cSettings.h:chunk1, Duration: 20023ms, PromptTokens: 3574, CompletionTokens: 466, Cost: $0.00054
2025-11-10 17:05:41,103 - Knowledge - INFO - Worker kw7 processing /app/data/T0015/222062/b1841j9/RDK-Service/Tests/L2Tests/CMakeLists.txt
2025-11-10 17:05:41,229 - Knowledge - INFO - Fast-tracked /app/data/T0015/222062/b1841j9/RDK-Service/Tests/mocks/devicesettings/HostMock.h (ext=.h, size=1204)
2025-11-10 17:05:41,353 - Knowledge - INFO - Fast-tracked /app/data/T0015/222062/b1841j9/RDK-Service/Tests/L1Tests/tests/test_SecurityAgent.cpp (ext=.cpp, size=9103)
2025-11-10 17:05:41,424 - Knowledge - INFO - Worker kw10 processing /app/data/T0015/222062/b1841j9/RDK-Service/Tests/L2Tests/L2TestsPlugin/L2Tests.json
2025-11-10 17:05:41,524 - Knowledge - INFO - Fast-tracked /app/data/T0015/222062/b1841j9/RDK-Service/Tests/mocks/Dobby.h (ext=.h, size=6668)
2025-11-10 17:05:41,610 - Knowledge - INFO - Worker kw13 processing /app/data/T0015/222062/b1841j9/RDK-Service/Tests/mocks/RBus.cpp
2025-11-10 17:05:41,711 - Knowledge - INFO - Worker kw17 processing /app/data/T0015/222062/b1841j9/RDK-Service/Tests/L1Tests/tests/test_Bluetooth.cpp
2025-11-10 17:05:41,791 - Knowledge - INFO - Worker kw1 processing /app/data/T0015/222062/b1841j9/RDK-Service/Tests/L1Tests/tests/test_FrontPanel.cpp
2025-11-10 17:05:41,911 - Knowledge - INFO - Worker kw4 processing /app/data/T0015/222062/b1841j9/RDK-Service/Tests/mocks/RdkLoggerMilestone.h
2025-11-10 17:05:42,003 - Knowledge - INFO - Worker kw9 processing /app/data/T0015/222062/b1841j9/RDK-Service/Tests/mocks/BluetoothMgr.h
2025-11-10 17:05:42,139 - Knowledge - INFO - Fast-tracked /app/data/T0015/222062/b1841j9/RDK-Service/Tests/mocks/devicesettings/FrontPanelConfigMock.h (ext=.h, size=655)
2025-11-10 17:05:42,234 - Knowledge - INFO - done ingest for /app/data/T0015/222062/b1841j9/RDK-Service/helpers/cSettings.h
2025-11-10 17:05:42,235 - Knowledge - INFO - [LLM_CALL] Completed: WSEndpoint.cpp:chunk1, Duration: 38533ms, PromptTokens: 5194, CompletionTokens: 970, Cost: $0.00091
2025-11-10 17:05:42,354 - Knowledge - INFO - Fast-tracked /app/data/T0015/222062/b1841j9/RDK-Service/Tests/L2Tests/CMakeLists.txt (ext=.txt, size=2583)
2025-11-10 17:05:42,436 - Knowledge - INFO - Worker kw20 processing /app/data/T0015/222062/b1841j9/RDK-Service/Tests/mocks/devicesettings/SleepModeMock.h
2025-11-10 17:05:42,518 - Knowledge - INFO - Worker kw15 processing /app/data/T0015/222062/b1841j9/RDK-Service/Tests/L1Tests/tests/test_FrameRate.cpp
2025-11-10 17:05:42,606 - Knowledge - INFO - Fast-tracked /app/data/T0015/222062/b1841j9/RDK-Service/Tests/L2Tests/L2TestsPlugin/L2Tests.json (ext=.json, size=1228)
2025-11-10 17:05:42,685 - Knowledge - INFO - Worker kw19 processing /app/data/T0015/222062/b1841j9/RDK-Service/Tests/mocks/MotionDetection.cpp
2025-11-10 17:05:42,764 - Knowledge - INFO - Fast-tracked /app/data/T0015/222062/b1841j9/RDK-Service/Tests/mocks/RBus.cpp (ext=.cpp, size=3324)
2025-11-10 17:05:42,840 - Knowledge - INFO - Fast-tracked /app/data/T0015/222062/b1841j9/RDK-Service/Tests/L1Tests/tests/test_Bluetooth.cpp (ext=.cpp, size=113495)
2025-11-10 17:05:42,935 - Knowledge - INFO - Fast-tracked /app/data/T0015/222062/b1841j9/RDK-Service/Tests/L1Tests/tests/test_FrontPanel.cpp (ext=.cpp, size=28356)
2025-11-10 17:05:43,030 - Knowledge - INFO - Fast-tracked /app/data/T0015/222062/b1841j9/RDK-Service/Tests/mocks/RdkLoggerMilestone.h (ext=.h, size=568)
2025-11-10 17:05:43,147 - Knowledge - INFO - Fast-tracked /app/data/T0015/222062/b1841j9/RDK-Service/Tests/mocks/BluetoothMgr.h (ext=.h, size=58687)
2025-11-10 17:05:43,229 - Knowledge - INFO - Worker kw6 processing /app/data/T0015/222062/b1841j9/RDK-Service/Tests/mocks/Telemetry.h
2025-11-10 17:05:43,620 - Knowledge - INFO - Worker kw7 processing /app/data/T0015/222062/b1841j9/RDK-Service/Tests/L2Tests/README.md
2025-11-10 17:05:43,525 - Knowledge - INFO - done ingest for /app/data/T0015/222062/b1841j9/RDK-Service/helpers/WebSockets/WSEndpoint.cpp
2025-11-10 17:05:43,756 - Knowledge - INFO - Fast-tracked /app/data/T0015/222062/b1841j9/RDK-Service/Tests/mocks/devicesettings/SleepModeMock.h (ext=.h, size=467)
2025-11-10 17:05:43,788 - Knowledge - INFO - [LLM_CALL] Completed: UtilsJsonRpc.h:chunk1, Duration: 21711ms, PromptTokens: 3570, CompletionTokens: 410, Cost: $0.00052
2025-11-10 17:05:43,827 - Knowledge - INFO - Fast-tracked /app/data/T0015/222062/b1841j9/RDK-Service/Tests/L1Tests/tests/test_FrameRate.cpp (ext=.cpp, size=10210)
2025-11-10 17:05:43,910 - Knowledge - INFO - Worker kw10 processing /app/data/T0015/222062/b1841j9/RDK-Service/Tests/L2Tests/L2TestsPlugin/tests/SystemMode_L2Test.cpp
2025-11-10 17:05:44,016 - Knowledge - INFO - [kw11] Queue=155, InProgress=0, PendingWorkers=20/20, Completed=846/1376 (61.5%)
2025-11-10 17:05:44,039 - Knowledge - INFO - Fast-tracked /app/data/T0015/222062/b1841j9/RDK-Service/Tests/mocks/MotionDetection.cpp (ext=.cpp, size=5790)
2025-11-10 17:05:44,146 - Knowledge - INFO - Worker kw13 processing /app/data/T0015/222062/b1841j9/RDK-Service/Tests/mocks/HdmiCec.h
2025-11-10 17:05:44,226 - Knowledge - INFO - Async storage completed for 15 embeddings
2025-11-10 17:05:44,314 - Knowledge - INFO - Async storage completed for 15 embeddings
2025-11-10 17:05:44,394 - Knowledge - INFO - Worker kw4 processing /app/data/T0015/222062/b1841j9/RDK-Service/Tests/mocks/Iarm.h
2025-11-10 17:05:44,489 - Knowledge - INFO - Worker kw9 processing /app/data/T0015/222062/b1841j9/RDK-Service/Tests/mocks/RBus.h
2025-11-10 17:05:44,579 - Knowledge - INFO - Fast-tracked /app/data/T0015/222062/b1841j9/RDK-Service/Tests/mocks/Telemetry.h (ext=.h, size=858)
2025-11-10 17:05:44,667 - Knowledge - INFO - Fast-tracked /app/data/T0015/222062/b1841j9/RDK-Service/Tests/L2Tests/README.md (ext=.md, size=4039)
2025-11-10 17:05:44,843 - Knowledge - INFO - Worker kw20 processing /app/data/T0015/222062/b1841j9/RDK-Service/Tests/mocks/devicesettings/MotionDetectionMock.h
2025-11-10 17:05:44,917 - Knowledge - INFO - done ingest for /app/data/T0015/222062/b1841j9/RDK-Service/helpers/UtilsJsonRpc.h
2025-11-10 17:05:44,954 - Knowledge - INFO - Async storage completed for 15 embeddings
2025-11-10 17:05:44,994 - Knowledge - INFO - Async storage completed for 19 embeddings
2025-11-10 17:05:45,115 - Knowledge - INFO - Fast-tracked /app/data/T0015/222062/b1841j9/RDK-Service/Tests/L2Tests/L2TestsPlugin/tests/SystemMode_L2Test.cpp (ext=.cpp, size=7646)
2025-11-10 17:05:45,176 - Knowledge - INFO - Processing batch of 15 files
2025-11-10 17:05:45,192 - Knowledge - INFO - Batch sizing: calculated=12, max_allowed=25, queue=155, active_workers=20/20
2025-11-10 17:05:45,271 - Knowledge - INFO - [kw12] Queue=155, InProgress=0, PendingWorkers=20/20, Completed=850/1376 (61.8%)
2025-11-10 17:05:45,277 - Knowledge - INFO - Worker kw19 processing /app/data/T0015/222062/b1841j9/RDK-Service/Tests/mocks/HdmiCec.cpp
2025-11-10 17:05:45,403 - Knowledge - INFO - Fast-tracked /app/data/T0015/222062/b1841j9/RDK-Service/Tests/mocks/HdmiCec.h (ext=.h, size=21682)
2025-11-10 17:05:45,686 - Knowledge - INFO - Fast-tracked /app/data/T0015/222062/b1841j9/RDK-Service/Tests/mocks/Iarm.h (ext=.h, size=41195)
2025-11-10 17:05:45,785 - Knowledge - INFO - Fast-tracked /app/data/T0015/222062/b1841j9/RDK-Service/Tests/mocks/RBus.h (ext=.h, size=3005)
2025-11-10 17:05:45,871 - Knowledge - INFO - Worker kw6 processing /app/data/T0015/222062/b1841j9/RDK-Service/Tests/mocks/Rfc.h
2025-11-10 17:05:45,956 - Knowledge - INFO - Worker kw7 processing /app/data/T0015/222062/b1841j9/RDK-Service/Tests/L2Tests/L2testController.cpp
2025-11-10 17:05:45,959 - Knowledge - INFO - Async storage completed for 20 embeddings
2025-11-10 17:05:46,073 - Knowledge - INFO - Fast-tracked /app/data/T0015/222062/b1841j9/RDK-Service/Tests/mocks/devicesettings/MotionDetectionMock.h (ext=.h, size=2277)
2025-11-10 17:05:46,128 - Knowledge - INFO - [WEBSOCKET] Sent: Type=progress_update, Size: 293, Duration: 0ms
2025-11-10 17:05:46,587 - Knowledge - INFO - Worker kw10 processing /app/data/T0015/222062/b1841j9/RDK-Service/Tests/L2Tests/L2TestsPlugin/tests/SystemService_L2Test.cpp
2025-11-10 17:05:46,708 - Knowledge - INFO - process ingested knowledge for /app/data/T0015/222062/b1841j9/RDK-Service/RemoteControl/RemoteControl.h
2025-11-10 17:05:46,917 - Knowledge - INFO - Batch sizing: calculated=12, max_allowed=25, queue=155, active_workers=20/20
2025-11-10 17:05:47,031 - Knowledge - INFO - Fast-tracked /app/data/T0015/222062/b1841j9/RDK-Service/Tests/mocks/HdmiCec.cpp (ext=.cpp, size=4410)
2025-11-10 17:05:47,233 - Knowledge - INFO - Worker kw13 processing /app/data/T0015/222062/b1841j9/RDK-Service/Tests/mocks/IarmBusMock.h
2025-11-10 17:05:47,325 - Knowledge - INFO - Worker kw4 processing /app/data/T0015/222062/b1841j9/RDK-Service/Tests/mocks/maintenanceMGR.h
2025-11-10 17:05:47,406 - Knowledge - INFO - Worker kw9 processing /app/data/T0015/222062/b1841j9/RDK-Service/Tests/mocks/devicesettings.cpp
2025-11-10 17:05:47,495 - Knowledge - INFO - Fast-tracked /app/data/T0015/222062/b1841j9/RDK-Service/Tests/mocks/Rfc.h (ext=.h, size=2904)
2025-11-10 17:05:47,578 - Knowledge - INFO - Fast-tracked /app/data/T0015/222062/b1841j9/RDK-Service/Tests/L2Tests/L2testController.cpp (ext=.cpp, size=9968)
2025-11-10 17:05:47,782 - Knowledge - INFO - Worker kw20 processing /app/data/T0015/222062/b1841j9/RDK-Service/Tests/mocks/devicesettings/HdmiCecMock.h
2025-11-10 17:05:47,886 - Knowledge - INFO - Async storing batch of 18 embeddings
2025-11-10 17:05:47,886 - Knowledge - INFO - [LLM_CALL] Completed: UtilsSynchroIarm.hpp:chunk1, Duration: 24439ms, PromptTokens: 2194, CompletionTokens: 394, Cost: $0.00038
2025-11-10 17:05:47,972 - Knowledge - INFO - Fast-tracked /app/data/T0015/222062/b1841j9/RDK-Service/Tests/L2Tests/L2TestsPlugin/tests/SystemService_L2Test.cpp (ext=.cpp, size=21267)
2025-11-10 17:05:48,047 - Knowledge - INFO - process ingested knowledge for /app/data/T0015/222062/b1841j9/RDK-Service/RemoteControl/Module.cpp
2025-11-10 17:05:48,243 - Knowledge - INFO - Worker kw19 processing /app/data/T0015/222062/b1841j9/RDK-Service/Tests/mocks/CMakeLists.txt
2025-11-10 17:05:48,364 - Knowledge - INFO - Fast-tracked /app/data/T0015/222062/b1841j9/RDK-Service/Tests/mocks/IarmBusMock.h (ext=.h, size=2974)
2025-11-10 17:05:48,463 - Knowledge - INFO - Fast-tracked /app/data/T0015/222062/b1841j9/RDK-Service/Tests/mocks/maintenanceMGR.h (ext=.h, size=2091)
2025-11-10 17:05:48,653 - Knowledge - INFO - Fast-tracked /app/data/T0015/222062/b1841j9/RDK-Service/Tests/mocks/devicesettings.cpp (ext=.cpp, size=23508)
2025-11-10 17:05:48,742 - Knowledge - INFO - Worker kw6 processing /app/data/T0015/222062/b1841j9/RDK-Service/Tests/mocks/Dobby.cpp
2025-11-10 17:05:48,842 - Knowledge - INFO - Worker kw7 processing /app/data/T0015/222062/b1841j9/RDK-Service/Tests/L2Tests/Module.cpp
2025-11-10 17:05:49,001 - Knowledge - INFO - Fast-tracked /app/data/T0015/222062/b1841j9/RDK-Service/Tests/mocks/devicesettings/HdmiCecMock.h (ext=.h, size=2935)
2025-11-10 17:05:49,254 - Knowledge - INFO - Worker kw11 processing /app/data/T0015/222062/b1841j9/RDK-Service/ResourceManager/CHANGELOG.md
2025-11-10 17:05:49,348 - Knowledge - INFO - done ingest for /app/data/T0015/222062/b1841j9/RDK-Service/helpers/UtilsSynchroIarm.hpp
2025-11-10 17:05:49,365 - Knowledge - INFO - [kw8] Queue=131, InProgress=0, PendingWorkers=20/20, Completed=870/1376 (63.2%)
2025-11-10 17:05:49,370 - Knowledge - INFO - [WEBSOCKET] Sent: Type=unknown, Size: ?, Duration: 3242ms
2025-11-10 17:05:49,514 - Knowledge - INFO - Worker kw10 processing /app/data/T0015/222062/b1841j9/RDK-Service/Tests/L2Tests/L2TestsPlugin/tests/UsbAccess_L2Test.cpp
2025-11-10 17:05:49,586 - Knowledge - INFO - process ingested knowledge for /app/data/T0015/222062/b1841j9/RDK-Service/RemoteControl/CHANGELOG.md
2025-11-10 17:05:49,753 - Knowledge - INFO - Fast-tracked /app/data/T0015/222062/b1841j9/RDK-Service/Tests/mocks/CMakeLists.txt (ext=.txt, size=1326)
2025-11-10 17:05:49,879 - Knowledge - INFO - Worker kw13 processing /app/data/T0015/222062/b1841j9/RDK-Service/Tests/mocks/Wraps.h
2025-11-10 17:05:50,028 - Knowledge - INFO - Worker kw4 processing /app/data/T0015/222062/b1841j9/RDK-Service/Tests/mocks/rdkshell.h
2025-11-10 17:05:50,234 - Knowledge - INFO - Worker kw9 processing /app/data/T0015/222062/b1841j9/RDK-Service/Tests/mocks/Udev.h
2025-11-10 17:05:50,417 - Knowledge - INFO - Fast-tracked /app/data/T0015/222062/b1841j9/RDK-Service/Tests/mocks/Dobby.cpp (ext=.cpp, size=5623)
2025-11-10 17:05:50,526 - Knowledge - INFO - Fast-tracked /app/data/T0015/222062/b1841j9/RDK-Service/Tests/L2Tests/Module.cpp (ext=.cpp, size=761)
2025-11-10 17:05:50,646 - Knowledge - INFO - Worker kw20 processing /app/data/T0015/222062/b1841j9/RDK-Service/Tests/mocks/devicesettings/VideoOutputPortMock.h
2025-11-10 17:05:51,035 - Knowledge - INFO - Fast-tracked /app/data/T0015/222062/b1841j9/RDK-Service/ResourceManager/CHANGELOG.md (ext=.md, size=1589)
2025-11-10 17:05:51,345 - Knowledge - INFO - Batch sizing: calculated=12, max_allowed=25, queue=131, active_workers=20/20
2025-11-10 17:05:51,500 - Knowledge - INFO - Progress: 63.0% | Files: 870/1376 | Rate: 1.46 files/sec | Queue: 131
2025-11-10 17:05:51,597 - Knowledge - INFO - Async storing batch of 19 embeddings
2025-11-10 17:05:51,681 - Knowledge - INFO - Fast-tracked /app/data/T0015/222062/b1841j9/RDK-Service/Tests/L2Tests/L2TestsPlugin/tests/UsbAccess_L2Test.cpp (ext=.cpp, size=25562)
2025-11-10 17:05:51,793 - Knowledge - INFO - process ingested knowledge for /app/data/T0015/222062/b1841j9/RDK-Service/README.md
2025-11-10 17:05:51,905 - Knowledge - INFO - Worker kw19 processing /app/data/T0015/222062/b1841j9/RDK-Service/Tests/mocks/WpaCtrl.cpp
2025-11-10 17:05:52,038 - Knowledge - INFO - Fast-tracked /app/data/T0015/222062/b1841j9/RDK-Service/Tests/mocks/Wraps.h (ext=.h, size=1676)
2025-11-10 17:05:52,143 - Knowledge - INFO - Fast-tracked /app/data/T0015/222062/b1841j9/RDK-Service/Tests/mocks/rdkshell.h (ext=.h, size=23156)
2025-11-10 17:05:52,267 - Knowledge - INFO - Fast-tracked /app/data/T0015/222062/b1841j9/RDK-Service/Tests/mocks/Udev.h (ext=.h, size=3612)
2025-11-10 17:05:52,372 - Knowledge - INFO - Worker kw6 processing /app/data/T0015/222062/b1841j9/RDK-Service/Tests/mocks/rdkshellmock.h
2025-11-10 17:05:52,425 - Knowledge - INFO - Processing batch of 15 files
2025-11-10 17:05:52,452 - Knowledge - INFO - Worker kw7 processing /app/data/T0015/222062/b1841j9/RDK-Service/Tests/mocks/DobbyMock.h
2025-11-10 17:05:52,495 - Knowledge - INFO - Processing batch of 15 files
2025-11-10 17:05:52,502 - Knowledge - INFO - Processing batch of 15 files
2025-11-10 17:05:52,624 - Knowledge - INFO - Fast-tracked /app/data/T0015/222062/b1841j9/RDK-Service/Tests/mocks/devicesettings/VideoOutputPortMock.h (ext=.h, size=943)
2025-11-10 17:05:52,782 - Knowledge - INFO - Worker kw11 processing /app/data/T0015/222062/b1841j9/RDK-Service/LinearPlaybackControl/LinearPlaybackControl.cpp
2025-11-10 17:05:52,929 - Knowledge - INFO - Async storing batch of 20 embeddings
2025-11-10 17:05:53,076 - Knowledge - INFO - [kw16] Queue=119, InProgress=0, PendingWorkers=20/20, Completed=906/1376 (65.8%)
2025-11-10 17:05:53,219 - Knowledge - INFO - Worker kw12 processing /app/data/T0015/222062/b1841j9/RDK-Service/LinearPlaybackControl/LinearPlaybackControl.json
2025-11-10 17:05:53,362 - Knowledge - INFO - Async storage completed for 20 embeddings
2025-11-10 17:05:53,450 - Knowledge - INFO - process ingested knowledge for /app/data/T0015/222062/b1841j9/RDK-Service/CompositeInput/CompositeInput.cpp
2025-11-10 17:05:53,471 - Knowledge - INFO - Processing batch of 15 files
2025-11-10 17:05:53,690 - Knowledge - INFO - Fast-tracked /app/data/T0015/222062/b1841j9/RDK-Service/Tests/mocks/WpaCtrl.cpp (ext=.cpp, size=2742)
2025-11-10 17:05:53,759 - Knowledge - INFO - Worker kw13 processing /app/data/T0015/222062/b1841j9/RDK-Service/Tests/mocks/WpaCtrl.h
2025-11-10 17:05:53,889 - Knowledge - INFO - Worker kw4 processing /app/data/T0015/222062/b1841j9/RDK-Service/ResourceManager/ResourceManager.cpp
2025-11-10 17:05:54,176 - Knowledge - INFO - Worker kw9 processing /app/data/T0015/222062/b1841j9/RDK-Service/Tests/mocks/Iarm.cpp
2025-11-10 17:05:54,543 - Knowledge - INFO - Fast-tracked /app/data/T0015/222062/b1841j9/RDK-Service/Tests/mocks/rdkshellmock.h (ext=.h, size=11652)
2025-11-10 17:05:54,622 - Knowledge - INFO - process ingested knowledge for /app/data/T0015/222062/b1841j9/RDK-Service/helpers/UtilsIarm.h
2025-11-10 17:05:54,815 - Knowledge - INFO - Fast-tracked /app/data/T0015/222062/b1841j9/RDK-Service/Tests/mocks/DobbyMock.h (ext=.h, size=2762)
2025-11-10 17:05:54,916 - Knowledge - INFO - process ingested knowledge for /app/data/T0015/222062/b1841j9/RDK-Service/Tests/L1Tests/CMakeLists.txt
2025-11-10 17:05:55,796 - Knowledge - INFO - process ingested knowledge for /app/data/T0015/222062/b1841j9/RDK-Service/Tests/L1Tests/tests/test_LocationSync.cpp
2025-11-10 17:05:56,081 - Knowledge - INFO - Worker kw20 processing /app/data/T0015/222062/b1841j9/RDK-Service/Tests/mocks/devicesettings/VideoOutputPortConfigMock.h
2025-11-10 17:05:56,274 - Knowledge - INFO - Worker kw11 processing /app/data/T0015/222062/b1841j9/RDK-Service/LinearPlaybackControl/Module.h
2025-11-10 17:05:56,416 - Knowledge - INFO - Worker kw8 processing /app/data/T0015/222062/b1841j9/RDK-Service/Warehouse/Module.cpp
2025-11-10 17:05:56,523 - Knowledge - INFO - [LLM_CALL] Completed: services.cmake:chunk1, Duration: 11317ms, PromptTokens: 5508, CompletionTokens: 126, Cost: $0.00060
2025-11-10 17:05:56,569 - Knowledge - INFO - Batch sizing: calculated=12, max_allowed=25, queue=119, active_workers=20/20
2025-11-10 17:05:56,734 - Knowledge - INFO - Fast-tracked /app/data/T0015/222062/b1841j9/RDK-Service/LinearPlaybackControl/LinearPlaybackControl.json (ext=.json, size=9637)
2025-11-10 17:05:57,070 - Knowledge - INFO - process ingested knowledge for /app/data/T0015/222062/b1841j9/RDK-Service/CompositeInput/Module.h
2025-11-10 17:05:57,377 - Knowledge - INFO - process ingested knowledge for /app/data/T0015/222062/b1841j9/RDK-Service/Tests/L1Tests/tests/test_RDKShell.cpp
2025-11-10 17:05:57,702 - Knowledge - INFO - Worker kw19 processing /app/data/T0015/222062/b1841j9/RDK-Service/Tests/mocks/Wraps.cpp
2025-11-10 17:05:57,915 - Knowledge - INFO - Fast-tracked /app/data/T0015/222062/b1841j9/RDK-Service/Tests/mocks/WpaCtrl.h (ext=.h, size=1894)
2025-11-10 17:05:57,993 - Knowledge - INFO - Worker kw4 processing /app/data/T0015/222062/b1841j9/RDK-Service/ResourceManager/Module.h
2025-11-10 17:05:58,123 - Knowledge - INFO - Fast-tracked /app/data/T0015/222062/b1841j9/RDK-Service/Tests/mocks/Iarm.cpp (ext=.cpp, size=4135)
2025-11-10 17:05:58,226 - Knowledge - INFO - Worker kw6 processing /app/data/T0015/222062/b1841j9/RDK-Service/Tests/mocks/BluetoothMocks.h
2025-11-10 17:05:58,355 - Knowledge - INFO - process ingested knowledge for /app/data/T0015/222062/b1841j9/RDK-Service/helpers/UtilsLOG_MILESTONE.h
2025-11-10 17:05:58,470 - Knowledge - INFO - Async storage completed for 20 embeddings
2025-11-10 17:05:58,582 - Knowledge - INFO - process ingested knowledge for /app/data/T0015/222062/b1841j9/RDK-Service/Tests/L1Tests/README.md
2025-11-10 17:05:58,698 - Knowledge - INFO - process ingested knowledge for /app/data/T0015/222062/b1841j9/RDK-Service/Tests/L1Tests/tests/test_TraceControlWeb.cpp
2025-11-10 17:05:58,985 - Knowledge - INFO - Fast-tracked /app/data/T0015/222062/b1841j9/RDK-Service/Tests/mocks/devicesettings/VideoOutputPortConfigMock.h (ext=.h, size=400)
2025-11-10 17:05:59,207 - Knowledge - INFO - Fast-tracked /app/data/T0015/222062/b1841j9/RDK-Service/LinearPlaybackControl/Module.h (ext=.h, size=1042)
2025-11-10 17:05:59,725 - Knowledge - INFO - Fast-tracked /app/data/T0015/222062/b1841j9/RDK-Service/Warehouse/Module.cpp (ext=.cpp, size=765)
2025-11-10 17:05:59,826 - Knowledge - INFO - done ingest for /app/data/T0015/222062/b1841j9/RDK-Service/services.cmake
2025-11-10 17:05:59,935 - Knowledge - INFO - [LLM_CALL] Completed: UtilsString.h:chunk1, Duration: 31920ms, PromptTokens: 6170, CompletionTokens: 776, Cost: $0.00093
2025-11-10 17:06:00,313 - Knowledge - INFO - Worker kw12 processing /app/data/T0015/222062/b1841j9/RDK-Service/LinearPlaybackControl/Module.cpp
2025-11-10 17:06:00,551 - Knowledge - INFO - process ingested knowledge for /app/data/T0015/222062/b1841j9/RDK-Service/CompositeInput/CompositeInputPlugin.json
2025-11-10 17:06:00,666 - Knowledge - INFO - process ingested knowledge for /app/data/T0015/222062/b1841j9/RDK-Service/Tests/L1Tests/tests/test_LoggingPreferences.cpp
2025-11-10 17:06:00,748 - Knowledge - INFO - Fast-tracked /app/data/T0015/222062/b1841j9/RDK-Service/Tests/mocks/Wraps.cpp (ext=.cpp, size=3576)
2025-11-10 17:06:00,837 - Knowledge - INFO - Worker kw13 processing /app/data/T0015/222062/b1841j9/RDK-Service/Tests/mocks/TelemetryMock.h
2025-11-10 17:06:00,928 - Knowledge - INFO - Fast-tracked /app/data/T0015/222062/b1841j9/RDK-Service/ResourceManager/Module.h (ext=.h, size=930)
2025-11-10 17:06:01,019 - Knowledge - INFO - Worker kw9 processing /app/data/T0015/222062/b1841j9/RDK-Service/Tests/mocks/thunder/WorkerPoolImplementation.h
2025-11-10 17:06:01,114 - Knowledge - INFO - Fast-tracked /app/data/T0015/222062/b1841j9/RDK-Service/Tests/mocks/BluetoothMocks.h (ext=.h, size=4844)
2025-11-10 17:06:01,230 - Knowledge - INFO - process ingested knowledge for /app/data/T0015/222062/b1841j9/RDK-Service/helpers/UtilsgetRFCConfig.h
2025-11-10 17:06:01,433 - Knowledge - INFO - process ingested knowledge for /app/data/T0015/222062/b1841j9/RDK-Service/Tests/L1Tests/tests/test_HdcpProfile.cpp
2025-11-10 17:06:01,528 - Knowledge - INFO - process ingested knowledge for /app/data/T0015/222062/b1841j9/RDK-Service/Tests/L1Tests/tests/test_DataCapture.cpp
2025-11-10 17:06:01,640 - Knowledge - INFO - Worker kw20 processing /app/data/T0015/222062/b1841j9/RDK-Service/Tests/mocks/devicesettings/CompositeInputMock.h
2025-11-10 17:06:01,734 - Knowledge - INFO - Worker kw11 processing /app/data/T0015/222062/b1841j9/RDK-Service/LinearPlaybackControl/DemuxerStreamFsFCC.cpp
2025-11-10 17:06:01,820 - Knowledge - INFO - Worker kw8 processing /app/data/T0015/222062/b1841j9/RDK-Service/Warehouse/CHANGELOG.md
2025-11-10 17:06:02,051 - Knowledge - INFO - done ingest for /app/data/T0015/222062/b1841j9/RDK-Service/helpers/UtilsString.h
2025-11-10 17:06:02,073 - Knowledge - INFO - Async storing batch of 18 embeddings
2025-11-10 17:06:02,085 - Knowledge - INFO - [LLM_CALL] Completed: tptimer.h:chunk1, Duration: 26280ms, PromptTokens: 2246, CompletionTokens: 487, Cost: $0.00042
2025-11-10 17:06:02,255 - Knowledge - INFO - Fast-tracked /app/data/T0015/222062/b1841j9/RDK-Service/LinearPlaybackControl/Module.cpp (ext=.cpp, size=781)
2025-11-10 17:06:02,342 - Knowledge - INFO - process ingested knowledge for /app/data/T0015/222062/b1841j9/RDK-Service/CompositeInput/CMakeLists.txt
2025-11-10 17:06:02,478 - Knowledge - INFO - process ingested knowledge for /app/data/T0015/222062/b1841j9/RDK-Service/Tests/L1Tests/tests/test_MiracastService.cpp
2025-11-10 17:06:02,584 - Knowledge - INFO - Worker kw19 processing /app/data/T0015/222062/b1841j9/RDK-Service/Tests/mocks/devicesettings/RtObjectBaseMock.h
2025-11-10 17:06:02,850 - Knowledge - INFO - Fast-tracked /app/data/T0015/222062/b1841j9/RDK-Service/Tests/mocks/TelemetryMock.h (ext=.h, size=320)
2025-11-10 17:06:03,016 - Knowledge - INFO - Worker kw4 processing /app/data/T0015/222062/b1841j9/RDK-Service/ResourceManager/ResourceManagerPlugin.json
2025-11-10 17:06:03,104 - Knowledge - INFO - Fast-tracked /app/data/T0015/222062/b1841j9/RDK-Service/Tests/mocks/thunder/WorkerPoolImplementation.h (ext=.h, size=1206)
2025-11-10 17:06:03,187 - Knowledge - INFO - Worker kw6 processing /app/data/T0015/222062/b1841j9/RDK-Service/Tests/mocks/Udev.cpp
2025-11-10 17:06:03,515 - Knowledge - INFO - process ingested knowledge for /app/data/T0015/222062/b1841j9/RDK-Service/Tests/L1Tests/tests/test_Packager.cpp
2025-11-10 17:06:03,622 - Knowledge - INFO - Fast-tracked /app/data/T0015/222062/b1841j9/RDK-Service/Tests/mocks/devicesettings/CompositeInputMock.h (ext=.h, size=517)
2025-11-10 17:06:03,293 - Knowledge - INFO - process ingested knowledge for /app/data/T0015/222062/b1841j9/RDK-Service/helpers/UtilscRunScript.h
2025-11-10 17:06:03,423 - Knowledge - INFO - process ingested knowledge for /app/data/T0015/222062/b1841j9/RDK-Service/Tests/L1Tests/tests/test_TextToSpeech.cpp
2025-11-10 17:06:03,729 - Knowledge - INFO - Worker kw11 processing /app/data/T0015/222062/b1841j9/RDK-Service/LinearPlaybackControl/FileSelectListener.h
2025-11-10 17:06:03,853 - Knowledge - INFO - Fast-tracked /app/data/T0015/222062/b1841j9/RDK-Service/Warehouse/CHANGELOG.md (ext=.md, size=2340)
2025-11-10 17:06:04,278 - Knowledge - INFO - Worker kw16 processing /app/data/T0015/222062/b1841j9/RDK-Service/MediaEngineRMF/MediaEngineRMF.cpp
2025-11-10 17:06:04,366 - Knowledge - INFO - done ingest for /app/data/T0015/222062/b1841j9/RDK-Service/helpers/tptimer.h
2025-11-10 17:06:04,536 - Knowledge - INFO - Worker kw12 processing /app/data/T0015/222062/b1841j9/RDK-Service/LinearPlaybackControl/LinearConfig.h
2025-11-10 17:06:04,740 - Knowledge - INFO - process ingested knowledge for /app/data/T0015/222062/b1841j9/RDK-Service/CompositeInput/cmake/FindIARMBus.cmake
2025-11-10 17:06:04,824 - Knowledge - INFO - process ingested knowledge for /app/data/T0015/222062/b1841j9/RDK-Service/Tests/L1Tests/tests/test_MotionDetection.cpp
2025-11-10 17:06:05,004 - Knowledge - INFO - Fast-tracked /app/data/T0015/222062/b1841j9/RDK-Service/Tests/mocks/devicesettings/RtObjectBaseMock.h (ext=.h, size=1302)
2025-11-10 17:06:05,050 - Knowledge - INFO - Worker kw13 processing /app/data/T0015/222062/b1841j9/RDK-Service/Tests/mocks/MotionDetection.h
2025-11-10 17:06:05,282 - Knowledge - INFO - Fast-tracked /app/data/T0015/222062/b1841j9/RDK-Service/ResourceManager/ResourceManagerPlugin.json (ext=.json, size=496)
2025-11-10 17:06:05,304 - Knowledge - INFO - Processing batch of 15 files
2025-11-10 17:06:05,394 - Knowledge - INFO - Worker kw9 processing /app/data/T0015/222062/b1841j9/RDK-Service/Tests/mocks/thunder/Module.h
2025-11-10 17:06:05,540 - Knowledge - INFO - Fast-tracked /app/data/T0015/222062/b1841j9/RDK-Service/Tests/mocks/Udev.cpp (ext=.cpp, size=4365)
2025-11-10 17:06:05,633 - Knowledge - INFO - process ingested knowledge for /app/data/T0015/222062/b1841j9/RDK-Service/Tests/L1Tests/tests/test_OCIContainer.cpp
2025-11-10 17:06:05,699 - Knowledge - INFO - [LLM_CALL] Completed: frontpanel.cpp:chunk1, Duration: 45853ms, PromptTokens: 11596, CompletionTokens: 1294, Cost: $0.00168
2025-11-10 17:06:05,759 - Knowledge - INFO - Worker kw20 processing /app/data/T0015/222062/b1841j9/RDK-Service/Tests/mocks/devicesettings/FloatingRtFunctionsMock.h
2025-11-10 17:06:05,850 - Knowledge - INFO - process ingested knowledge for /app/data/T0015/222062/b1841j9/RDK-Service/helpers/UtilsThreadRAII.h
2025-11-10 17:06:05,944 - Knowledge - INFO - process ingested knowledge for /app/data/T0015/222062/b1841j9/RDK-Service/Tests/L1Tests/tests/test_DeviceDiagnostics.cpp
2025-11-10 17:06:06,080 - Knowledge - INFO - Worker kw11 processing /app/data/T0015/222062/b1841j9/RDK-Service/LinearPlaybackControl/LinearConfig.cpp
2025-11-10 17:06:06,219 - Knowledge - INFO - Worker kw8 processing /app/data/T0015/222062/b1841j9/RDK-Service/Telemetry/Module.h
2025-11-10 17:06:06,310 - Knowledge - INFO - Worker kw16 processing /app/data/T0015/222062/b1841j9/RDK-Service/MediaEngineRMF/MediaEngineRMFPlugin.json
2025-11-10 17:06:06,706 - Knowledge - INFO - Fast-tracked /app/data/T0015/222062/b1841j9/RDK-Service/LinearPlaybackControl/LinearConfig.h (ext=.h, size=1563)
2025-11-10 17:06:06,799 - Knowledge - INFO - process ingested knowledge for /app/data/T0015/222062/b1841j9/RDK-Service/CompositeInput/cmake/FindDS.cmake
2025-11-10 17:06:06,901 - Knowledge - INFO - process ingested knowledge for /app/data/T0015/222062/b1841j9/RDK-Service/Tests/L1Tests/tests/test_ActivityMonitor.cpp
2025-11-10 17:06:07,090 - Knowledge - INFO - Worker kw19 processing /app/data/T0015/222062/b1841j9/RDK-Service/Tests/mocks/devicesettings/AudioOutputPortMock.h
2025-11-10 17:06:07,382 - Knowledge - INFO - Fast-tracked /app/data/T0015/222062/b1841j9/RDK-Service/Tests/mocks/MotionDetection.h (ext=.h, size=7608)
2025-11-10 17:06:07,657 - Knowledge - INFO - Worker kw4 processing /app/data/T0015/222062/b1841j9/RDK-Service/ResourceManager/CMakeLists.txt
2025-11-10 17:06:07,868 - Knowledge - INFO - process ingested knowledge for /app/data/T0015/222062/b1841j9/RDK-Service/Tests/L1Tests/tests/test_HdmiCec2.cpp
2025-11-10 17:06:08,041 - Knowledge - INFO - Fast-tracked /app/data/T0015/222062/b1841j9/RDK-Service/Tests/mocks/thunder/Module.h (ext=.h, size=132)
2025-11-10 17:06:08,276 - Knowledge - INFO - Worker kw6 processing /app/data/T0015/222062/b1841j9/RDK-Service/Tests/mocks/RfcApiMock.h
2025-11-10 17:06:08,524 - Knowledge - INFO - process ingested knowledge for /app/data/T0015/222062/b1841j9/RDK-Service/Tests/L1Tests/tests/test_HdmiCecSource.cpp
2025-11-10 17:06:08,654 - Knowledge - INFO - done ingest for /app/data/T0015/222062/b1841j9/RDK-Service/helpers/frontpanel.cpp
2025-11-10 17:06:08,853 - Knowledge - INFO - Fast-tracked /app/data/T0015/222062/b1841j9/RDK-Service/Tests/mocks/devicesettings/FloatingRtFunctionsMock.h (ext=.h, size=1434)
2025-11-10 17:06:08,937 - Knowledge - INFO - process ingested knowledge for /app/data/T0015/222062/b1841j9/RDK-Service/helpers/UtilsTelemetry.h
2025-11-10 17:06:08,955 - Knowledge - INFO - Processing batch of 15 files
2025-11-10 17:06:09,107 - Knowledge - INFO - process ingested knowledge for /app/data/T0015/222062/b1841j9/RDK-Service/Tests/L1Tests/tests/test_ScreenCapture.cpp
2025-11-10 17:06:09,287 - Knowledge - INFO - Fast-tracked /app/data/T0015/222062/b1841j9/RDK-Service/LinearPlaybackControl/LinearConfig.cpp (ext=.cpp, size=744)
2025-11-10 17:06:09,356 - Knowledge - INFO - [LLM_CALL] Completed: UtilsSynchro.hpp:chunk1, Duration: 41333ms, PromptTokens: 2576, CompletionTokens: 505, Cost: $0.00046
2025-11-10 17:06:09,366 - Knowledge - INFO - Fast-tracked /app/data/T0015/222062/b1841j9/RDK-Service/Telemetry/Module.h (ext=.h, size=866)
2025-11-10 17:06:09,469 - Knowledge - INFO - Fast-tracked /app/data/T0015/222062/b1841j9/RDK-Service/MediaEngineRMF/MediaEngineRMFPlugin.json (ext=.json, size=479)
2025-11-10 17:06:09,568 - Knowledge - INFO - Worker kw12 processing /app/data/T0015/222062/b1841j9/RDK-Service/Warehouse/Warehouse.cpp
2025-11-10 17:06:09,725 - Knowledge - INFO - process ingested knowledge for /app/data/T0015/222062/b1841j9/RDK-Service/CompositeInput/CompositeInput.h
2025-11-10 17:06:09,858 - Knowledge - INFO - process ingested knowledge for /app/data/T0015/222062/b1841j9/RDK-Service/Tests/L1Tests/tests/test_HdmiCec.cpp
2025-11-10 17:06:10,110 - Knowledge - INFO - Fast-tracked /app/data/T0015/222062/b1841j9/RDK-Service/Tests/mocks/devicesettings/AudioOutputPortMock.h (ext=.h, size=572)
2025-11-10 17:06:10,197 - Knowledge - INFO - Worker kw13 processing /app/data/T0015/222062/b1841j9/RDK-Service/Tests/mocks/secure_wrappermock.h
2025-11-10 17:06:10,331 - Knowledge - INFO - Fast-tracked /app/data/T0015/222062/b1841j9/RDK-Service/ResourceManager/CMakeLists.txt (ext=.txt, size=2156)
2025-11-10 17:06:10,474 - Knowledge - INFO - process ingested knowledge for /app/data/T0015/222062/b1841j9/RDK-Service/Tests/L1Tests/tests/test_TraceControlJsonRpc.cpp
2025-11-10 17:06:10,654 - Knowledge - INFO - Worker kw9 processing /app/data/T0015/222062/b1841j9/RDK-Service/Tests/mocks/thunder/FactoriesImplementation.h
2025-11-10 17:06:11,051 - Knowledge - INFO - Fast-tracked /app/data/T0015/222062/b1841j9/RDK-Service/Tests/mocks/RfcApiMock.h (ext=.h, size=533)
2025-11-10 17:06:11,208 - Knowledge - INFO - process ingested knowledge for /app/data/T0015/222062/b1841j9/RDK-Service/Tests/L1Tests/tests/test_MaintenanceManager.cpp
2025-11-10 17:06:11,477 - Knowledge - INFO - Worker kw20 processing /app/data/T0015/222062/b1841j9/RDK-Service/Tests/mocks/devicesettings/VideoResolutionMock.h
2025-11-10 17:06:11,636 - Knowledge - INFO - process ingested knowledge for /app/data/T0015/222062/b1841j9/RDK-Service/helpers/WebSockets/WSEndpoint.cpp
2025-11-10 17:06:11,741 - Knowledge - INFO - process ingested knowledge for /app/data/T0015/222062/b1841j9/RDK-Service/Tests/L2Tests/L2TestsPlugin/tests/Analytics_L2Test.cpp
2025-11-10 17:06:12,034 - Knowledge - INFO - process ingested knowledge for /app/data/T0015/222062/b1841j9/RDK-Service/Tests/L1Tests/tests/test_DeviceAudioCapabilities.cpp
2025-11-10 17:06:12,172 - Knowledge - INFO - Worker kw11 processing /app/data/T0015/222062/b1841j9/RDK-Service/LinearPlaybackControl/LinearPlaybackControlPlugin.json
2025-11-10 17:06:12,327 - Knowledge - INFO - done ingest for /app/data/T0015/222062/b1841j9/RDK-Service/helpers/UtilsSynchro.hpp
2025-11-10 17:06:12,338 - Knowledge - INFO - [LLM_CALL] Completed: XCastImplementation.h:chunk1, Duration: 28751ms, PromptTokens: 3792, CompletionTokens: 814, Cost: $0.00070
2025-11-10 17:06:12,427 - Knowledge - INFO - Worker kw8 processing /app/data/T0015/222062/b1841j9/RDK-Service/Telemetry/Telemetry.cpp
2025-11-10 17:06:12,550 - Knowledge - INFO - Worker kw16 processing /app/data/T0015/222062/b1841j9/RDK-Service/MediaEngineRMF/CMakeLists.txt
2025-11-10 17:06:12,625 - Knowledge - INFO - Worker kw12 processing /app/data/T0015/222062/b1841j9/RDK-Service/Warehouse/Module.h
2025-11-10 17:06:12,707 - Knowledge - INFO - process ingested knowledge for /app/data/T0015/222062/b1841j9/RDK-Service/CompositeInput/README.md
2025-11-10 17:06:12,784 - Knowledge - INFO - process ingested knowledge for /app/data/T0015/222062/b1841j9/RDK-Service/Tests/L1Tests/tests/test_CompositeInput.cpp
2025-11-10 17:06:12,865 - Knowledge - INFO - Worker kw19 processing /app/data/T0015/222062/b1841j9/RDK-Service/Tests/mocks/devicesettings/FrontPanelTextDisplayMock.h
2025-11-10 17:06:12,943 - Knowledge - INFO - Fast-tracked /app/data/T0015/222062/b1841j9/RDK-Service/Tests/mocks/secure_wrappermock.h (ext=.h, size=280)
2025-11-10 17:06:13,032 - Knowledge - INFO - Worker kw4 processing /app/data/T0015/222062/b1841j9/RDK-Service/ResourceManager/ResourceManager.h
2025-11-10 17:06:13,115 - Knowledge - INFO - process ingested knowledge for /app/data/T0015/222062/b1841j9/RDK-Service/Tests/clang.cmake
2025-11-10 17:06:13,233 - Knowledge - INFO - Fast-tracked /app/data/T0015/222062/b1841j9/RDK-Service/Tests/mocks/thunder/FactoriesImplementation.h (ext=.h, size=2068)
2025-11-10 17:06:13,353 - Knowledge - INFO - Worker kw6 processing /app/data/T0015/222062/b1841j9/RDK-Service/Tests/mocks/DRMScreenCapture.h
2025-11-10 17:06:13,436 - Knowledge - INFO - process ingested knowledge for /app/data/T0015/222062/b1841j9/RDK-Service/Tests/L1Tests/tests/test_UserPreferences.cpp
2025-11-10 17:06:13,524 - Knowledge - INFO - Fast-tracked /app/data/T0015/222062/b1841j9/RDK-Service/Tests/mocks/devicesettings/VideoResolutionMock.h (ext=.h, size=264)
2025-11-10 17:06:13,609 - Knowledge - INFO - process ingested knowledge for /app/data/T0015/222062/b1841j9/RDK-Service/helpers/WebSockets/PingPong/PingPongDisabled.h
2025-11-10 17:06:13,713 - Knowledge - INFO - process ingested knowledge for /app/data/T0015/222062/b1841j9/RDK-Service/Tests/L2Tests/L2TestsPlugin/tests/UserSettings_L2Test.cpp
2025-11-10 17:06:13,799 - Knowledge - INFO - process ingested knowledge for /app/data/T0015/222062/b1841j9/RDK-Service/Tests/L1Tests/tests/test_UsbAccess.cpp
2025-11-10 17:06:13,881 - Knowledge - INFO - Fast-tracked /app/data/T0015/222062/b1841j9/RDK-Service/LinearPlaybackControl/LinearPlaybackControlPlugin.json (ext=.json, size=414)
2025-11-10 17:06:14,193 - Knowledge - INFO - done ingest for /app/data/T0015/222062/b1841j9/RDK-Service/XCast/XCastImplementation.h
2025-11-10 17:06:14,206 - Knowledge - INFO - [LLM_CALL] Completed: JsonRpcInterface.h:chunk1, Duration: 60020ms, PromptTokens: 4552, CompletionTokens: 749, Cost: $0.00075
2025-11-10 17:06:14,285 - Knowledge - INFO - Worker kw8 processing /app/data/T0015/222062/b1841j9/RDK-Service/Telemetry/TelemetryPlugin.json
2025-11-10 17:06:14,460 - Knowledge - INFO - Fast-tracked /app/data/T0015/222062/b1841j9/RDK-Service/MediaEngineRMF/CMakeLists.txt (ext=.txt, size=2399)
2025-11-10 17:06:14,559 - Knowledge - INFO - Fast-tracked /app/data/T0015/222062/b1841j9/RDK-Service/Warehouse/Module.h (ext=.h, size=873)
2025-11-10 17:06:14,641 - Knowledge - INFO - process ingested knowledge for /app/data/T0015/222062/b1841j9/RDK-Service/CompositeInput/CompositeInput.json
2025-11-10 17:06:14,725 - Knowledge - INFO - process ingested knowledge for /app/data/T0015/222062/b1841j9/RDK-Service/Tests/L1Tests/tests/test_Warehouse.cpp
2025-11-10 17:06:14,815 - Knowledge - INFO - Fast-tracked /app/data/T0015/222062/b1841j9/RDK-Service/Tests/mocks/devicesettings/FrontPanelTextDisplayMock.h (ext=.h, size=813)
2025-11-10 17:06:14,888 - Knowledge - INFO - Worker kw13 processing /app/data/T0015/222062/b1841j9/RDK-Service/Tests/mocks/devicesettings.h
2025-11-10 17:06:14,966 - Knowledge - INFO - Worker kw4 processing /app/data/T0015/222062/b1841j9/RDK-Service/ResourceManager/README.md
2025-11-10 17:06:15,039 - Knowledge - INFO - process ingested knowledge for /app/data/T0015/222062/b1841j9/RDK-Service/Tests/gcc-with-coverage.cmake
2025-11-10 17:06:15,120 - Knowledge - INFO - Async storage completed for 20 embeddings
2025-11-10 17:06:15,199 - Knowledge - INFO - Fast-tracked /app/data/T0015/222062/b1841j9/RDK-Service/Tests/mocks/DRMScreenCapture.h (ext=.h, size=2402)
2025-11-10 17:06:15,349 - Knowledge - INFO - process ingested knowledge for /app/data/T0015/222062/b1841j9/RDK-Service/Tests/L1Tests/tests/test_UtilsFile.cpp
2025-11-10 17:06:15,439 - Knowledge - INFO - Worker kw20 processing /app/data/T0015/222062/b1841j9/RDK-Service/Tests/mocks/devicesettings/ManagerMock.h
2025-11-10 17:06:15,527 - Knowledge - INFO - process ingested knowledge for /app/data/T0015/222062/b1841j9/RDK-Service/helpers/WebSockets/PingPong/PingPongEnabled.h
2025-11-10 17:06:15,616 - Knowledge - INFO - process ingested knowledge for /app/data/T0015/222062/b1841j9/RDK-Service/Tests/L2Tests/L2TestsPlugin/tests/Warehouse_L2Test.cpp
2025-11-10 17:06:15,708 - Knowledge - INFO - process ingested knowledge for /app/data/T0015/222062/b1841j9/RDK-Service/Tests/L1Tests/tests/test_DeviceInfo.cpp
2025-11-10 17:06:15,793 - Knowledge - INFO - Worker kw11 processing /app/data/T0015/222062/b1841j9/RDK-Service/LinearPlaybackControl/CMakeLists.txt
2025-11-10 17:06:16,085 - Knowledge - INFO - done ingest for /app/data/T0015/222062/b1841j9/RDK-Service/helpers/WebSockets/CommunicationInterface/JsonRpcInterface.h
2025-11-10 17:06:16,108 - Knowledge - INFO - [LLM_CALL] Completed: UtilsInputValidator.h:chunk1, Duration: 52375ms, PromptTokens: 4860, CompletionTokens: 626, Cost: $0.00074
2025-11-10 17:06:16,771 - Knowledge - INFO - Fast-tracked /app/data/T0015/222062/b1841j9/RDK-Service/Telemetry/TelemetryPlugin.json (ext=.json, size=469)
2025-11-10 17:06:16,827 - Knowledge - INFO - Worker kw16 processing /app/data/T0015/222062/b1841j9/RDK-Service/MediaEngineRMF/MediaEngineRMF.h
2025-11-10 17:06:17,850 - Knowledge - INFO - Fast-tracked /app/data/T0015/222062/b1841j9/RDK-Service/Tests/mocks/devicesettings.h (ext=.h, size=43794)
2025-11-10 17:06:17,115 - Knowledge - INFO - process ingested knowledge for /app/data/T0015/222062/b1841j9/RDK-Service/CompositeInput/Module.cpp
2025-11-10 17:06:17,256 - Knowledge - INFO - process ingested knowledge for /app/data/T0015/222062/b1841j9/RDK-Service/Tests/L1Tests/tests/test_FirmwareVersion.cpp
2025-11-10 17:06:17,432 - Knowledge - INFO - Async storage completed for 16 embeddings
2025-11-10 17:06:16,990 - Knowledge - INFO - Worker kw12 processing /app/data/T0015/222062/b1841j9/RDK-Service/Warehouse/WarehousePlugin.json
2025-11-10 17:06:18,093 - Knowledge - INFO - Fast-tracked /app/data/T0015/222062/b1841j9/RDK-Service/ResourceManager/README.md (ext=.md, size=1011)
2025-11-10 17:06:18,209 - Knowledge - INFO - process ingested knowledge for /app/data/T0015/222062/b1841j9/RDK-Service/Tests/L2Tests/L2TestsPlugin/L2TestsPlugin.json
2025-11-10 17:06:18,625 - Knowledge - INFO - Async storage completed for 15 embeddings
2025-11-10 17:06:18,776 - Knowledge - INFO - process ingested knowledge for /app/data/T0015/222062/b1841j9/RDK-Service/Tests/L1Tests/tests/test_DeviceVideoCapabilities.cpp
2025-11-10 17:06:18,874 - Knowledge - INFO - Fast-tracked /app/data/T0015/222062/b1841j9/RDK-Service/Tests/mocks/devicesettings/ManagerMock.h (ext=.h, size=267)
2025-11-10 17:06:18,991 - Knowledge - INFO - process ingested knowledge for /app/data/T0015/222062/b1841j9/RDK-Service/helpers/WebSockets/WSEndpoint.h
2025-11-10 17:06:19,103 - Knowledge - INFO - process ingested knowledge for /app/data/T0015/222062/b1841j9/RDK-Service/Tests/L2Tests/L2TestsPlugin/tests/Telemetry_L2Test.cpp
2025-11-10 17:06:19,204 - Knowledge - INFO - process ingested knowledge for /app/data/T0015/222062/b1841j9/RDK-Service/Tests/L1Tests/tests/test_HdmiInput.cpp
2025-11-10 17:06:19,284 - Knowledge - INFO - Fast-tracked /app/data/T0015/222062/b1841j9/RDK-Service/LinearPlaybackControl/CMakeLists.txt (ext=.txt, size=1903)
2025-11-10 17:06:19,438 - Knowledge - INFO - done ingest for /app/data/T0015/222062/b1841j9/RDK-Service/helpers/UtilsInputValidator.h
2025-11-10 17:06:19,439 - Knowledge - INFO - [LLM_CALL] Completed: XCastManager.cpp:chunk1, Duration: 39021ms, PromptTokens: 8966, CompletionTokens: 1264, Cost: $0.00140
2025-11-10 17:06:19,526 - Knowledge - INFO - Worker kw8 processing /app/data/T0015/222062/b1841j9/RDK-Service/Telemetry/CMakeLists.txt
2025-11-10 17:06:19,617 - Knowledge - INFO - Worker kw16 processing /app/data/T0015/222062/b1841j9/RDK-Service/MediaEngineRMF/MediaEngineRMF.json
2025-11-10 17:06:19,710 - Knowledge - INFO - Worker kw13 processing /app/data/T0015/222062/b1841j9/RDK-Service/Tests/mocks/DRMScreenCaptureMock.h
2025-11-10 17:06:19,800 - Knowledge - INFO - process ingested knowledge for /app/data/T0015/222062/b1841j9/RDK-Service/CompositeInput/CHANGELOG.md
2025-11-10 17:06:19,885 - Knowledge - INFO - process ingested knowledge for /app/data/T0015/222062/b1841j9/RDK-Service/Tests/L1Tests/tests/test_XCast.cpp
2025-11-10 17:06:20,070 - Knowledge - INFO - Fast-tracked /app/data/T0015/222062/b1841j9/RDK-Service/Warehouse/WarehousePlugin.json (ext=.json, size=465)
2025-11-10 17:06:20,139 - Knowledge - INFO - Worker kw4 processing /app/data/T0015/222062/b1841j9/RDK-Service/ResourceManager/ResourceManager.json
2025-11-10 17:06:20,267 - Knowledge - INFO - process ingested knowledge for /app/data/T0015/222062/b1841j9/RDK-Service/Tests/L2Tests/L2TestsPlugin/Module.h
2025-11-10 17:06:20,504 - Knowledge - INFO - process ingested knowledge for /app/data/T0015/222062/b1841j9/RDK-Service/Tests/L1Tests/tests/test_MiracastPlayer.cpp
2025-11-10 17:06:20,597 - Knowledge - INFO - Async storage completed for 18 embeddings
2025-11-10 17:06:20,679 - Knowledge - INFO - process ingested knowledge for /app/data/T0015/222062/b1841j9/RDK-Service/helpers/WebSockets/Roles/SingleClientServer.h
2025-11-10 17:06:20,763 - Knowledge - INFO - process ingested knowledge for /app/data/T0015/222062/b1841j9/RDK-Service/Tests/L2Tests/L2TestsPlugin/tests/UserPreferences_L2Test.cpp
2025-11-10 17:06:20,845 - Knowledge - INFO - process ingested knowledge for /app/data/T0015/222062/b1841j9/RDK-Service/Tests/L1Tests/tests/test_HdmiCecSink.cpp
2025-11-10 17:06:20,934 - Knowledge - INFO - Worker kw11 processing /app/data/T0015/222062/b1841j9/RDK-Service/LinearPlaybackControl/DemuxerStreamFsFCC.h
2025-11-10 17:06:21,196 - Knowledge - INFO - done ingest for /app/data/T0015/222062/b1841j9/RDK-Service/XCast/XCastManager.cpp
2025-11-10 17:06:21,399 - Knowledge - INFO - Fast-tracked /app/data/T0015/222062/b1841j9/RDK-Service/Telemetry/CMakeLists.txt (ext=.txt, size=2871)
2025-11-10 17:06:21,547 - Knowledge - INFO - Fast-tracked /app/data/T0015/222062/b1841j9/RDK-Service/MediaEngineRMF/MediaEngineRMF.json (ext=.json, size=7906)
2025-11-10 17:06:21,662 - Knowledge - INFO - Fast-tracked /app/data/T0015/222062/b1841j9/RDK-Service/Tests/mocks/DRMScreenCaptureMock.h (ext=.h, size=523)
2025-11-10 17:06:22,341 - Knowledge - INFO - Worker kw12 processing /app/data/T0015/222062/b1841j9/RDK-Service/Warehouse/CMakeLists.txt
2025-11-10 17:06:22,492 - Knowledge - INFO - Fast-tracked /app/data/T0015/222062/b1841j9/RDK-Service/ResourceManager/ResourceManager.json (ext=.json, size=2920)
2025-11-10 17:06:22,518 - Knowledge - INFO - process ingested knowledge for /app/data/T0015/222062/b1841j9/RDK-Service/Tests/L1Tests/tests/test_Telemetry.cpp
2025-11-10 17:06:22,601 - Knowledge - INFO - [LLM_CALL] Completed: UtilsController.h:chunk1, Duration: 49441ms, PromptTokens: 3724, CompletionTokens: 662, Cost: $0.00064
2025-11-10 17:06:22,688 - Knowledge - INFO - process ingested knowledge for /app/data/T0015/222062/b1841j9/RDK-Service/Tests/L2Tests/L2TestsPlugin/L2TestsMock.cpp
2025-11-10 17:06:22,790 - Knowledge - INFO - process ingested knowledge for /app/data/T0015/222062/b1841j9/RDK-Service/Tests/L1Tests/tests/test_Timer.cpp
2025-11-10 17:06:22,919 - Knowledge - INFO - process ingested knowledge for /app/data/T0015/222062/b1841j9/RDK-Service/helpers/WebSockets/Roles/Client.h
2025-11-10 17:06:23,025 - Knowledge - INFO - process ingested knowledge for /app/data/T0015/222062/b1841j9/RDK-Service/Tests/L2Tests/L2TestsPlugin/Module.cpp
2025-11-10 17:06:23,151 - Knowledge - INFO - process ingested knowledge for /app/data/T0015/222062/b1841j9/RDK-Service/Tests/L1Tests/tests/test_JSON.cpp
2025-11-10 17:06:23,220 - Knowledge - INFO - Worker kw11 processing /app/data/T0015/222062/b1841j9/RDK-Service/LinearPlaybackControl/LinearPlaybackControl.h
2025-11-10 17:06:23,562 - Knowledge - INFO - Worker kw8 processing /app/data/T0015/222062/b1841j9/RDK-Service/Telemetry/Telemetry.h
2025-11-10 17:06:23,616 - Knowledge - INFO - Worker kw16 processing /app/data/T0015/222062/b1841j9/RDK-Service/MediaEngineRMF/Module.cpp
2025-11-10 17:06:23,969 - Knowledge - INFO - Async storage completed for 15 embeddings
2025-11-10 17:06:24,065 - Knowledge - INFO - Fast-tracked /app/data/T0015/222062/b1841j9/RDK-Service/Warehouse/CMakeLists.txt (ext=.txt, size=2967)
2025-11-10 17:06:24,142 - Knowledge - INFO - Worker kw4 processing /app/data/T0015/222062/b1841j9/RDK-Service/ResourceManager/Module.cpp
2025-11-10 17:06:24,239 - Knowledge - INFO - process ingested knowledge for /app/data/T0015/222062/b1841j9/RDK-Service/Tests/L1Tests/tests/test_DeviceInfoJsonRpc.cpp
2025-11-10 17:06:24,324 - Knowledge - INFO - done ingest for /app/data/T0015/222062/b1841j9/RDK-Service/helpers/UtilsController.h
2025-11-10 17:06:24,326 - Knowledge - INFO - [LLM_CALL] Completed: XCast.h:chunk1, Duration: 45705ms, PromptTokens: 4590, CompletionTokens: 881, Cost: $0.00081
2025-11-10 17:06:24,412 - Knowledge - INFO - process ingested knowledge for /app/data/T0015/222062/b1841j9/RDK-Service/Tests/L2Tests/L2TestsPlugin/L2Tests.cpp
2025-11-10 17:06:24,512 - Knowledge - INFO - process ingested knowledge for /app/data/T0015/222062/b1841j9/RDK-Service/Tests/L1Tests/tests/test_Messenger.cpp
2025-11-10 17:06:24,665 - Knowledge - INFO - process ingested knowledge for /app/data/T0015/222062/b1841j9/RDK-Service/helpers/WebSockets/ConnectionInitializationResult.h
2025-11-10 17:06:24,673 - Knowledge - INFO - process ingested knowledge for /app/data/T0015/222062/b1841j9/RDK-Service/Tests/L2Tests/L2TestsPlugin/L2Tests.h
2025-11-10 17:06:24,804 - Knowledge - INFO - process ingested knowledge for /app/data/T0015/222062/b1841j9/RDK-Service/Tests/L1Tests/tests/test_DeviceIdentification.cpp
2025-11-10 17:06:24,889 - Knowledge - INFO - Worker kw11 processing /app/data/T0015/222062/b1841j9/RDK-Service/LinearPlaybackControl/IDemuxer.h
2025-11-10 17:06:25,012 - Knowledge - INFO - Worker kw8 processing /app/data/T0015/222062/b1841j9/RDK-Service/Telemetry/README.md
2025-11-10 17:06:25,093 - Knowledge - INFO - Fast-tracked /app/data/T0015/222062/b1841j9/RDK-Service/MediaEngineRMF/Module.cpp (ext=.cpp, size=765)
2025-11-10 17:06:25,288 - Knowledge - INFO - Worker kw12 processing /app/data/T0015/222062/b1841j9/RDK-Service/Warehouse/cmake/FindIARMBus.cmake
2025-11-10 17:06:25,405 - Knowledge - INFO - Fast-tracked /app/data/T0015/222062/b1841j9/RDK-Service/ResourceManager/Module.cpp (ext=.cpp, size=816)
2025-11-10 17:06:25,486 - Knowledge - INFO - process ingested knowledge for /app/data/T0015/222062/b1841j9/RDK-Service/Tests/L1Tests/tests/test_AVInput.cpp
2025-11-10 17:06:25,769 - Knowledge - INFO - done ingest for /app/data/T0015/222062/b1841j9/RDK-Service/XCast/XCast.h
2025-11-10 17:06:25,913 - Knowledge - INFO - [WEBSOCKET] Sent: Type=progress_update, Size: 293, Duration: 4ms
2025-11-10 17:06:26,082 - Knowledge - INFO - process ingested knowledge for /app/data/T0015/222062/b1841j9/RDK-Service/Tests/L2Tests/L2TestsPlugin/L2TestsAPI.md
2025-11-10 17:06:26,411 - Knowledge - INFO - process ingested knowledge for /app/data/T0015/222062/b1841j9/RDK-Service/Tests/L1Tests/tests/test_SystemServices.cpp
2025-11-10 17:06:26,511 - Knowledge - INFO - process ingested knowledge for /app/data/T0015/222062/b1841j9/RDK-Service/helpers/WebSockets/Encryption/TlsEnabled.h
2025-11-10 17:06:26,610 - Knowledge - INFO - process ingested knowledge for /app/data/T0015/222062/b1841j9/RDK-Service/Tests/L2Tests/L2TestsPlugin/CHANGELOG.md
2025-11-10 17:06:26,752 - Knowledge - INFO - process ingested knowledge for /app/data/T0015/222062/b1841j9/RDK-Service/Tests/L1Tests/tests/test_DeviceInfoWeb.cpp
2025-11-10 17:06:26,832 - Knowledge - INFO - Fast-tracked /app/data/T0015/222062/b1841j9/RDK-Service/LinearPlaybackControl/IDemuxer.h (ext=.h, size=1961)
2025-11-10 17:06:26,951 - Knowledge - INFO - Fast-tracked /app/data/T0015/222062/b1841j9/RDK-Service/Telemetry/README.md (ext=.md, size=1185)
2025-11-10 17:06:27,026 - Knowledge - INFO - Worker kw16 processing /app/data/T0015/222062/b1841j9/RDK-Service/MediaEngineRMF/CHANGELOG.md
2025-11-10 17:06:27,115 - Knowledge - INFO - Fast-tracked /app/data/T0015/222062/b1841j9/RDK-Service/Warehouse/cmake/FindIARMBus.cmake (ext=.cmake, size=1869)
2025-11-10 17:06:27,291 - Knowledge - INFO - process ingested knowledge for /app/data/T0015/222062/b1841j9/RDK-Service/Tests/L1Tests/tests/test_SecurityAgent.cpp
2025-11-10 17:06:27,506 - Knowledge - INFO - [WEBSOCKET] Sent: Type=unknown, Size: ?, Duration: 1597ms
2025-11-10 17:06:27,658 - Knowledge - INFO - process ingested knowledge for /app/data/T0015/222062/b1841j9/RDK-Service/Tests/L2Tests/L2TestsPlugin/CMakeLists.txt
2025-11-10 17:06:27,784 - Knowledge - INFO - process ingested knowledge for /app/data/T0015/222062/b1841j9/RDK-Service/Tests/L1Tests/tests/test_FrontPanel.cpp
2025-11-10 17:06:28,091 - Knowledge - INFO - process ingested knowledge for /app/data/T0015/222062/b1841j9/RDK-Service/helpers/WebSockets/Encryption/NoEncryption.h
2025-11-10 17:06:28,388 - Knowledge - INFO - process ingested knowledge for /app/data/T0015/222062/b1841j9/RDK-Service/Tests/L2Tests/L2testController.h
2025-11-10 17:06:28,890 - Knowledge - INFO - process ingested knowledge for /app/data/T0015/222062/b1841j9/RDK-Service/Tests/L1Tests/tests/test_Bluetooth.cpp
2025-11-10 17:06:29,065 - Knowledge - INFO - Worker kw11 processing /app/data/T0015/222062/b1841j9/RDK-Service/LinearPlaybackControl/LinearPlaybackControlJsonRpc.cpp
2025-11-10 17:06:29,258 - Knowledge - INFO - Worker kw8 processing /app/data/T0015/222062/b1841j9/RDK-Service/Telemetry/Telemetry.json
2025-11-10 17:06:29,411 - Knowledge - INFO - Fast-tracked /app/data/T0015/222062/b1841j9/RDK-Service/MediaEngineRMF/CHANGELOG.md (ext=.md, size=1464)
2025-11-10 17:06:29,486 - Knowledge - INFO - Worker kw12 processing /app/data/T0015/222062/b1841j9/RDK-Service/Warehouse/cmake/FindDS.cmake
2025-11-10 17:06:29,612 - Knowledge - INFO - process ingested knowledge for /app/data/T0015/222062/b1841j9/RDK-Service/Tests/L1Tests/tests/test_FrameRate.cpp
2025-11-10 17:06:29,691 - Knowledge - INFO - Progress: 71.7% | Files: 986/1376 | Rate: 1.55 files/sec | Queue: 107
2025-11-10 17:06:29,694 - Knowledge - INFO - [LLM_CALL] Completed: XCastManager.h:chunk1, Duration: 46168ms, PromptTokens: 2510, CompletionTokens: 786, Cost: $0.00057
2025-11-10 17:06:29,773 - Knowledge - INFO - process ingested knowledge for /app/data/T0015/222062/b1841j9/RDK-Service/Tests/L2Tests/L2TestsPlugin/L2TestsMock.h
2025-11-10 17:06:30,167 - Knowledge - INFO - process ingested knowledge for /app/data/T0015/222062/b1841j9/RDK-Service/Tests/L2Tests/Module.h
2025-11-10 17:06:30,229 - Knowledge - INFO - Fast-tracked /app/data/T0015/222062/b1841j9/RDK-Service/LinearPlaybackControl/LinearPlaybackControl.cpp (small file (2776 bytes))
2025-11-10 17:06:30,305 - Knowledge - INFO - Fast-tracked /app/data/T0015/222062/b1841j9/RDK-Service/Telemetry/Telemetry.json (ext=.json, size=4232)
2025-11-10 17:06:30,384 - Knowledge - INFO - Worker kw16 processing /app/data/T0015/222062/b1841j9/RDK-Service/amlogic.cmake
2025-11-10 17:06:30,499 - Knowledge - INFO - Fast-tracked /app/data/T0015/222062/b1841j9/RDK-Service/Warehouse/cmake/FindDS.cmake (ext=.cmake, size=1746)
2025-11-10 17:06:30,767 - Knowledge - INFO - done ingest for /app/data/T0015/222062/b1841j9/RDK-Service/XCast/XCastManager.h
2025-11-10 17:06:30,769 - Knowledge - INFO - [LLM_CALL] Completed: XCastImplementation.cpp:chunk1, Duration: 55161ms, PromptTokens: 13740, CompletionTokens: 1553, Cost: $0.00200
2025-11-10 17:06:30,841 - Knowledge - INFO - [kw3] Queue=107, InProgress=0, PendingWorkers=20/20, Completed=990/1376 (71.9%)
2025-11-10 17:06:31,120 - Knowledge - INFO - process ingested knowledge for /app/data/T0015/222062/b1841j9/RDK-Service/Tests/L2Tests/L2TestsPlugin/L2Tests.json
2025-11-10 17:06:31,131 - Knowledge - INFO - Worker kw8 processing /app/data/T0015/222062/b1841j9/RDK-Service/Telemetry/Module.cpp
2025-11-10 17:06:31,249 - Knowledge - INFO - Worker kw16 processing /app/data/T0015/222062/b1841j9/RDK-Service/WebBridge/Module.h
2025-11-10 17:06:31,332 - Knowledge - INFO - Worker kw12 processing /app/data/T0015/222062/b1841j9/RDK-Service/Warehouse/Warehouse.h
2025-11-10 17:06:31,355 - Knowledge - INFO - process ingested knowledge for /app/data/T0015/222062/b1841j9/RDK-Service/Tests/L2Tests/CMakeLists.txt
2025-11-10 17:06:31,514 - Knowledge - INFO - done ingest for /app/data/T0015/222062/b1841j9/RDK-Service/XCast/XCastImplementation.cpp
2025-11-10 17:06:31,566 - Knowledge - INFO - Processing batch of 15 files
2025-11-10 17:06:31,608 - Knowledge - INFO - Batch sizing: calculated=12, max_allowed=25, queue=107, active_workers=20/20
2025-11-10 17:06:31,853 - Knowledge - INFO - Fast-tracked /app/data/T0015/222062/b1841j9/RDK-Service/Telemetry/Module.cpp (ext=.cpp, size=765)
2025-11-10 17:06:31,990 - Knowledge - INFO - Fast-tracked /app/data/T0015/222062/b1841j9/RDK-Service/WebBridge/Module.h (ext=.h, size=860)
2025-11-10 17:06:32,180 - Knowledge - INFO - Worker kw12 processing /app/data/T0015/222062/b1841j9/RDK-Service/Warehouse/README.md
2025-11-10 17:06:32,537 - Knowledge - INFO - process ingested knowledge for /app/data/T0015/222062/b1841j9/RDK-Service/Tests/mocks/thunder/ServiceMock.h
2025-11-10 17:06:32,840 - Knowledge - INFO - Worker kw8 processing /app/data/T0015/222062/b1841j9/RDK-Service/Telemetry/CHANGELOG.md
2025-11-10 17:06:33,027 - Knowledge - INFO - Worker kw16 processing /app/data/T0015/222062/b1841j9/RDK-Service/WebBridge/WebBridge.cpp
2025-11-10 17:06:33,102 - Knowledge - INFO - process ingested knowledge for /app/data/T0015/222062/b1841j9/RDK-Service/Tests/L2Tests/L2TestsPlugin/tests/SystemMode_L2Test.cpp
2025-11-10 17:06:33,170 - Knowledge - INFO - Fast-tracked /app/data/T0015/222062/b1841j9/RDK-Service/Warehouse/README.md (ext=.md, size=242)
2025-11-10 17:06:33,329 - Knowledge - INFO - [LLM_CALL] Completed: frontpanel.h:chunk1, Duration: 54612ms, PromptTokens: 2578, CompletionTokens: 1277, Cost: $0.00077
2025-11-10 17:06:33,432 - Knowledge - INFO - Fast-tracked /app/data/T0015/222062/b1841j9/RDK-Service/Telemetry/CHANGELOG.md (ext=.md, size=2087)
2025-11-10 17:06:33,449 - Knowledge - INFO - process ingested knowledge for /app/data/T0015/222062/b1841j9/RDK-Service/Tests/L2Tests/README.md
2025-11-10 17:06:33,561 - Knowledge - INFO - Worker kw16 processing /app/data/T0015/222062/b1841j9/RDK-Service/WebBridge/CMakeLists.txt
2025-11-10 17:06:33,786 - Knowledge - INFO - Worker kw12 processing /app/data/T0015/222062/b1841j9/RDK-Service/Warehouse/Warehouse.json
2025-11-10 17:06:33,813 - Knowledge - INFO - process ingested knowledge for /app/data/T0015/222062/b1841j9/RDK-Service/Tests/mocks/thunder/COMLinkMock.h
2025-11-10 17:06:33,870 - Knowledge - INFO - done ingest for /app/data/T0015/222062/b1841j9/RDK-Service/helpers/frontpanel.h
2025-11-10 17:06:33,871 - Knowledge - INFO - [LLM_CALL] Completed: XCast.cpp:chunk1, Duration: 60898ms, PromptTokens: 23960, CompletionTokens: 1474, Cost: $0.00299
2025-11-10 17:06:33,952 - Knowledge - INFO - Worker kw8 processing /app/data/T0015/222062/b1841j9/RDK-Service/MediaEngineRMF/Module.h
2025-11-10 17:06:34,013 - Knowledge - INFO - process ingested knowledge for /app/data/T0015/222062/b1841j9/RDK-Service/Tests/L2Tests/L2TestsPlugin/tests/SystemService_L2Test.cpp
2025-11-10 17:06:34,126 - Knowledge - INFO - Fast-tracked /app/data/T0015/222062/b1841j9/RDK-Service/WebBridge/CMakeLists.txt (ext=.txt, size=1404)
2025-11-10 17:06:34,251 - Knowledge - INFO - Fast-tracked /app/data/T0015/222062/b1841j9/RDK-Service/Warehouse/Warehouse.json (ext=.json, size=12323)
2025-11-10 17:06:34,351 - Knowledge - INFO - process ingested knowledge for /app/data/T0015/222062/b1841j9/RDK-Service/Tests/L2Tests/L2testController.cpp
2025-11-10 17:06:34,518 - Knowledge - INFO - done ingest for /app/data/T0015/222062/b1841j9/RDK-Service/XCast/XCast.cpp
2025-11-10 17:06:34,518 - Knowledge - INFO - Async storing batch of 15 embeddings
2025-11-10 17:06:34,558 - Knowledge - INFO - process ingested knowledge for /app/data/T0015/222062/b1841j9/RDK-Service/Tests/mocks/thunder/SystemInfo.h
2025-11-10 17:06:34,562 - Knowledge - INFO - Processing batch of 12 files
2025-11-10 17:06:34,640 - Knowledge - INFO - Fast-tracked /app/data/T0015/222062/b1841j9/RDK-Service/MediaEngineRMF/Module.h (ext=.h, size=878)
2025-11-10 17:06:34,835 - Knowledge - INFO - Worker kw16 processing /app/data/T0015/222062/b1841j9/RDK-Service/WebBridge/WebBridge.h
2025-11-10 17:06:34,892 - Knowledge - INFO - Processing batch of 15 files
2025-11-10 17:06:35,094 - Knowledge - INFO - process ingested knowledge for /app/data/T0015/222062/b1841j9/RDK-Service/Tests/L2Tests/L2TestsPlugin/tests/UsbAccess_L2Test.cpp
2025-11-10 17:06:35,272 - Knowledge - INFO - Worker kw3 processing /app/data/T0015/222062/b1841j9/RDK-Service/WebBridge/js/WebBridgeSDK.js
2025-11-10 17:06:35,353 - Knowledge - INFO - process ingested knowledge for /app/data/T0015/222062/b1841j9/RDK-Service/Tests/L2Tests/Module.cpp
2025-11-10 17:06:35,375 - Knowledge - INFO - Processing batch of 15 files
2025-11-10 17:06:35,484 - Knowledge - INFO - process ingested knowledge for /app/data/T0015/222062/b1841j9/RDK-Service/Tests/mocks/devicesettings/VideoDeviceMock.h
2025-11-10 17:06:35,706 - Knowledge - INFO - process ingested knowledge for /app/data/T0015/222062/b1841j9/RDK-Service/Tests/mocks/thunder/Module.cpp
2025-11-10 17:06:35,749 - Knowledge - INFO - process ingested knowledge for /app/data/T0015/222062/b1841j9/RDK-Service/helpers/WebSockets/CommunicationInterface/BinaryInterface.h
2025-11-10 17:06:35,900 - Knowledge - INFO - Worker kw3 processing /app/data/T0015/222062/b1841j9/RDK-Service/WebBridge/js/calc_server.html
2025-11-10 17:06:36,108 - Knowledge - INFO - process ingested knowledge for /app/data/T0015/222062/b1841j9/RDK-Service/Tests/mocks/pkg.h
2025-11-10 17:06:36,280 - Knowledge - INFO - process ingested knowledge for /app/data/T0015/222062/b1841j9/RDK-Service/Tests/mocks/DobbyMock.h
2025-11-10 17:06:36,301 - Knowledge - INFO - Async storage completed for 15 embeddings
2025-11-10 17:06:36,477 - Knowledge - INFO - Fast-tracked /app/data/T0015/222062/b1841j9/RDK-Service/WebBridge/js/calc_server.html (ext=.html, size=1241)
2025-11-10 17:06:36,704 - Knowledge - INFO - process ingested knowledge for /app/data/T0015/222062/b1841j9/RDK-Service/helpers/WebSockets/CommunicationInterface/JsonRpcInterface.h
2025-11-10 17:06:36,818 - Knowledge - INFO - Worker kw3 processing /app/data/T0015/222062/b1841j9/RDK-Service/WebBridge/js/WebBridgeClient.js
2025-11-10 17:06:36,839 - Knowledge - INFO - process ingested knowledge for /app/data/T0015/222062/b1841j9/RDK-Service/Tests/mocks/BluetoothMocks.cpp
2025-11-10 17:06:36,928 - Knowledge - INFO - process ingested knowledge for /app/data/T0015/222062/b1841j9/RDK-Service/Tests/mocks/thunder/DispatcherMock.h
2025-11-10 17:06:36,985 - Knowledge - INFO - Fast-tracked /app/data/T0015/222062/b1841j9/RDK-Service/WebBridge/js/WebBridgeClient.js (ext=.js, size=452)
2025-11-10 17:06:37,233 - Knowledge - INFO - process ingested knowledge for /app/data/T0015/222062/b1841j9/RDK-Service/Tests/mocks/devicesettings/VideoOutputPortTypeMock.h
2025-11-10 17:06:37,278 - Knowledge - INFO - Worker kw3 processing /app/data/T0015/222062/b1841j9/RDK-Service/WebBridge/js/WebBridgeServer.js
2025-11-10 17:06:37,301 - Knowledge - INFO - Fast-tracked /app/data/T0015/222062/b1841j9/RDK-Service/LinearPlaybackControl/DemuxerStreamFsFCC.h (small file (2641 bytes))
2025-11-10 17:06:37,350 - Knowledge - INFO - process ingested knowledge for /app/data/T0015/222062/b1841j9/RDK-Service/helpers/WebSockets/CommunicationInterface/CommandInterface.h
2025-11-10 17:06:37,554 - Knowledge - INFO - process ingested knowledge for /app/data/T0015/222062/b1841j9/RDK-Service/Tests/mocks/UdevMock.h
2025-11-10 17:06:37,571 - Knowledge - INFO - Fast-tracked /app/data/T0015/222062/b1841j9/RDK-Service/WebBridge/js/WebBridgeServer.js (ext=.js, size=833)
2025-11-10 17:06:37,915 - Knowledge - INFO - [WEBSOCKET] Sent: Type=progress_update, Size: 294, Duration: 0ms
2025-11-10 17:06:37,920 - Knowledge - INFO - process ingested knowledge for /app/data/T0015/222062/b1841j9/RDK-Service/Tests/mocks/devicesettings/ColorMock.h
2025-11-10 17:06:37,921 - Knowledge - INFO - process ingested knowledge for /app/data/T0015/222062/b1841j9/RDK-Service/Tests/mocks/rdkshell.cpp
2025-11-10 17:06:37,965 - Knowledge - INFO - Worker kw3 processing /app/data/T0015/222062/b1841j9/RDK-Service/WebBridge/Module.cpp
2025-11-10 17:06:38,079 - Knowledge - INFO - [WEBSOCKET] Sent: Type=unknown, Size: ?, Duration: 164ms
2025-11-10 17:06:38,127 - Knowledge - INFO - process ingested knowledge for /app/data/T0015/222062/b1841j9/RDK-Service/Tests/mocks/RBusMock.h
2025-11-10 17:06:38,127 - Knowledge - INFO - [kw1] Queue=95, InProgress=0, PendingWorkers=20/20, Completed=1035/1376 (75.2%)
2025-11-10 17:06:38,362 - Knowledge - INFO - Fast-tracked /app/data/T0015/222062/b1841j9/RDK-Service/WebBridge/Module.cpp (ext=.cpp, size=780)
2025-11-10 17:06:38,457 - Knowledge - INFO - Progress: 75.1% | Files: 1035/1376 | Rate: 1.60 files/sec | Queue: 95
2025-11-10 17:06:38,466 - Knowledge - INFO - process ingested knowledge for /app/data/T0015/222062/b1841j9/RDK-Service/helpers/WebSockets/JsonRpc/Response.cpp
2025-11-10 17:06:38,466 - Knowledge - INFO - process ingested knowledge for /app/data/T0015/222062/b1841j9/RDK-Service/Tests/mocks/devicesettings/FrontPanelConfigMock.h
2025-11-10 17:06:38,467 - Knowledge - INFO - process ingested knowledge for /app/data/T0015/222062/b1841j9/RDK-Service/Tests/mocks/Dobby.h
2025-11-10 17:06:38,487 - Knowledge - INFO - Processing batch of 12 files
2025-11-10 17:06:38,670 - Knowledge - INFO - [kw17] Queue=95, InProgress=0, PendingWorkers=20/20, Completed=1040/1376 (75.6%)
2025-11-10 17:06:38,725 - Knowledge - INFO - Batch sizing: calculated=10, max_allowed=25, queue=95, active_workers=20/20
2025-11-10 17:06:38,842 - Knowledge - INFO - Worker kw3 processing /app/data/T0015/222062/b1841j9/RDK-Service/WebBridge/CHANGELOG.md
2025-11-10 17:06:39,166 - Knowledge - INFO - process ingested knowledge for /app/data/T0015/222062/b1841j9/RDK-Service/Tests/mocks/opkgMock.cpp
2025-11-10 17:06:39,188 - Knowledge - INFO - [kw18] Queue=95, InProgress=0, PendingWorkers=20/20, Completed=1044/1376 (75.9%)
2025-11-10 17:06:39,342 - Knowledge - INFO - process ingested knowledge for /app/data/T0015/222062/b1841j9/RDK-Service/Tests/mocks/Telemetry.h
2025-11-10 17:06:39,348 - Knowledge - INFO - process ingested knowledge for /app/data/T0015/222062/b1841j9/RDK-Service/helpers/WebSockets/JsonRpc/Notification.cpp
2025-11-10 17:06:39,380 - Knowledge - INFO - Processing batch of 15 files
2025-11-10 17:06:39,450 - Knowledge - INFO - process ingested knowledge for /app/data/T0015/222062/b1841j9/RDK-Service/Tests/mocks/WpaCtrlMock.h
2025-11-10 17:06:39,546 - Knowledge - INFO - Batch sizing: calculated=10, max_allowed=25, queue=95, active_workers=20/20
2025-11-10 17:06:39,557 - Knowledge - INFO - process ingested knowledge for /app/data/T0015/222062/b1841j9/RDK-Service/Tests/mocks/MotionDetection.cpp
2025-11-10 17:06:39,701 - Knowledge - INFO - [kw15] Queue=95, InProgress=0, PendingWorkers=20/20, Completed=1048/1376 (76.2%)
2025-11-10 17:06:39,702 - Knowledge - INFO - Async storing batch of 15 embeddings
2025-11-10 17:06:39,702 - Knowledge - INFO - Processing batch of 15 files
2025-11-10 17:06:39,756 - Knowledge - INFO - Fast-tracked /app/data/T0015/222062/b1841j9/RDK-Service/WebBridge/CHANGELOG.md (ext=.md, size=1384)
2025-11-10 17:06:39,819 - Knowledge - INFO - Processing batch of 15 files
2025-11-10 17:06:39,918 - Knowledge - INFO - process ingested knowledge for /app/data/T0015/222062/b1841j9/RDK-Service/Tests/mocks/Rfc.cpp
2025-11-10 17:06:39,923 - Knowledge - INFO - Batch sizing: calculated=10, max_allowed=25, queue=95, active_workers=20/20
2025-11-10 17:06:40,148 - Knowledge - INFO - process ingested knowledge for /app/data/T0015/222062/b1841j9/RDK-Service/Tests/mocks/Rfc.h
2025-11-10 17:06:40,149 - Knowledge - INFO - process ingested knowledge for /app/data/T0015/222062/b1841j9/RDK-Service/helpers/WebSockets/JsonRpc/Request.cpp
2025-11-10 17:06:40,152 - Knowledge - INFO - process ingested knowledge for /app/data/T0015/222062/b1841j9/RDK-Service/Tests/mocks/devicesettings/RtArrayObjectMock.h
2025-11-10 17:06:40,510 - Knowledge - INFO - process ingested knowledge for /app/data/T0015/222062/b1841j9/RDK-Service/Tests/mocks/WrapsMock.h
2025-11-10 17:06:40,519 - Knowledge - INFO - Batch sizing: calculated=10, max_allowed=25, queue=95, active_workers=20/20
2025-11-10 17:06:40,651 - Knowledge - INFO - process ingested knowledge for /app/data/T0015/222062/b1841j9/RDK-Service/Tests/mocks/HdmiCec.cpp
2025-11-10 17:06:40,653 - Knowledge - INFO - Worker kw1 processing /app/data/T0015/222062/b1841j9/RDK-Service/MigrationPreparer/MigrationPreparer.h
2025-11-10 17:06:40,660 - Knowledge - INFO - Async storing batch of 15 embeddings
2025-11-10 17:06:40,791 - Knowledge - INFO - process ingested knowledge for /app/data/T0015/222062/b1841j9/RDK-Service/XCast/XCast.cpp
2025-11-10 17:06:40,904 - Knowledge - INFO - Worker kw3 processing /app/data/T0015/222062/b1841j9/RDK-Service/intel.cmake
2025-11-10 17:06:40,987 - Knowledge - INFO - process ingested knowledge for /app/data/T0015/222062/b1841j9/RDK-Service/helpers/UtilsisValidInt.h
2025-11-10 17:06:41,234 - Knowledge - INFO - process ingested knowledge for /app/data/T0015/222062/b1841j9/RDK-Service/Tests/mocks/Telemetry.cpp
2025-11-10 17:06:41,396 - Knowledge - INFO - Async storing batch of 15 embeddings
2025-11-10 17:06:41,574 - Knowledge - INFO - process ingested knowledge for /app/data/T0015/222062/b1841j9/RDK-Service/Tests/mocks/Dobby.cpp
2025-11-10 17:06:41,577 - Knowledge - INFO - process ingested knowledge for /app/data/T0015/222062/b1841j9/RDK-Service/helpers/WebSockets/JsonRpc/Response.h
2025-11-10 17:06:41,583 - Knowledge - INFO - process ingested knowledge for /app/data/T0015/222062/b1841j9/RDK-Service/Tests/mocks/devicesettings/HdmiInputMock.h
2025-11-10 17:06:41,690 - Knowledge - INFO - process ingested knowledge for /app/data/T0015/222062/b1841j9/RDK-Service/Tests/mocks/RBus.cpp
2025-11-10 17:06:41,809 - Knowledge - INFO - Async storing batch of 15 embeddings
2025-11-10 17:06:41,861 - Knowledge - INFO - Worker kw1 processing /app/data/T0015/222062/b1841j9/RDK-Service/MigrationPreparer/README.md
2025-11-10 17:06:41,919 - Knowledge - INFO - process ingested knowledge for /app/data/T0015/222062/b1841j9/RDK-Service/Tests/mocks/CMakeLists.txt
2025-11-10 17:06:41,946 - Knowledge - INFO - Worker kw17 processing /app/data/T0015/222062/b1841j9/RDK-Service/FrameRate/CMakeLists.txt
2025-11-10 17:06:42,033 - Knowledge - INFO - [kw10] Queue=55, InProgress=0, PendingWorkers=20/20, Completed=1052/1376 (76.5%)
2025-11-10 17:06:42,035 - Knowledge - INFO - process ingested knowledge for /app/data/T0015/222062/b1841j9/RDK-Service/XCast/Module.h
2025-11-10 17:06:42,084 - Knowledge - INFO - [kw7] Queue=55, InProgress=0, PendingWorkers=20/20, Completed=1052/1376 (76.5%)
2025-11-10 17:06:42,144 - Knowledge - INFO - Worker kw3 processing /app/data/T0015/222062/b1841j9/RDK-Service/MigrationPreparer/Module.h
2025-11-10 17:06:42,220 - Knowledge - INFO - process ingested knowledge for /app/data/T0015/222062/b1841j9/RDK-Service/helpers/UtilssyncPersistFile.h
2025-11-10 17:06:42,318 - Knowledge - INFO - process ingested knowledge for /app/data/T0015/222062/b1841j9/RDK-Service/Tests/mocks/BluetoothMgr.h
2025-11-10 17:06:42,397 - Knowledge - INFO - Worker kw18 processing /app/data/T0015/222062/b1841j9/RDK-Service/AVInput/Module.h
2025-11-10 17:06:42,514 - Knowledge - INFO - process ingested knowledge for /app/data/T0015/222062/b1841j9/RDK-Service/Tests/mocks/rdkshellmock.h
2025-11-10 17:06:42,597 - Knowledge - INFO - process ingested knowledge for /app/data/T0015/222062/b1841j9/RDK-Service/helpers/WebSockets/JsonRpc/Notification.h
2025-11-10 17:06:42,675 - Knowledge - INFO - process ingested knowledge for /app/data/T0015/222062/b1841j9/RDK-Service/Tests/mocks/devicesettings/RtObjectRefMock.h
2025-11-10 17:06:42,754 - Knowledge - INFO - process ingested knowledge for /app/data/T0015/222062/b1841j9/RDK-Service/Tests/mocks/HdmiCec.h
2025-11-10 17:06:42,840 - Knowledge - INFO - Worker kw15 processing /app/data/T0015/222062/b1841j9/RDK-Service/DisplaySettings/CMakeLists.txt
2025-11-10 17:06:42,960 - Knowledge - INFO - Fast-tracked /app/data/T0015/222062/b1841j9/RDK-Service/MigrationPreparer/README.md (ext=.md, size=2208)
2025-11-10 17:06:43,038 - Knowledge - INFO - process ingested knowledge for /app/data/T0015/222062/b1841j9/RDK-Service/Tests/mocks/WpaCtrl.cpp
2025-11-10 17:06:43,103 - Knowledge - INFO - Async storage completed for 18 embeddings
2025-11-10 17:06:43,153 - Knowledge - INFO - Fast-tracked /app/data/T0015/222062/b1841j9/RDK-Service/FrameRate/CMakeLists.txt (ext=.txt, size=2848)
2025-11-10 17:06:43,187 - Knowledge - INFO - Async storage completed for 19 embeddings
2025-11-10 17:06:43,258 - Knowledge - INFO - Batch sizing: calculated=10, max_allowed=25, queue=55, active_workers=20/20
2025-11-10 17:06:43,340 - Knowledge - INFO - process ingested knowledge for /app/data/T0015/222062/b1841j9/RDK-Service/XCast/XCastCommon.h
2025-11-10 17:06:43,435 - Knowledge - INFO - Batch sizing: calculated=10, max_allowed=25, queue=55, active_workers=20/20
2025-11-10 17:06:43,442 - Knowledge - INFO - Async storage completed for 20 embeddings
2025-11-10 17:06:43,563 - Knowledge - INFO - Fast-tracked /app/data/T0015/222062/b1841j9/RDK-Service/MigrationPreparer/Module.h (ext=.h, size=873)
2025-11-10 17:06:43,685 - Knowledge - INFO - process ingested knowledge for /app/data/T0015/222062/b1841j9/RDK-Service/helpers/UtilsLogging.h
2025-11-10 17:06:43,769 - Knowledge - INFO - process ingested knowledge for /app/data/T0015/222062/b1841j9/RDK-Service/Tests/mocks/RBus.h
2025-11-10 17:06:43,862 - Knowledge - INFO - Fast-tracked /app/data/T0015/222062/b1841j9/RDK-Service/AVInput/Module.h (ext=.h, size=871)
2025-11-10 17:06:43,938 - Knowledge - INFO - process ingested knowledge for /app/data/T0015/222062/b1841j9/RDK-Service/Tests/mocks/BluetoothMocks.h
2025-11-10 17:06:44,019 - Knowledge - INFO - process ingested knowledge for /app/data/T0015/222062/b1841j9/RDK-Service/helpers/WebSockets/JsonRpc/Request.h
2025-11-10 17:06:44,104 - Knowledge - INFO - process ingested knowledge for /app/data/T0015/222062/b1841j9/RDK-Service/Tests/mocks/devicesettings/FrontPanelIndicatorMock.h
2025-11-10 17:06:44,193 - Knowledge - INFO - process ingested knowledge for /app/data/T0015/222062/b1841j9/RDK-Service/Tests/mocks/IarmBusMock.h
2025-11-10 17:06:44,283 - Knowledge - INFO - Fast-tracked /app/data/T0015/222062/b1841j9/RDK-Service/DisplaySettings/CMakeLists.txt (ext=.txt, size=1996)
2025-11-10 17:06:44,371 - Knowledge - INFO - Worker kw1 processing /app/data/T0015/222062/b1841j9/RDK-Service/MigrationPreparer/MigrationPreparer.json
2025-11-10 17:06:44,452 - Knowledge - INFO - process ingested knowledge for /app/data/T0015/222062/b1841j9/RDK-Service/Tests/mocks/Wraps.cpp
2025-11-10 17:06:44,713 - Knowledge - INFO - Worker kw17 processing /app/data/T0015/222062/b1841j9/RDK-Service/FrameRate/cmake/FindIARMBus.cmake
2025-11-10 17:06:44,905 - Knowledge - INFO - Async storing batch of 15 embeddings
2025-11-10 17:06:44,988 - Knowledge - INFO - process ingested knowledge for /app/data/T0015/222062/b1841j9/RDK-Service/XCast/XCastPlugin.json
2025-11-10 17:06:45,067 - Knowledge - INFO - Async storing batch of 15 embeddings
2025-11-10 17:06:45,249 - Knowledge - INFO - Worker kw3 processing /app/data/T0015/222062/b1841j9/RDK-Service/MigrationPreparer/MigrationPreparer.cpp
2025-11-10 17:06:45,336 - Knowledge - INFO - process ingested knowledge for /app/data/T0015/222062/b1841j9/RDK-Service/helpers/UtilsInputValidator.h
2025-11-10 17:06:45,421 - Knowledge - INFO - process ingested knowledge for /app/data/T0015/222062/b1841j9/RDK-Service/Tests/mocks/devicesettings.cpp
2025-11-10 17:06:45,505 - Knowledge - INFO - Worker kw18 processing /app/data/T0015/222062/b1841j9/RDK-Service/AVInput/CMakeLists.txt
2025-11-10 17:06:45,645 - Knowledge - INFO - process ingested knowledge for /app/data/T0015/222062/b1841j9/RDK-Service/Tests/mocks/Udev.cpp
2025-11-10 17:06:45,743 - Knowledge - INFO - process ingested knowledge for /app/data/T0015/222062/b1841j9/RDK-Service/helpers/frontpanel.cpp
2025-11-10 17:06:46,212 - Knowledge - INFO - process ingested knowledge for /app/data/T0015/222062/b1841j9/RDK-Service/Tests/mocks/devicesettings/DisplayMock.h
2025-11-10 17:06:46,340 - Knowledge - INFO - process ingested knowledge for /app/data/T0015/222062/b1841j9/RDK-Service/Tests/mocks/Wraps.h
2025-11-10 17:06:46,419 - Knowledge - INFO - [LLM_CALL] Completed: ResourceManager.cpp:chunk1, Duration: 14867ms, PromptTokens: 8118, CompletionTokens: 610, Cost: $0.00106
2025-11-10 17:06:46,478 - Knowledge - INFO - Async storage completed for 18 embeddings
2025-11-10 17:06:46,479 - Knowledge - INFO - Worker kw15 processing /app/data/T0015/222062/b1841j9/RDK-Service/DisplaySettings/DisplaySettingsPlugin.json
2025-11-10 17:06:46,732 - Knowledge - INFO - Fast-tracked /app/data/T0015/222062/b1841j9/RDK-Service/MigrationPreparer/MigrationPreparer.json (ext=.json, size=7094)
2025-11-10 17:06:46,757 - Knowledge - INFO - process ingested knowledge for /app/data/T0015/222062/b1841j9/RDK-Service/Tests/mocks/devicesettings/RtObjectBaseMock.h
2025-11-10 17:06:46,945 - Knowledge - INFO - Fast-tracked /app/data/T0015/222062/b1841j9/RDK-Service/FrameRate/cmake/FindIARMBus.cmake (ext=.cmake, size=1860)
2025-11-10 17:06:47,066 - Knowledge - INFO - Worker kw10 processing /app/data/T0015/222062/b1841j9/RDK-Service/VoiceControl/Module.h
2025-11-10 17:06:47,150 - Knowledge - INFO - process ingested knowledge for /app/data/T0015/222062/b1841j9/RDK-Service/XCast/XCastImplementation.cpp
2025-11-10 17:06:47,250 - Knowledge - INFO - Worker kw7 processing /app/data/T0015/222062/b1841j9/RDK-Service/SecurityAgent/AccessControlList.cpp
2025-11-10 17:06:47,411 - Knowledge - INFO - Worker kw3 processing /app/data/T0015/222062/b1841j9/RDK-Service/MigrationPreparer/MigrationPreparerPlugin.json
2025-11-10 17:06:47,514 - Knowledge - INFO - process ingested knowledge for /app/data/T0015/222062/b1841j9/RDK-Service/helpers/UtilsSynchro.hpp
2025-11-10 17:06:47,641 - Knowledge - INFO - process ingested knowledge for /app/data/T0015/222062/b1841j9/RDK-Service/Tests/mocks/Udev.h
2025-11-10 17:06:47,845 - Knowledge - INFO - Fast-tracked /app/data/T0015/222062/b1841j9/RDK-Service/AVInput/CMakeLists.txt (ext=.txt, size=2184)
2025-11-10 17:06:47,926 - Knowledge - INFO - process ingested knowledge for /app/data/T0015/222062/b1841j9/RDK-Service/Tests/mocks/RfcApiMock.h
2025-11-10 17:06:48,099 - Knowledge - INFO - process ingested knowledge for /app/data/T0015/222062/b1841j9/RDK-Service/helpers/cSettings.h
2025-11-10 17:06:48,175 - Knowledge - INFO - process ingested knowledge for /app/data/T0015/222062/b1841j9/RDK-Service/Tests/mocks/devicesettings/HostMock.h
2025-11-10 17:06:48,378 - Knowledge - INFO - process ingested knowledge for /app/data/T0015/222062/b1841j9/RDK-Service/Tests/mocks/WpaCtrl.h
2025-11-10 17:06:48,522 - Knowledge - INFO - done ingest for /app/data/T0015/222062/b1841j9/RDK-Service/ResourceManager/ResourceManager.cpp
2025-11-10 17:06:48,912 - Knowledge - INFO - Fast-tracked /app/data/T0015/222062/b1841j9/RDK-Service/DisplaySettings/DisplaySettingsPlugin.json (ext=.json, size=583)
2025-11-10 17:06:48,988 - Knowledge - INFO - Worker kw1 processing /app/data/T0015/222062/b1841j9/RDK-Service/MigrationPreparer/MigrationPreparerJsonRpc.cpp
2025-11-10 17:06:49,111 - Knowledge - INFO - process ingested knowledge for /app/data/T0015/222062/b1841j9/RDK-Service/Tests/mocks/devicesettings/AudioOutputPortMock.h
2025-11-10 17:06:49,322 - Knowledge - INFO - Worker kw17 processing /app/data/T0015/222062/b1841j9/RDK-Service/FrameRate/cmake/FindDS.cmake
2025-11-10 17:06:49,447 - Knowledge - INFO - Fast-tracked /app/data/T0015/222062/b1841j9/RDK-Service/VoiceControl/Module.h (ext=.h, size=166)
2025-11-10 17:06:49,560 - Knowledge - INFO - process ingested knowledge for /app/data/T0015/222062/b1841j9/RDK-Service/XCast/CMakeLists.txt
2025-11-10 17:06:49,684 - Knowledge - INFO - Fast-tracked /app/data/T0015/222062/b1841j9/RDK-Service/SecurityAgent/AccessControlList.cpp (ext=.cpp, size=1073)
2025-11-10 17:06:49,841 - Knowledge - INFO - Fast-tracked /app/data/T0015/222062/b1841j9/RDK-Service/MigrationPreparer/MigrationPreparerPlugin.json (ext=.json, size=589)
2025-11-10 17:06:49,970 - Knowledge - INFO - process ingested knowledge for /app/data/T0015/222062/b1841j9/RDK-Service/helpers/UtilsLibraryLoader.h
2025-11-10 17:06:50,160 - Knowledge - INFO - process ingested knowledge for /app/data/T0015/222062/b1841j9/RDK-Service/Tests/mocks/Iarm.cpp
2025-11-10 17:06:50,332 - Knowledge - INFO - Worker kw18 processing /app/data/T0015/222062/b1841j9/RDK-Service/AVInput/AVInputPlugin.json
2025-11-10 17:06:50,641 - Knowledge - INFO - process ingested knowledge for /app/data/T0015/222062/b1841j9/RDK-Service/Tests/mocks/DRMScreenCapture.h
2025-11-10 17:06:50,852 - Knowledge - INFO - process ingested knowledge for /app/data/T0015/222062/b1841j9/RDK-Service/helpers/UtilsBIT.h
2025-11-10 17:06:51,002 - Knowledge - INFO - process ingested knowledge for /app/data/T0015/222062/b1841j9/RDK-Service/Tests/mocks/devicesettings/SleepModeMock.h
2025-11-10 17:06:51,117 - Knowledge - INFO - process ingested knowledge for /app/data/T0015/222062/b1841j9/RDK-Service/Tests/mocks/TelemetryMock.h
2025-11-10 17:06:51,322 - Knowledge - INFO - Worker kw15 processing /app/data/T0015/222062/b1841j9/RDK-Service/DisplaySettings/cmake/FindIARMBus.cmake
2025-11-10 17:06:51,437 - Knowledge - INFO - Worker kw1 processing /app/data/T0015/222062/b1841j9/RDK-Service/MigrationPreparer/Module.cpp
2025-11-10 17:06:51,618 - Knowledge - INFO - process ingested knowledge for /app/data/T0015/222062/b1841j9/RDK-Service/Tests/mocks/devicesettings/FrontPanelTextDisplayMock.h
2025-11-10 17:06:51,730 - Knowledge - INFO - Fast-tracked /app/data/T0015/222062/b1841j9/RDK-Service/FrameRate/cmake/FindDS.cmake (ext=.cmake, size=1836)
2025-11-10 17:06:51,958 - Knowledge - INFO - Worker kw10 processing /app/data/T0015/222062/b1841j9/RDK-Service/VoiceControl/CMakeLists.txt
2025-11-10 17:06:52,066 - Knowledge - INFO - process ingested knowledge for /app/data/T0015/222062/b1841j9/RDK-Service/XCast/XCastNotifier.h
2025-11-10 17:06:52,162 - Knowledge - INFO - Worker kw7 processing /app/data/T0015/222062/b1841j9/RDK-Service/SecurityAgent/SecurityAgent.cpp
2025-11-10 17:06:52,304 - Knowledge - INFO - Worker kw3 processing /app/data/T0015/222062/b1841j9/RDK-Service/MigrationPreparer/MigrationPreparerImplementation.cpp
2025-11-10 17:06:52,534 - Knowledge - INFO - process ingested knowledge for /app/data/T0015/222062/b1841j9/RDK-Service/helpers/UtilsCStr.h
2025-11-10 17:06:52,557 - Knowledge - INFO - process ingested knowledge for /app/data/T0015/222062/b1841j9/RDK-Service/Tests/mocks/thunder/WorkerPoolImplementation.h
2025-11-10 17:06:52,729 - Knowledge - INFO - Fast-tracked /app/data/T0015/222062/b1841j9/RDK-Service/AVInput/AVInputPlugin.json (ext=.json, size=469)
2025-11-10 17:06:53,335 - Knowledge - INFO - process ingested knowledge for /app/data/T0015/222062/b1841j9/RDK-Service/helpers/UtilsJsonRpc.h
2025-11-10 17:06:53,354 - Knowledge - INFO - process ingested knowledge for /app/data/T0015/222062/b1841j9/RDK-Service/Tests/mocks/devicesettings/MotionDetectionMock.h
2025-11-10 17:06:53,373 - Knowledge - INFO - process ingested knowledge for /app/data/T0015/222062/b1841j9/RDK-Service/Tests/mocks/MotionDetection.h
2025-11-10 17:06:53,390 - Knowledge - INFO - Fast-tracked /app/data/T0015/222062/b1841j9/RDK-Service/DisplaySettings/cmake/FindIARMBus.cmake (ext=.cmake, size=1584)
2025-11-10 17:06:53,488 - Knowledge - INFO - [LLM_CALL] Completed: ResourceManager.h:chunk1, Duration: 18967ms, PromptTokens: 2040, CompletionTokens: 647, Cost: $0.00046
2025-11-10 17:06:53,513 - Knowledge - INFO - Fast-tracked /app/data/T0015/222062/b1841j9/RDK-Service/MigrationPreparer/Module.cpp (ext=.cpp, size=764)
2025-11-10 17:06:53,778 - Knowledge - INFO - Worker kw17 processing /app/data/T0015/222062/b1841j9/RDK-Service/FrameRate/FrameRate.h
2025-11-10 17:06:53,902 - Knowledge - INFO - Fast-tracked /app/data/T0015/222062/b1841j9/RDK-Service/VoiceControl/CMakeLists.txt (ext=.txt, size=1088)
2025-11-10 17:06:54,029 - Knowledge - INFO - process ingested knowledge for /app/data/T0015/222062/b1841j9/RDK-Service/XCast/XCast.h
2025-11-10 17:06:54,147 - Knowledge - INFO - Worker kw7 processing /app/data/T0015/222062/b1841j9/RDK-Service/SecurityAgent/Module.h
2025-11-10 17:06:54,249 - Knowledge - INFO - Worker kw3 processing /app/data/T0015/222062/b1841j9/RDK-Service/MigrationPreparer/CMakeLists.txt
2025-11-10 17:06:54,757 - Knowledge - INFO - process ingested knowledge for /app/data/T0015/222062/b1841j9/RDK-Service/helpers/UtilsController.h
2025-11-10 17:06:54,763 - Knowledge - INFO - Worker kw18 processing /app/data/T0015/222062/b1841j9/RDK-Service/AVInput/AVInput.h
2025-11-10 17:06:54,770 - Knowledge - INFO - process ingested knowledge for /app/data/T0015/222062/b1841j9/RDK-Service/Tests/mocks/thunder/Module.h
2025-11-10 17:06:55,173 - Knowledge - INFO - process ingested knowledge for /app/data/T0015/222062/b1841j9/RDK-Service/helpers/UtilsSynchroIarm.hpp
2025-11-10 17:06:55,327 - Knowledge - INFO - Worker kw15 processing /app/data/T0015/222062/b1841j9/RDK-Service/DisplaySettings/cmake/FindDS.cmake
2025-11-10 17:06:55,466 - Knowledge - INFO - done ingest for /app/data/T0015/222062/b1841j9/RDK-Service/ResourceManager/ResourceManager.h
2025-11-10 17:06:55,587 - Knowledge - INFO - process ingested knowledge for /app/data/T0015/222062/b1841j9/RDK-Service/Tests/mocks/devicesettings/HdmiCecMock.h
2025-11-10 17:06:55,605 - Knowledge - INFO - Worker kw1 processing /app/data/T0015/222062/b1841j9/RDK-Service/MigrationPreparer/MigrationPreparerImplementation.h
2025-11-10 17:06:55,618 - Knowledge - INFO - process ingested knowledge for /app/data/T0015/222062/b1841j9/RDK-Service/Tests/mocks/secure_wrappermock.h
2025-11-10 17:06:55,793 - Knowledge - INFO - Worker kw17 processing /app/data/T0015/222062/b1841j9/RDK-Service/FrameRate/README.md
2025-11-10 17:06:55,867 - Knowledge - INFO - Worker kw10 processing /app/data/T0015/222062/b1841j9/RDK-Service/VoiceControl/VoiceControlPlugin.json
2025-11-10 17:06:56,239 - Knowledge - INFO - Fast-tracked /app/data/T0015/222062/b1841j9/RDK-Service/SecurityAgent/Module.h (ext=.h, size=865)
2025-11-10 17:06:56,295 - Knowledge - INFO - Fast-tracked /app/data/T0015/222062/b1841j9/RDK-Service/MigrationPreparer/CMakeLists.txt (ext=.txt, size=3418)
2025-11-10 17:06:56,554 - Knowledge - INFO - [LLM_CALL] Completed: DemuxerStreamFsFCC.cpp:chunk1, Duration: 24996ms, PromptTokens: 3880, CompletionTokens: 427, Cost: $0.00056
2025-11-10 17:06:56,601 - Knowledge - INFO - Worker kw18 processing /app/data/T0015/222062/b1841j9/RDK-Service/AVInput/README.md
2025-11-10 17:06:56,632 - Knowledge - INFO - process ingested knowledge for /app/data/T0015/222062/b1841j9/RDK-Service/XCast/README.md
2025-11-10 17:06:56,930 - Knowledge - INFO - Fast-tracked /app/data/T0015/222062/b1841j9/RDK-Service/DisplaySettings/cmake/FindDS.cmake (ext=.cmake, size=1746)
2025-11-10 17:06:57,152 - Knowledge - INFO - process ingested knowledge for /app/data/T0015/222062/b1841j9/RDK-Service/helpers/UtilsUnused.h
2025-11-10 17:06:57,161 - Knowledge - INFO - process ingested knowledge for /app/data/T0015/222062/b1841j9/RDK-Service/Tests/mocks/thunder/FactoriesImplementation.h
2025-11-10 17:06:57,396 - Knowledge - INFO - process ingested knowledge for /app/data/T0015/222062/b1841j9/RDK-Service/helpers/UtilsString.h
2025-11-10 17:06:57,405 - Knowledge - INFO - process ingested knowledge for /app/data/T0015/222062/b1841j9/RDK-Service/Tests/mocks/devicesettings/VideoOutputPortMock.h
2025-11-10 17:06:57,422 - Knowledge - INFO - Worker kw1 processing /app/data/T0015/222062/b1841j9/RDK-Service/MigrationPreparer/CHANGELOG.md
2025-11-10 17:06:57,617 - Knowledge - INFO - Fast-tracked /app/data/T0015/222062/b1841j9/RDK-Service/FrameRate/README.md (ext=.md, size=780)
2025-11-10 17:06:57,797 - Knowledge - INFO - process ingested knowledge for /app/data/T0015/222062/b1841j9/RDK-Service/Tests/mocks/devicesettings.h
2025-11-10 17:06:57,835 - Knowledge - INFO - Fast-tracked /app/data/T0015/222062/b1841j9/RDK-Service/VoiceControl/VoiceControlPlugin.json (ext=.json, size=454)
2025-11-10 17:06:57,919 - Knowledge - INFO - Worker kw7 processing /app/data/T0015/222062/b1841j9/RDK-Service/SecurityAgent/SecapiToken.h
2025-11-10 17:06:58,282 - Knowledge - INFO - done ingest for /app/data/T0015/222062/b1841j9/RDK-Service/LinearPlaybackControl/DemuxerStreamFsFCC.cpp
2025-11-10 17:06:58,531 - Knowledge - INFO - Fast-tracked /app/data/T0015/222062/b1841j9/RDK-Service/AVInput/README.md (ext=.md, size=1374)
2025-11-10 17:06:58,883 - Knowledge - INFO - Worker kw15 processing /app/data/T0015/222062/b1841j9/RDK-Service/DisplaySettings/DisplaySettings.h
2025-11-10 17:06:59,233 - Knowledge - INFO - process ingested knowledge for /app/data/T0015/222062/b1841j9/RDK-Service/XCast/XCast.json
2025-11-10 17:06:59,260 - Knowledge - INFO - process ingested knowledge for /app/data/T0015/222062/b1841j9/RDK-Service/helpers/tptimer.h
2025-11-10 17:06:59,702 - Knowledge - INFO - Fast-tracked /app/data/T0015/222062/b1841j9/RDK-Service/MigrationPreparer/CHANGELOG.md (ext=.md, size=1530)
2025-11-10 17:06:59,832 - Knowledge - INFO - Worker kw17 processing /app/data/T0015/222062/b1841j9/RDK-Service/FrameRate/Module.cpp
2025-11-10 17:07:00,519 - Knowledge - INFO - Worker kw10 processing /app/data/T0015/222062/b1841j9/RDK-Service/VoiceControl/VoiceControl.h
2025-11-10 17:07:00,710 - Knowledge - INFO - Worker kw7 processing /app/data/T0015/222062/b1841j9/RDK-Service/SecurityAgent/Overview.md
2025-11-10 17:07:00,715 - Knowledge - INFO - [LLM_CALL] Completed: Telemetry.h:chunk1, Duration: 20955ms, PromptTokens: 2602, CompletionTokens: 598, Cost: $0.00050
2025-11-10 17:07:00,992 - Knowledge - INFO - Worker kw18 processing /app/data/T0015/222062/b1841j9/RDK-Service/AVInput/Module.cpp
2025-11-10 17:07:01,145 - Knowledge - INFO - Worker kw15 processing /app/data/T0015/222062/b1841j9/RDK-Service/DisplaySettings/README.md
2025-11-10 17:07:01,170 - Knowledge - INFO - process ingested knowledge for /app/data/T0015/222062/b1841j9/RDK-Service/Tests/mocks/DRMScreenCaptureMock.h
2025-11-10 17:07:01,798 - Knowledge - INFO - Worker kw1 processing /app/data/T0015/222062/b1841j9/RDK-Service/FrameRate/FrameRate.cpp
2025-11-10 17:07:02,051 - Knowledge - INFO - Fast-tracked /app/data/T0015/222062/b1841j9/RDK-Service/FrameRate/Module.cpp (ext=.cpp, size=765)
2025-11-10 17:07:02,168 - Knowledge - INFO - Worker kw10 processing /app/data/T0015/222062/b1841j9/RDK-Service/VoiceControl/README.md
2025-11-10 17:07:02,173 - Knowledge - INFO - process ingested knowledge for /app/data/T0015/222062/b1841j9/RDK-Service/Tests/mocks/devicesettings/VideoOutputPortConfigMock.h
2025-11-10 17:07:02,383 - Knowledge - INFO - Fast-tracked /app/data/T0015/222062/b1841j9/RDK-Service/SecurityAgent/Overview.md (ext=.md, size=1915)
2025-11-10 17:07:02,436 - Knowledge - INFO - done ingest for /app/data/T0015/222062/b1841j9/RDK-Service/Telemetry/Telemetry.h
2025-11-10 17:07:02,645 - Knowledge - INFO - Fast-tracked /app/data/T0015/222062/b1841j9/RDK-Service/AVInput/Module.cpp (ext=.cpp, size=765)
2025-11-10 17:07:02,682 - Knowledge - INFO - process ingested knowledge for /app/data/T0015/222062/b1841j9/RDK-Service/XCast/Module.cpp
2025-11-10 17:07:02,692 - Knowledge - INFO - process ingested knowledge for /app/data/T0015/222062/b1841j9/RDK-Service/helpers/UtilsFile.h
2025-11-10 17:07:02,747 - Knowledge - INFO - [LLM_CALL] Completed: amlogic.cmake:chunk1, Duration: 20072ms, PromptTokens: 3646, CompletionTokens: 196, Cost: $0.00044
2025-11-10 17:07:02,795 - Knowledge - INFO - Fast-tracked /app/data/T0015/222062/b1841j9/RDK-Service/DisplaySettings/README.md (ext=.md, size=914)
2025-11-10 17:07:03,051 - Knowledge - INFO - Worker kw1 processing /app/data/T0015/222062/b1841j9/RDK-Service/FrameRate/Module.h
2025-11-10 17:07:03,167 - Knowledge - INFO - Worker kw17 processing /app/data/T0015/222062/b1841j9/RDK-Service/FrameRate/CHANGELOG.md
2025-11-10 17:07:03,370 - Knowledge - INFO - Fast-tracked /app/data/T0015/222062/b1841j9/RDK-Service/VoiceControl/README.md (ext=.md, size=490)
2025-11-10 17:07:03,741 - Knowledge - INFO - Worker kw7 processing /app/data/T0015/222062/b1841j9/RDK-Service/SecurityAgent/CMakeLists.txt
2025-11-10 17:07:04,010 - Knowledge - INFO - Worker kw18 processing /app/data/T0015/222062/b1841j9/RDK-Service/AVInput/CHANGELOG.md
2025-11-10 17:07:04,335 - Knowledge - INFO - done ingest for /app/data/T0015/222062/b1841j9/RDK-Service/amlogic.cmake
2025-11-10 17:07:04,442 - Knowledge - INFO - Worker kw15 processing /app/data/T0015/222062/b1841j9/RDK-Service/DisplaySettings/Module.cpp
2025-11-10 17:07:04,476 - Knowledge - INFO - process ingested knowledge for /app/data/T0015/222062/b1841j9/RDK-Service/Tests/mocks/devicesettings/CompositeInputMock.h
2025-11-10 17:07:04,587 - Knowledge - INFO - Fast-tracked /app/data/T0015/222062/b1841j9/RDK-Service/FrameRate/Module.h (ext=.h, size=873)
2025-11-10 17:07:04,734 - Knowledge - INFO - Fast-tracked /app/data/T0015/222062/b1841j9/RDK-Service/FrameRate/CHANGELOG.md (ext=.md, size=2154)
2025-11-10 17:07:04,871 - Knowledge - INFO - Worker kw10 processing /app/data/T0015/222062/b1841j9/RDK-Service/VoiceControl/Module.cpp
2025-11-10 17:07:05,009 - Knowledge - INFO - Fast-tracked /app/data/T0015/222062/b1841j9/RDK-Service/SecurityAgent/CMakeLists.txt (ext=.txt, size=1946)
2025-11-10 17:07:05,125 - Knowledge - INFO - Fast-tracked /app/data/T0015/222062/b1841j9/RDK-Service/AVInput/CHANGELOG.md (ext=.md, size=2856)
2025-11-10 17:07:05,167 - Knowledge - INFO - process ingested knowledge for /app/data/T0015/222062/b1841j9/RDK-Service/XCast/CHANGELOG.md
2025-11-10 17:07:05,200 - Knowledge - INFO - [LLM_CALL] Completed: Telemetry.cpp:chunk1, Duration: 29623ms, PromptTokens: 8508, CompletionTokens: 707, Cost: $0.00113
2025-11-10 17:07:05,379 - Knowledge - INFO - Fast-tracked /app/data/T0015/222062/b1841j9/RDK-Service/DisplaySettings/Module.cpp (ext=.cpp, size=765)
2025-11-10 17:07:05,698 - Knowledge - INFO - Async storage completed for 15 embeddings
2025-11-10 17:07:05,712 - Knowledge - INFO - Worker kw1 processing /app/data/T0015/222062/b1841j9/RDK-Service/FrameRate/FrameRatePlugin.json
2025-11-10 17:07:05,864 - Knowledge - INFO - Worker kw17 processing /app/data/T0015/222062/b1841j9/RDK-Service/FrameRate/FrameRate.json
2025-11-10 17:07:06,026 - Knowledge - INFO - Fast-tracked /app/data/T0015/222062/b1841j9/RDK-Service/VoiceControl/Module.cpp (ext=.cpp, size=62)
2025-11-10 17:07:06,128 - Knowledge - INFO - Worker kw7 processing /app/data/T0015/222062/b1841j9/RDK-Service/SecurityAgent/SecurityAgentPlugin.json
2025-11-10 17:07:06,285 - Knowledge - INFO - Worker kw18 processing /app/data/T0015/222062/b1841j9/RDK-Service/AVInput/AVInput.json
2025-11-10 17:07:06,571 - Knowledge - INFO - done ingest for /app/data/T0015/222062/b1841j9/RDK-Service/Telemetry/Telemetry.cpp
2025-11-10 17:07:06,623 - Knowledge - INFO - [LLM_CALL] Completed: Warehouse.cpp:chunk1, Duration: 31682ms, PromptTokens: 19388, CompletionTokens: 919, Cost: $0.00231
2025-11-10 17:07:06,662 - Knowledge - INFO - Worker kw15 processing /app/data/T0015/222062/b1841j9/RDK-Service/DisplaySettings/CHANGELOG.md
2025-11-10 17:07:06,937 - Knowledge - INFO - process ingested knowledge for /app/data/T0015/222062/b1841j9/RDK-Service/Tests/mocks/devicesettings/FloatingRtFunctionsMock.h
2025-11-10 17:07:06,946 - Knowledge - INFO - Fast-tracked /app/data/T0015/222062/b1841j9/RDK-Service/FrameRate/FrameRatePlugin.json (ext=.json, size=439)
2025-11-10 17:07:07,037 - Knowledge - INFO - Fast-tracked /app/data/T0015/222062/b1841j9/RDK-Service/FrameRate/FrameRate.json (ext=.json, size=7267)
2025-11-10 17:07:07,144 - Knowledge - INFO - Worker kw10 processing /app/data/T0015/222062/b1841j9/RDK-Service/VoiceControl/CHANGELOG.md
2025-11-10 17:07:07,278 - Knowledge - INFO - Fast-tracked /app/data/T0015/222062/b1841j9/RDK-Service/SecurityAgent/SecurityAgentPlugin.json (ext=.json, size=1039)
2025-11-10 17:07:07,465 - Knowledge - INFO - Fast-tracked /app/data/T0015/222062/b1841j9/RDK-Service/AVInput/AVInput.json (ext=.json, size=30881)
2025-11-10 17:07:07,713 - Knowledge - INFO - done ingest for /app/data/T0015/222062/b1841j9/RDK-Service/Warehouse/Warehouse.cpp
2025-11-10 17:07:07,767 - Knowledge - INFO - [LLM_CALL] Completed: FileSelectListener.h:chunk1, Duration: 33247ms, PromptTokens: 2432, CompletionTokens: 422, Cost: $0.00041
2025-11-10 17:07:07,861 - Knowledge - INFO - process ingested knowledge for /app/data/T0015/222062/b1841j9/RDK-Service/XCast/XCastManager.cpp
2025-11-10 17:07:07,861 - Knowledge - INFO - Fast-tracked /app/data/T0015/222062/b1841j9/RDK-Service/DisplaySettings/CHANGELOG.md (ext=.md, size=6953)
2025-11-10 17:07:07,895 - Knowledge - INFO - process ingested knowledge for /app/data/T0015/222062/b1841j9/RDK-Service/helpers/UtilsfileExists.h
2025-11-10 17:07:08,213 - Knowledge - INFO - Worker kw17 processing /app/data/T0015/222062/b1841j9/RDK-Service/realtek.cmake
2025-11-10 17:07:08,452 - Knowledge - INFO - Fast-tracked /app/data/T0015/222062/b1841j9/RDK-Service/VoiceControl/CHANGELOG.md (ext=.md, size=2528)
2025-11-10 17:07:08,554 - Knowledge - INFO - Worker kw7 processing /app/data/T0015/222062/b1841j9/RDK-Service/SecurityAgent/SecurityContext.cpp
2025-11-10 17:07:08,597 - Knowledge - INFO - process ingested knowledge for /app/data/T0015/222062/b1841j9/RDK-Service/Tests/mocks/devicesettings/VideoResolutionMock.h
2025-11-10 17:07:08,712 - Knowledge - INFO - Worker kw18 processing /app/data/T0015/222062/b1841j9/RDK-Service/DisplaySettings/DisplaySettings.cpp
2025-11-10 17:07:09,047 - Knowledge - INFO - done ingest for /app/data/T0015/222062/b1841j9/RDK-Service/LinearPlaybackControl/FileSelectListener.h
2025-11-10 17:07:09,305 - Knowledge - INFO - Worker kw15 processing /app/data/T0015/222062/b1841j9/RDK-Service/DisplaySettings/DisplaySettings.json
2025-11-10 17:07:09,542 - Knowledge - INFO - [LLM_CALL] Completed: Warehouse.h:chunk1, Duration: 29987ms, PromptTokens: 3062, CompletionTokens: 961, Cost: $0.00069
2025-11-10 17:07:09,583 - Knowledge - INFO - Worker kw17 processing /app/data/T0015/222062/b1841j9/RDK-Service/AVInput/AVInput.cpp
2025-11-10 17:07:09,663 - Knowledge - INFO - [kw6] Queue=35, InProgress=0, PendingWorkers=20/20, Completed=1059/1376 (77.0%)
2025-11-10 17:07:09,674 - Knowledge - INFO - Worker kw10 processing /app/data/T0015/222062/b1841j9/RDK-Service/VoiceControl/VoiceControl.json
2025-11-10 17:07:09,816 - Knowledge - INFO - Worker kw7 processing /app/data/T0015/222062/b1841j9/RDK-Service/SecurityAgent/AccessControlList.h
2025-11-10 17:07:10,136 - Knowledge - INFO - Fast-tracked /app/data/T0015/222062/b1841j9/RDK-Service/DisplaySettings/DisplaySettings.cpp (ext=.cpp, size=284404)
2025-11-10 17:07:10,340 - Knowledge - INFO - Fast-tracked /app/data/T0015/222062/b1841j9/RDK-Service/DisplaySettings/DisplaySettings.json (ext=.json, size=99417)
2025-11-10 17:07:10,487 - Knowledge - INFO - done ingest for /app/data/T0015/222062/b1841j9/RDK-Service/Warehouse/Warehouse.h
2025-11-10 17:07:10,697 - Knowledge - INFO - process ingested knowledge for /app/data/T0015/222062/b1841j9/RDK-Service/XCast/XCastImplementation.h
2025-11-10 17:07:10,721 - Knowledge - INFO - process ingested knowledge for /app/data/T0015/222062/b1841j9/RDK-Service/helpers/CHANGELOG.md
2025-11-10 17:07:10,739 - Knowledge - INFO - Batch sizing: calculated=10, max_allowed=25, queue=35, active_workers=20/20
2025-11-10 17:07:10,863 - Knowledge - INFO - Fast-tracked /app/data/T0015/222062/b1841j9/RDK-Service/VoiceControl/VoiceControl.json (ext=.json, size=30237)
2025-11-10 17:07:11,018 - Knowledge - INFO - Worker kw7 processing /app/data/T0015/222062/b1841j9/RDK-Service/SecurityAgent/SecurityAgent.h
2025-11-10 17:07:11,102 - Knowledge - INFO - Worker kw18 processing /app/data/T0015/222062/b1841j9/RDK-Service/DisplaySettings/Module.h
2025-11-10 17:07:11,265 - Knowledge - INFO - process ingested knowledge for /app/data/T0015/222062/b1841j9/RDK-Service/Tests/mocks/devicesettings/ManagerMock.h
2025-11-10 17:07:11,338 - Knowledge - INFO - Worker kw15 processing /app/data/T0015/222062/b1841j9/RDK-Service/VoiceControl/VoiceControl.cpp
2025-11-10 17:07:12,076 - Knowledge - INFO - Worker kw10 processing /app/data/T0015/222062/b1841j9/RDK-Service/CONTRIBUTING.md
2025-11-10 17:07:12,360 - Knowledge - INFO - Fast-tracked /app/data/T0015/222062/b1841j9/RDK-Service/DisplaySettings/Module.h (ext=.h, size=879)
2025-11-10 17:07:12,532 - Knowledge - INFO - process ingested knowledge for /app/data/T0015/222062/b1841j9/RDK-Service/services.cmake
2025-11-10 17:07:12,540 - Knowledge - INFO - [LLM_CALL] Completed: intel.cmake:chunk1, Duration: 12539ms, PromptTokens: 3066, CompletionTokens: 161, Cost: $0.00037
2025-11-10 17:07:12,796 - Knowledge - INFO - Fast-tracked /app/data/T0015/222062/b1841j9/RDK-Service/CONTRIBUTING.md (ext=.md, size=267)
2025-11-10 17:07:13,169 - Knowledge - INFO - done ingest for /app/data/T0015/222062/b1841j9/RDK-Service/intel.cmake
2025-11-10 17:07:13,323 - Knowledge - INFO - Worker kw10 processing /app/data/T0015/222062/b1841j9/RDK-Service/SecurityAgent/TestPage.html
2025-11-10 17:07:13,224 - Knowledge - INFO - Async storing batch of 12 embeddings
2025-11-10 17:07:13,889 - Knowledge - INFO - Worker kw6 processing /app/data/T0015/222062/b1841j9/RDK-Service/SecurityAgent/SecurityContext.h
2025-11-10 17:07:13,980 - Knowledge - INFO - [LLM_CALL] Completed: MediaEngineRMF.cpp:chunk1, Duration: 38312ms, PromptTokens: 6984, CompletionTokens: 566, Cost: $0.00092
2025-11-10 17:07:14,171 - Knowledge - INFO - Worker kw6 processing /app/data/T0015/222062/b1841j9/RDK-Service/SecurityAgent/example_acl.json
2025-11-10 17:07:14,350 - Knowledge - INFO - done ingest for /app/data/T0015/222062/b1841j9/RDK-Service/MediaEngineRMF/MediaEngineRMF.cpp
2025-11-10 17:07:14,443 - Knowledge - INFO - Processing batch of 12 files
2025-11-10 17:07:14,487 - Knowledge - INFO - [LLM_CALL] Completed: LinearPlaybackControlJsonRpc.cpp:chunk1, Duration: 34120ms, PromptTokens: 6280, CompletionTokens: 953, Cost: $0.00101
2025-11-10 17:07:14,489 - Knowledge - INFO - Fast-tracked /app/data/T0015/222062/b1841j9/RDK-Service/SecurityAgent/example_acl.json (ext=.json, size=1302)
2025-11-10 17:07:14,775 - Knowledge - INFO - process ingested knowledge for /app/data/T0015/222062/b1841j9/RDK-Service/helpers/frontpanel.h
2025-11-10 17:07:14,900 - Knowledge - INFO - process ingested knowledge for /app/data/T0015/222062/b1841j9/RDK-Service/Tests/mocks/RdkLoggerMilestone.h
2025-11-10 17:07:15,030 - Knowledge - INFO - done ingest for /app/data/T0015/222062/b1841j9/RDK-Service/LinearPlaybackControl/LinearPlaybackControlJsonRpc.cpp
2025-11-10 17:07:15,046 - Knowledge - INFO - [WEBSOCKET] Sent: Type=progress_update, Size: 295, Duration: 0ms
2025-11-10 17:07:15,161 - Knowledge - INFO - Worker kw6 processing /app/data/T0015/222062/b1841j9/RDK-Service/SecurityAgent/SecurityAgentJsonRpc.cpp
2025-11-10 17:07:16,021 - Knowledge - INFO - [LLM_CALL] Completed: MediaEngineRMF.h:chunk1, Duration: 36831ms, PromptTokens: 2310, CompletionTokens: 541, Cost: $0.00045
2025-11-10 17:07:16,157 - Knowledge - INFO - Worker kw6 processing /app/data/T0015/222062/b1841j9/RDK-Service/SecurityAgent/Module.cpp
2025-11-10 17:07:16,380 - Knowledge - INFO - done ingest for /app/data/T0015/222062/b1841j9/RDK-Service/MediaEngineRMF/MediaEngineRMF.h
2025-11-10 17:07:16,406 - Knowledge - INFO - [WEBSOCKET] Sent: Type=unknown, Size: ?, Duration: 1359ms
2025-11-10 17:07:16,583 - Knowledge - INFO - Fast-tracked /app/data/T0015/222062/b1841j9/RDK-Service/SecurityAgent/Module.cpp (ext=.cpp, size=781)
2025-11-10 17:07:16,874 - Knowledge - INFO - Progress: 77.6% | Files: 1070/1376 | Rate: 1.56 files/sec | Queue: 25
2025-11-10 17:07:17,069 - Knowledge - INFO - Worker kw6 processing /app/data/T0015/222062/b1841j9/RDK-Service/SecurityAgent/SecapiToken.cpp
2025-11-10 17:07:17,202 - Knowledge - INFO - process ingested knowledge for /app/data/T0015/222062/b1841j9/RDK-Service/Tests/mocks/Iarm.h
2025-11-10 17:07:17,430 - Knowledge - INFO - Worker kw6 processing /app/data/T0015/222062/b1841j9/RDK-Service/SecurityAgent/CHANGELOG.md
2025-11-10 17:07:17,792 - Knowledge - INFO - Fast-tracked /app/data/T0015/222062/b1841j9/RDK-Service/SecurityAgent/CHANGELOG.md (ext=.md, size=2127)
2025-11-10 17:07:17,851 - Knowledge - INFO - process ingested knowledge for /app/data/T0015/222062/b1841j9/RDK-Service/XCast/XCastManager.h
2025-11-10 17:07:17,932 - Knowledge - INFO - [LLM_CALL] Completed: MigrationPreparer.cpp:chunk1, Duration: 15454ms, PromptTokens: 2610, CompletionTokens: 503, Cost: $0.00046
2025-11-10 17:07:18,053 - Knowledge - INFO - Worker kw6 processing /app/data/T0015/222062/b1841j9/RDK-Service/SecurityAgent/TokenFactory.h
2025-11-10 17:07:18,337 - Knowledge - INFO - [kw19] Queue=25, InProgress=0, PendingWorkers=20/20, Completed=1074/1376 (78.1%)
2025-11-10 17:07:18,354 - Knowledge - INFO - process ingested knowledge for /app/data/T0015/222062/b1841j9/RDK-Service/Tests/mocks/maintenanceMGR.h
2025-11-10 17:07:18,450 - Knowledge - INFO - done ingest for /app/data/T0015/222062/b1841j9/RDK-Service/MigrationPreparer/MigrationPreparer.cpp
2025-11-10 17:07:18,656 - Knowledge - INFO - Fast-tracked /app/data/T0015/222062/b1841j9/RDK-Service/SecurityAgent/TokenFactory.h (ext=.h, size=1741)
2025-11-10 17:07:18,727 - Knowledge - INFO - Batch sizing: calculated=10, max_allowed=25, queue=25, active_workers=20/20
2025-11-10 17:07:18,751 - Knowledge - INFO - Async storage completed for 15 embeddings
2025-11-10 17:07:19,123 - Knowledge - INFO - [LLM_CALL] Completed: WebBridge.h:chunk1, Duration: 34169ms, PromptTokens: 5702, CompletionTokens: 819, Cost: $0.00090
2025-11-10 17:07:19,166 - Knowledge - INFO - Worker kw6 processing /app/data/T0015/222062/b1841j9/RDK-Service/SecurityAgent/SecurityAgent.json
2025-11-10 17:07:19,538 - Knowledge - INFO - done ingest for /app/data/T0015/222062/b1841j9/RDK-Service/WebBridge/WebBridge.h
2025-11-10 17:07:19,681 - Knowledge - INFO - Fast-tracked /app/data/T0015/222062/b1841j9/RDK-Service/SecurityAgent/SecurityAgent.json (ext=.json, size=3451)
2025-11-10 17:07:19,822 - Knowledge - INFO - Fast-tracked /app/data/T0015/222062/b1841j9/RDK-Service/SecurityAgent/SecapiToken.h (small file (2029 bytes))
2025-11-10 17:07:20,028 - Knowledge - INFO - Worker kw6 processing /app/data/T0015/222062/b1841j9/RDK-Service/OpenCDMi/FrameworkRPC.cpp
2025-11-10 17:07:20,169 - Knowledge - INFO - [LLM_CALL] Completed: LinearPlaybackControl.h:chunk1, Duration: 42509ms, PromptTokens: 3036, CompletionTokens: 895, Cost: $0.00066
2025-11-10 17:07:20,266 - Knowledge - INFO - process ingested knowledge for /app/data/T0015/222062/b1841j9/RDK-Service/Tests/mocks/rdkshell.h
2025-11-10 17:07:20,325 - Knowledge - INFO - Worker kw6 processing /app/data/T0015/222062/b1841j9/RDK-Service/OpenCDMi/OCDM.cpp
2025-11-10 17:07:20,531 - Knowledge - INFO - done ingest for /app/data/T0015/222062/b1841j9/RDK-Service/LinearPlaybackControl/LinearPlaybackControl.h
2025-11-10 17:07:20,841 - Knowledge - INFO - Fast-tracked /app/data/T0015/222062/b1841j9/RDK-Service/SecurityAgent/SecurityContext.h (small file (2775 bytes))
2025-11-10 17:07:22,271 - Knowledge - INFO - Async storing batch of 15 embeddings
2025-11-10 17:07:22,464 - Knowledge - INFO - [LLM_CALL] Completed: WebBridge.cpp:chunk1, Duration: 38347ms, PromptTokens: 6192, CompletionTokens: 822, Cost: $0.00095
2025-11-10 17:07:22,487 - Knowledge - INFO - Worker kw19 processing /app/data/T0015/222062/b1841j9/RDK-Service/OpenCDMi/Module.h
2025-11-10 17:07:22,573 - Knowledge - INFO - process ingested knowledge for /app/data/T0015/222062/b1841j9/RDK-Service/ResourceManager/ResourceManager.cpp
2025-11-10 17:07:22,677 - Knowledge - INFO - done ingest for /app/data/T0015/222062/b1841j9/RDK-Service/WebBridge/WebBridge.cpp
2025-11-10 17:07:22,818 - Knowledge - INFO - Fast-tracked /app/data/T0015/222062/b1841j9/RDK-Service/OpenCDMi/Module.h (ext=.h, size=1211)
2025-11-10 17:07:23,207 - Knowledge - INFO - Worker kw19 processing /app/data/T0015/222062/b1841j9/RDK-Service/OpenCDMi/CENCParser.h
2025-11-10 17:07:23,522 - Knowledge - INFO - Worker kw19 processing /app/data/T0015/222062/b1841j9/RDK-Service/OpenCDMi/OpenCDMiPlugin.json
2025-11-10 17:07:23,596 - Knowledge - INFO - [LLM_CALL] Completed: MigrationPreparerImplementation.cpp:chunk1, Duration: 19255ms, PromptTokens: 10760, CompletionTokens: 687, Cost: $0.00135
2025-11-10 17:07:23,769 - Knowledge - INFO - Fast-tracked /app/data/T0015/222062/b1841j9/RDK-Service/OpenCDMi/OpenCDMiPlugin.json (ext=.json, size=2795)
2025-11-10 17:07:23,862 - Knowledge - INFO - done ingest for /app/data/T0015/222062/b1841j9/RDK-Service/MigrationPreparer/MigrationPreparerImplementation.cpp
2025-11-10 17:07:23,976 - Knowledge - INFO - Worker kw19 processing /app/data/T0015/222062/b1841j9/RDK-Service/OpenCDMi/CMakeLists.txt
2025-11-10 17:07:24,021 - Knowledge - INFO - Processing batch of 12 files
2025-11-10 17:07:24,168 - Knowledge - INFO - process ingested knowledge for /app/data/T0015/222062/b1841j9/RDK-Service/ResourceManager/Module.h
2025-11-10 17:07:24,232 - Knowledge - INFO - Fast-tracked /app/data/T0015/222062/b1841j9/RDK-Service/OpenCDMi/CMakeLists.txt (ext=.txt, size=3489)
2025-11-10 17:07:24,422 - Knowledge - INFO - process ingested knowledge for /app/data/T0015/222062/b1841j9/RDK-Service/Warehouse/Module.cpp
2025-11-10 17:07:24,712 - Knowledge - INFO - Worker kw19 processing /app/data/T0015/222062/b1841j9/RDK-Service/OpenCDMi/OCDM.h
2025-11-10 17:07:24,950 - Knowledge - INFO - Worker kw19 processing /app/data/T0015/222062/b1841j9/RDK-Service/OpenCDMi/OCDMJsonRpc.cpp
2025-11-10 17:07:25,082 - Knowledge - INFO - [LLM_CALL] Completed: WebBridgeSDK.js:chunk1, Duration: 26763ms, PromptTokens: 3610, CompletionTokens: 703, Cost: $0.00064
2025-11-10 17:07:25,151 - Knowledge - INFO - Worker kw19 processing /app/data/T0015/222062/b1841j9/RDK-Service/OpenCDMi/Module.cpp
2025-11-10 17:07:25,272 - Knowledge - INFO - done ingest for /app/data/T0015/222062/b1841j9/RDK-Service/WebBridge/js/WebBridgeSDK.js
2025-11-10 17:07:25,410 - Knowledge - INFO - Async storage completed for 15 embeddings
2025-11-10 17:07:25,430 - Knowledge - INFO - Fast-tracked /app/data/T0015/222062/b1841j9/RDK-Service/OpenCDMi/Module.cpp (ext=.cpp, size=780)
2025-11-10 17:07:25,617 - Knowledge - INFO - process ingested knowledge for /app/data/T0015/222062/b1841j9/RDK-Service/Warehouse/CHANGELOG.md
2025-11-10 17:07:25,760 - Knowledge - INFO - process ingested knowledge for /app/data/T0015/222062/b1841j9/RDK-Service/ResourceManager/ResourceManagerPlugin.json
2025-11-10 17:07:25,912 - Knowledge - INFO - [kw9] Queue=15, InProgress=0, PendingWorkers=20/20, Completed=1090/1376 (79.2%)
2025-11-10 17:07:25,920 - Knowledge - INFO - Worker kw19 processing /app/data/T0015/222062/b1841j9/RDK-Service/OpenCDMi/OpenCDMi.json
2025-11-10 17:07:26,153 - Knowledge - INFO - [kw5] Queue=15, InProgress=0, PendingWorkers=20/20, Completed=1094/1376 (79.5%)
2025-11-10 17:07:26,179 - Knowledge - INFO - Batch sizing: calculated=10, max_allowed=25, queue=15, active_workers=20/20
2025-11-10 17:07:26,259 - Knowledge - INFO - Fast-tracked /app/data/T0015/222062/b1841j9/RDK-Service/OpenCDMi/OpenCDMi.json (ext=.json, size=2085)
2025-11-10 17:07:26,267 - Knowledge - INFO - Processing batch of 12 files
2025-11-10 17:07:26,338 - Knowledge - INFO - Batch sizing: calculated=10, max_allowed=25, queue=15, active_workers=20/20
2025-11-10 17:07:26,350 - Knowledge - INFO - Async storage completed for 15 embeddings
2025-11-10 17:07:26,545 - Knowledge - INFO - Worker kw19 processing /app/data/T0015/222062/b1841j9/RDK-Service/OpenCDMi/CENCParser.cpp
2025-11-10 17:07:26,628 - Knowledge - INFO - process ingested knowledge for /app/data/T0015/222062/b1841j9/RDK-Service/LinearPlaybackControl/LinearPlaybackControl.json
2025-11-10 17:07:26,641 - Knowledge - INFO - Async storage completed for 15 embeddings
2025-11-10 17:07:26,762 - Knowledge - INFO - process ingested knowledge for /app/data/T0015/222062/b1841j9/RDK-Service/Telemetry/Module.h
2025-11-10 17:07:26,912 - Knowledge - INFO - process ingested knowledge for /app/data/T0015/222062/b1841j9/RDK-Service/ResourceManager/CMakeLists.txt
2025-11-10 17:07:26,919 - Knowledge - INFO - Fast-tracked /app/data/T0015/222062/b1841j9/RDK-Service/OpenCDMi/CENCParser.cpp (ext=.cpp, size=1677)
2025-11-10 17:07:27,182 - Knowledge - INFO - Async storing batch of 15 embeddings
2025-11-10 17:07:27,185 - Knowledge - INFO - Async storing batch of 15 embeddings
2025-11-10 17:07:27,328 - Knowledge - INFO - process ingested knowledge for /app/data/T0015/222062/b1841j9/RDK-Service/LinearPlaybackControl/Module.cpp
2025-11-10 17:07:27,329 - Knowledge - INFO - [WEBSOCKET] Sent: Type=progress_update, Size: 295, Duration: 0ms
2025-11-10 17:07:27,411 - Knowledge - INFO - Worker kw19 processing /app/data/T0015/222062/b1841j9/RDK-Service/OpenCDMi/CHANGELOG.md
2025-11-10 17:07:27,548 - Knowledge - INFO - Worker kw5 processing /app/data/T0015/222062/b1841j9/RDK-Service/RustAdapter/RustAdapter.cpp
2025-11-10 17:07:27,551 - Knowledge - INFO - process ingested knowledge for /app/data/T0015/222062/b1841j9/RDK-Service/ResourceManager/ResourceManager.h
2025-11-10 17:07:27,674 - Knowledge - INFO - Worker kw9 processing /app/data/T0015/222062/b1841j9/RDK-Service/RustAdapter/RustPlugin.h
2025-11-10 17:07:27,676 - Knowledge - INFO - process ingested knowledge for /app/data/T0015/222062/b1841j9/RDK-Service/Telemetry/Telemetry.cpp
2025-11-10 17:07:27,930 - Knowledge - INFO - [WEBSOCKET] Sent: Type=unknown, Size: ?, Duration: 601ms
2025-11-10 17:07:28,018 - Knowledge - INFO - Fast-tracked /app/data/T0015/222062/b1841j9/RDK-Service/OpenCDMi/CHANGELOG.md (ext=.md, size=1855)
2025-11-10 17:07:28,145 - Knowledge - INFO - Worker kw5 processing /app/data/T0015/222062/b1841j9/RDK-Service/RustAdapter/LocalPlugin.h
2025-11-10 17:07:28,171 - Knowledge - INFO - process ingested knowledge for /app/data/T0015/222062/b1841j9/RDK-Service/LinearPlaybackControl/LinearConfig.h
2025-11-10 17:07:28,320 - Knowledge - INFO - Fast-tracked /app/data/T0015/222062/b1841j9/RDK-Service/RustAdapter/RustPlugin.h (ext=.h, size=982)
2025-11-10 17:07:28,446 - Knowledge - INFO - Async storage completed for 15 embeddings
2025-11-10 17:07:28,461 - Knowledge - INFO - Progress: 80.4% | Files: 1114/1376 | Rate: 1.59 files/sec | Queue: 0
2025-11-10 17:07:28,482 - Knowledge - INFO - process ingested knowledge for /app/data/T0015/222062/b1841j9/RDK-Service/ResourceManager/README.md
2025-11-10 17:07:28,484 - Knowledge - INFO - process ingested knowledge for /app/data/T0015/222062/b1841j9/RDK-Service/Telemetry/TelemetryPlugin.json
2025-11-10 17:07:28,678 - Knowledge - INFO - Worker kw5 processing /app/data/T0015/222062/b1841j9/RDK-Service/RustAdapter/Module.h
2025-11-10 17:07:28,864 - Knowledge - INFO - Worker kw9 processing /app/data/T0015/222062/b1841j9/RDK-Service/RustAdapter/LocalPlugin.cpp
2025-11-10 17:07:29,066 - Knowledge - INFO - process ingested knowledge for /app/data/T0015/222062/b1841j9/RDK-Service/Warehouse/Warehouse.cpp
2025-11-10 17:07:29,382 - Knowledge - INFO - Fast-tracked /app/data/T0015/222062/b1841j9/RDK-Service/RustAdapter/Module.h (ext=.h, size=862)
2025-11-10 17:07:29,484 - Knowledge - INFO - Processing batch of 12 files
2025-11-10 17:07:29,511 - Knowledge - INFO - Worker kw9 processing /app/data/T0015/222062/b1841j9/RDK-Service/RustAdapter/Module.cpp
2025-11-10 17:07:29,736 - Knowledge - INFO - process ingested knowledge for /app/data/T0015/222062/b1841j9/RDK-Service/Telemetry/CMakeLists.txt
2025-11-10 17:07:29,753 - Knowledge - INFO - process ingested knowledge for /app/data/T0015/222062/b1841j9/RDK-Service/Warehouse/Module.h
2025-11-10 17:07:29,757 - Knowledge - INFO - process ingested knowledge for /app/data/T0015/222062/b1841j9/RDK-Service/ResourceManager/ResourceManager.json
2025-11-10 17:07:29,773 - Knowledge - INFO - Worker kw5 processing /app/data/T0015/222062/b1841j9/RDK-Service/RustAdapter/RemotePlugin.cpp
2025-11-10 17:07:29,866 - Knowledge - INFO - process ingested knowledge for /app/data/T0015/222062/b1841j9/RDK-Service/ResourceManager/CHANGELOG.md
2025-11-10 17:07:29,949 - Knowledge - INFO - Processing batch of 12 files
2025-11-10 17:07:30,082 - Knowledge - INFO - Fast-tracked /app/data/T0015/222062/b1841j9/RDK-Service/RustAdapter/Module.cpp (ext=.cpp, size=780)
2025-11-10 17:07:30,662 - Knowledge - INFO - Worker kw5 processing /app/data/T0015/222062/b1841j9/RDK-Service/RustAdapter/SocketServer.h
2025-11-10 17:07:30,679 - Knowledge - INFO - process ingested knowledge for /app/data/T0015/222062/b1841j9/RDK-Service/Telemetry/Telemetry.h
2025-11-10 17:07:30,701 - Knowledge - INFO - Processing batch of 12 files
2025-11-10 17:07:30,744 - Knowledge - INFO - process ingested knowledge for /app/data/T0015/222062/b1841j9/RDK-Service/ResourceManager/Module.cpp
2025-11-10 17:07:30,901 - Knowledge - INFO - process ingested knowledge for /app/data/T0015/222062/b1841j9/RDK-Service/MediaEngineRMF/MediaEngineRMF.cpp
2025-11-10 17:07:31,000 - Knowledge - INFO - process ingested knowledge for /app/data/T0015/222062/b1841j9/RDK-Service/Warehouse/WarehousePlugin.json
2025-11-10 17:07:31,000 - Knowledge - INFO - process ingested knowledge for /app/data/T0015/222062/b1841j9/RDK-Service/LinearPlaybackControl/LinearPlaybackControl.cpp
2025-11-10 17:07:31,070 - Knowledge - INFO - Worker kw9 processing /app/data/T0015/222062/b1841j9/RDK-Service/RustAdapter/CHANGELOG.md
2025-11-10 17:07:31,269 - Knowledge - INFO - Fast-tracked /app/data/T0015/222062/b1841j9/RDK-Service/RustAdapter/SocketServer.h (ext=.h, size=1664)
2025-11-10 17:07:31,490 - Knowledge - INFO - process ingested knowledge for /app/data/T0015/222062/b1841j9/RDK-Service/WebBridge/js/WebBridgeSDK.js
2025-11-10 17:07:31,557 - Knowledge - INFO - [LLM_CALL] Completed: realtek.cmake:chunk1, Duration: 15164ms, PromptTokens: 3690, CompletionTokens: 147, Cost: $0.00043
2025-11-10 17:07:31,794 - Knowledge - INFO - process ingested knowledge for /app/data/T0015/222062/b1841j9/RDK-Service/Telemetry/README.md
2025-11-10 17:07:31,899 - Knowledge - INFO - process ingested knowledge for /app/data/T0015/222062/b1841j9/RDK-Service/MediaEngineRMF/MediaEngineRMFPlugin.json
2025-11-10 17:07:31,901 - Knowledge - INFO - process ingested knowledge for /app/data/T0015/222062/b1841j9/RDK-Service/Warehouse/CMakeLists.txt
2025-11-10 17:07:32,119 - Knowledge - INFO - Fast-tracked /app/data/T0015/222062/b1841j9/RDK-Service/RustAdapter/CHANGELOG.md (ext=.md, size=1661)
2025-11-10 17:07:32,215 - Knowledge - INFO - process ingested knowledge for /app/data/T0015/222062/b1841j9/RDK-Service/LinearPlaybackControl/Module.h
2025-11-10 17:07:32,264 - Knowledge - INFO - Worker kw5 processing /app/data/T0015/222062/b1841j9/RDK-Service/RustAdapter/Logger.h
2025-11-10 17:07:32,558 - Knowledge - INFO - done ingest for /app/data/T0015/222062/b1841j9/RDK-Service/realtek.cmake
2025-11-10 17:07:32,579 - Knowledge - INFO - [LLM_CALL] Completed: TestPage.html:chunk1, Duration: 9499ms, PromptTokens: 5410, CompletionTokens: 59, Cost: $0.00056
2025-11-10 17:07:33,011 - Knowledge - INFO - process ingested knowledge for /app/data/T0015/222062/b1841j9/RDK-Service/WebBridge/js/calc_server.html
2025-11-10 17:07:33,027 - Knowledge - INFO - process ingested knowledge for /app/data/T0015/222062/b1841j9/RDK-Service/Telemetry/Telemetry.json
2025-11-10 17:07:33,052 - Knowledge - INFO - process ingested knowledge for /app/data/T0015/222062/b1841j9/RDK-Service/MediaEngineRMF/CMakeLists.txt
2025-11-10 17:07:33,209 - Knowledge - INFO - process ingested knowledge for /app/data/T0015/222062/b1841j9/RDK-Service/Warehouse/cmake/FindIARMBus.cmake
2025-11-10 17:07:33,369 - Knowledge - INFO - Worker kw9 processing /app/data/T0015/222062/b1841j9/RDK-Service/l1tests.cmake
2025-11-10 17:07:33,667 - Knowledge - INFO - Fast-tracked /app/data/T0015/222062/b1841j9/RDK-Service/RustAdapter/Logger.h (ext=.h, size=1519)
2025-11-10 17:07:33,727 - Knowledge - INFO - process ingested knowledge for /app/data/T0015/222062/b1841j9/RDK-Service/LinearPlaybackControl/DemuxerStreamFsFCC.cpp
2025-11-10 17:07:34,094 - Knowledge - INFO - done ingest for /app/data/T0015/222062/b1841j9/RDK-Service/SecurityAgent/TestPage.html
2025-11-10 17:07:34,507 - Knowledge - INFO - process ingested knowledge for /app/data/T0015/222062/b1841j9/RDK-Service/WebBridge/js/WebBridgeClient.js
2025-11-10 17:07:34,545 - Knowledge - INFO - process ingested knowledge for /app/data/T0015/222062/b1841j9/RDK-Service/MediaEngineRMF/MediaEngineRMF.h
2025-11-10 17:07:34,548 - Knowledge - INFO - process ingested knowledge for /app/data/T0015/222062/b1841j9/RDK-Service/Warehouse/cmake/FindDS.cmake
2025-11-10 17:07:34,589 - Knowledge - INFO - process ingested knowledge for /app/data/T0015/222062/b1841j9/RDK-Service/Telemetry/Module.cpp
2025-11-10 17:07:34,792 - Knowledge - INFO - Worker kw5 processing /app/data/T0015/222062/b1841j9/RDK-Service/RustAdapter/CMakeLists.txt
2025-11-10 17:07:35,146 - Knowledge - INFO - process ingested knowledge for /app/data/T0015/222062/b1841j9/RDK-Service/LinearPlaybackControl/FileSelectListener.h
2025-11-10 17:07:35,269 - Knowledge - INFO - process ingested knowledge for /app/data/T0015/222062/b1841j9/RDK-Service/WebBridge/js/WebBridgeServer.js
2025-11-10 17:07:35,880 - Knowledge - INFO - Async storage completed for 15 embeddings
2025-11-10 17:07:36,157 - Knowledge - INFO - Fast-tracked /app/data/T0015/222062/b1841j9/RDK-Service/RustAdapter/CMakeLists.txt (ext=.txt, size=1415)
2025-11-10 17:07:36,236 - Knowledge - INFO - process ingested knowledge for /app/data/T0015/222062/b1841j9/RDK-Service/Warehouse/Warehouse.h
2025-11-10 17:07:36,250 - Knowledge - INFO - process ingested knowledge for /app/data/T0015/222062/b1841j9/RDK-Service/Telemetry/CHANGELOG.md
2025-11-10 17:07:36,316 - Knowledge - INFO - process ingested knowledge for /app/data/T0015/222062/b1841j9/RDK-Service/MediaEngineRMF/MediaEngineRMF.json
2025-11-10 17:07:36,374 - Knowledge - INFO - process ingested knowledge for /app/data/T0015/222062/b1841j9/RDK-Service/LinearPlaybackControl/LinearConfig.cpp
2025-11-10 17:07:36,603 - Knowledge - INFO - [LLM_CALL] Completed: AVInput.h:chunk1, Duration: 23361ms, PromptTokens: 3202, CompletionTokens: 985, Cost: $0.00071
2025-11-10 17:07:36,745 - Knowledge - INFO - Worker kw5 processing /app/data/T0015/222062/b1841j9/RDK-Service/RustAdapter/RemotePlugin.h
2025-11-10 17:07:36,952 - Knowledge - INFO - process ingested knowledge for /app/data/T0015/222062/b1841j9/RDK-Service/WebBridge/Module.cpp
2025-11-10 17:07:37,025 - Knowledge - INFO - process ingested knowledge for /app/data/T0015/222062/b1841j9/RDK-Service/Warehouse/README.md
2025-11-10 17:07:37,126 - Knowledge - INFO - process ingested knowledge for /app/data/T0015/222062/b1841j9/RDK-Service/MediaEngineRMF/Module.h
2025-11-10 17:07:37,456 - Knowledge - INFO - done ingest for /app/data/T0015/222062/b1841j9/RDK-Service/AVInput/AVInput.h
2025-11-10 17:07:37,512 - Knowledge - INFO - process ingested knowledge for /app/data/T0015/222062/b1841j9/RDK-Service/MediaEngineRMF/Module.cpp
2025-11-10 17:07:37,536 - Knowledge - INFO - process ingested knowledge for /app/data/T0015/222062/b1841j9/RDK-Service/LinearPlaybackControl/LinearPlaybackControlPlugin.json
2025-11-10 17:07:37,619 - Knowledge - INFO - Worker kw5 processing /app/data/T0015/222062/b1841j9/RDK-Service/RustAdapter/SocketServer.cpp
2025-11-10 17:07:38,061 - Knowledge - INFO - process ingested knowledge for /app/data/T0015/222062/b1841j9/RDK-Service/Warehouse/Warehouse.json
2025-11-10 17:07:38,086 - Knowledge - INFO - process ingested knowledge for /app/data/T0015/222062/b1841j9/RDK-Service/WebBridge/CHANGELOG.md
2025-11-10 17:07:38,615 - Knowledge - INFO - Worker kw5 processing /app/data/T0015/222062/b1841j9/RDK-Service/RustAdapter/RustAdapter.h
2025-11-10 17:07:38,723 - Knowledge - INFO - Fast-tracked /app/data/T0015/222062/b1841j9/RDK-Service/OpenCDMi/OCDMJsonRpc.cpp (small file (2981 bytes))
2025-11-10 17:07:39,301 - Knowledge - INFO - Async storage completed for 15 embeddings
2025-11-10 17:07:39,427 - Knowledge - INFO - process ingested knowledge for /app/data/T0015/222062/b1841j9/RDK-Service/MediaEngineRMF/CHANGELOG.md
2025-11-10 17:07:39,442 - Knowledge - INFO - process ingested knowledge for /app/data/T0015/222062/b1841j9/RDK-Service/LinearPlaybackControl/CMakeLists.txt
2025-11-10 17:07:40,023 - Knowledge - INFO - Async storage completed for 12 embeddings
2025-11-10 17:07:40,854 - Knowledge - INFO - process ingested knowledge for /app/data/T0015/222062/b1841j9/RDK-Service/amlogic.cmake
2025-11-10 17:07:41,785 - Knowledge - INFO - process ingested knowledge for /app/data/T0015/222062/b1841j9/RDK-Service/WebBridge/Module.h
2025-11-10 17:07:42,549 - Knowledge - INFO - process ingested knowledge for /app/data/T0015/222062/b1841j9/RDK-Service/intel.cmake
2025-11-10 17:07:43,217 - Knowledge - INFO - process ingested knowledge for /app/data/T0015/222062/b1841j9/RDK-Service/LinearPlaybackControl/DemuxerStreamFsFCC.h
2025-11-10 17:07:43,225 - Knowledge - INFO - process ingested knowledge for /app/data/T0015/222062/b1841j9/RDK-Service/MigrationPreparer/Module.h
2025-11-10 17:07:43,756 - Knowledge - INFO - Async storage completed for 15 embeddings
2025-11-10 17:07:43,946 - Knowledge - INFO - process ingested knowledge for /app/data/T0015/222062/b1841j9/RDK-Service/WebBridge/WebBridge.cpp
2025-11-10 17:07:43,970 - Knowledge - INFO - process ingested knowledge for /app/data/T0015/222062/b1841j9/RDK-Service/LinearPlaybackControl/LinearPlaybackControl.h
2025-11-10 17:07:44,036 - Knowledge - INFO - process ingested knowledge for /app/data/T0015/222062/b1841j9/RDK-Service/MigrationPreparer/MigrationPreparer.cpp
2025-11-10 17:07:44,874 - Knowledge - INFO - process ingested knowledge for /app/data/T0015/222062/b1841j9/RDK-Service/WebBridge/CMakeLists.txt
2025-11-10 17:07:44,880 - Knowledge - INFO - process ingested knowledge for /app/data/T0015/222062/b1841j9/RDK-Service/MigrationPreparer/MigrationPreparerPlugin.json
2025-11-10 17:07:45,824 - Knowledge - INFO - process ingested knowledge for /app/data/T0015/222062/b1841j9/RDK-Service/LinearPlaybackControl/IDemuxer.h
2025-11-10 17:07:45,863 - Knowledge - INFO - process ingested knowledge for /app/data/T0015/222062/b1841j9/RDK-Service/MigrationPreparer/MigrationPreparerImplementation.cpp
2025-11-10 17:07:47,700 - Knowledge - INFO - process ingested knowledge for /app/data/T0015/222062/b1841j9/RDK-Service/WebBridge/WebBridge.h
2025-11-10 17:07:47,774 - Knowledge - INFO - process ingested knowledge for /app/data/T0015/222062/b1841j9/RDK-Service/LinearPlaybackControl/LinearPlaybackControlJsonRpc.cpp
2025-11-10 17:07:50,286 - Knowledge - INFO - [LLM_CALL] Completed: l1tests.cmake:chunk1, Duration: 10822ms, PromptTokens: 5480, CompletionTokens: 59, Cost: $0.00057
2025-11-10 17:07:50,449 - Knowledge - INFO - process ingested knowledge for /app/data/T0015/222062/b1841j9/RDK-Service/MigrationPreparer/CMakeLists.txt
2025-11-10 17:07:50,606 - Knowledge - INFO - done ingest for /app/data/T0015/222062/b1841j9/RDK-Service/l1tests.cmake
2025-11-10 17:07:50,664 - Knowledge - INFO - [LLM_CALL] Completed: VoiceControl.h:chunk1, Duration: 36715ms, PromptTokens: 2172, CompletionTokens: 856, Cost: $0.00056
2025-11-10 17:07:51,201 - Knowledge - INFO - done ingest for /app/data/T0015/222062/b1841j9/RDK-Service/VoiceControl/VoiceControl.h
2025-11-10 17:07:53,354 - Knowledge - INFO - Async storage completed for 15 embeddings
2025-11-10 17:07:54,774 - Knowledge - INFO - Processing batch of 10 files
2025-11-10 17:07:55,258 - Knowledge - INFO - process ingested knowledge for /app/data/T0015/222062/b1841j9/RDK-Service/AVInput/Module.h
2025-11-10 17:07:57,005 - Knowledge - INFO - process ingested knowledge for /app/data/T0015/222062/b1841j9/RDK-Service/AVInput/CMakeLists.txt
2025-11-10 17:08:00,166 - Knowledge - INFO - process ingested knowledge for /app/data/T0015/222062/b1841j9/RDK-Service/AVInput/AVInputPlugin.json
2025-11-10 17:08:02,584 - Knowledge - INFO - [LLM_CALL] Completed: MigrationPreparerImplementation.h:chunk1, Duration: 49354ms, PromptTokens: 2928, CompletionTokens: 543, Cost: $0.00051
2025-11-10 17:08:02,974 - Knowledge - INFO - done ingest for /app/data/T0015/222062/b1841j9/RDK-Service/MigrationPreparer/MigrationPreparerImplementation.h
2025-11-10 17:08:03,074 - Knowledge - INFO - process ingested knowledge for /app/data/T0015/222062/b1841j9/RDK-Service/AVInput/AVInput.h
2025-11-10 17:08:03,533 - Knowledge - INFO - [LLM_CALL] Completed: OCDM.h:chunk1, Duration: 29379ms, PromptTokens: 3878, CompletionTokens: 615, Cost: $0.00063
2025-11-10 17:08:03,898 - Knowledge - INFO - done ingest for /app/data/T0015/222062/b1841j9/RDK-Service/OpenCDMi/OCDM.h
2025-11-10 17:08:05,277 - Knowledge - INFO - process ingested knowledge for /app/data/T0015/222062/b1841j9/RDK-Service/AVInput/README.md
2025-11-10 17:08:05,830 - Knowledge - INFO - [WEBSOCKET] Sent: Type=progress_update, Size: 294, Duration: 0ms
2025-11-10 17:08:06,200 - Knowledge - INFO - [WEBSOCKET] Sent: Type=unknown, Size: ?, Duration: 370ms
2025-11-10 17:08:06,731 - Knowledge - INFO - Progress: 82.7% | Files: 1138/1376 | Rate: 1.55 files/sec | Queue: 0
2025-11-10 17:08:07,188 - Knowledge - INFO - process ingested knowledge for /app/data/T0015/222062/b1841j9/RDK-Service/AVInput/Module.cpp
2025-11-10 17:08:09,079 - Knowledge - INFO - process ingested knowledge for /app/data/T0015/222062/b1841j9/RDK-Service/AVInput/CHANGELOG.md
2025-11-10 17:08:09,931 - Knowledge - INFO - process ingested knowledge for /app/data/T0015/222062/b1841j9/RDK-Service/AVInput/AVInput.json
2025-11-10 17:08:13,157 - Knowledge - INFO - process ingested knowledge for /app/data/T0015/222062/b1841j9/RDK-Service/DisplaySettings/DisplaySettings.cpp
2025-11-10 17:08:13,176 - Knowledge - INFO - Processing batch of 10 files
2025-11-10 17:08:13,600 - Knowledge - INFO - [LLM_CALL] Completed: LocalPlugin.cpp:chunk1, Duration: 38768ms, PromptTokens: 6002, CompletionTokens: 866, Cost: $0.00095
2025-11-10 17:08:13,824 - Knowledge - INFO - process ingested knowledge for /app/data/T0015/222062/b1841j9/RDK-Service/VoiceControl/Module.h
2025-11-10 17:08:14,182 - Knowledge - INFO - done ingest for /app/data/T0015/222062/b1841j9/RDK-Service/RustAdapter/LocalPlugin.cpp
2025-11-10 17:08:14,274 - Knowledge - INFO - [LLM_CALL] Completed: FrameRate.h:chunk1, Duration: 63429ms, PromptTokens: 2390, CompletionTokens: 938, Cost: $0.00061
2025-11-10 17:08:14,654 - Knowledge - INFO - done ingest for /app/data/T0015/222062/b1841j9/RDK-Service/FrameRate/FrameRate.h
2025-11-10 17:08:14,834 - Knowledge - INFO - [LLM_CALL] Completed: CENCParser.h:chunk1, Duration: 46281ms, PromptTokens: 10068, CompletionTokens: 657, Cost: $0.00127
2025-11-10 17:08:15,000 - Knowledge - INFO - process ingested knowledge for /app/data/T0015/222062/b1841j9/RDK-Service/VoiceControl/CMakeLists.txt
2025-11-10 17:08:15,048 - Knowledge - INFO - done ingest for /app/data/T0015/222062/b1841j9/RDK-Service/OpenCDMi/CENCParser.h
2025-11-10 17:08:16,379 - Knowledge - INFO - process ingested knowledge for /app/data/T0015/222062/b1841j9/RDK-Service/VoiceControl/VoiceControlPlugin.json
2025-11-10 17:08:16,464 - Knowledge - INFO - [LLM_CALL] Completed: SecurityAgent.h:chunk1, Duration: 45031ms, PromptTokens: 3990, CompletionTokens: 722, Cost: $0.00069
2025-11-10 17:08:17,196 - Knowledge - INFO - done ingest for /app/data/T0015/222062/b1841j9/RDK-Service/SecurityAgent/SecurityAgent.h
2025-11-10 17:08:17,262 - Knowledge - INFO - process ingested knowledge for /app/data/T0015/222062/b1841j9/RDK-Service/DisplaySettings/Module.h
2025-11-10 17:08:17,302 - Knowledge - INFO - [LLM_CALL] Completed: FrameRate.cpp:chunk1, Duration: 56474ms, PromptTokens: 9116, CompletionTokens: 1063, Cost: $0.00134
2025-11-10 17:08:17,866 - Knowledge - INFO - done ingest for /app/data/T0015/222062/b1841j9/RDK-Service/FrameRate/FrameRate.cpp
2025-11-10 17:08:18,742 - Knowledge - INFO - process ingested knowledge for /app/data/T0015/222062/b1841j9/RDK-Service/VoiceControl/VoiceControl.h
2025-11-10 17:08:18,918 - Knowledge - INFO - [LLM_CALL] Completed: VoiceControl.cpp:chunk1, Duration: 59164ms, PromptTokens: 13586, CompletionTokens: 1126, Cost: $0.00181
2025-11-10 17:08:19,205 - Knowledge - INFO - done ingest for /app/data/T0015/222062/b1841j9/RDK-Service/VoiceControl/VoiceControl.cpp
2025-11-10 17:08:20,286 - Knowledge - INFO - process ingested knowledge for /app/data/T0015/222062/b1841j9/RDK-Service/VoiceControl/README.md
2025-11-10 17:08:20,902 - Knowledge - INFO - [LLM_CALL] Completed: SecurityAgentJsonRpc.cpp:chunk1, Duration: 59713ms, PromptTokens: 2188, CompletionTokens: 390, Cost: $0.00037
2025-11-10 17:08:21,154 - Knowledge - INFO - done ingest for /app/data/T0015/222062/b1841j9/RDK-Service/SecurityAgent/SecurityAgentJsonRpc.cpp
2025-11-10 17:08:21,177 - Knowledge - INFO - [LLM_CALL] Completed: SecurityContext.cpp:chunk1, Duration: 60641ms, PromptTokens: 2452, CompletionTokens: 451, Cost: $0.00043
2025-11-10 17:08:21,438 - Knowledge - INFO - process ingested knowledge for /app/data/T0015/222062/b1841j9/RDK-Service/VoiceControl/Module.cpp
2025-11-10 17:08:21,604 - Knowledge - INFO - done ingest for /app/data/T0015/222062/b1841j9/RDK-Service/SecurityAgent/SecurityContext.cpp
2025-11-10 17:08:21,807 - Knowledge - INFO - [LLM_CALL] Completed: MigrationPreparer.h:chunk1, Duration: 72759ms, PromptTokens: 2126, CompletionTokens: 803, Cost: $0.00053
2025-11-10 17:08:22,259 - Knowledge - INFO - done ingest for /app/data/T0015/222062/b1841j9/RDK-Service/MigrationPreparer/MigrationPreparer.h
2025-11-10 17:08:22,923 - Knowledge - INFO - process ingested knowledge for /app/data/T0015/222062/b1841j9/RDK-Service/VoiceControl/CHANGELOG.md
2025-11-10 17:08:22,980 - Knowledge - INFO - Processing batch of 5 files
2025-11-10 17:08:23,597 - Knowledge - INFO - process ingested knowledge for /app/data/T0015/222062/b1841j9/RDK-Service/RustAdapter/RustPlugin.h
2025-11-10 17:08:24,512 - Knowledge - INFO - process ingested knowledge for /app/data/T0015/222062/b1841j9/RDK-Service/RustAdapter/LocalPlugin.cpp
2025-11-10 17:08:25,805 - Knowledge - INFO - process ingested knowledge for /app/data/T0015/222062/b1841j9/RDK-Service/RustAdapter/Module.cpp
2025-11-10 17:08:25,831 - Knowledge - INFO - [LLM_CALL] Completed: MigrationPreparerJsonRpc.cpp:chunk1, Duration: 75304ms, PromptTokens: 6796, CompletionTokens: 604, Cost: $0.00092
2025-11-10 17:08:26,296 - Knowledge - INFO - done ingest for /app/data/T0015/222062/b1841j9/RDK-Service/MigrationPreparer/MigrationPreparerJsonRpc.cpp
2025-11-10 17:08:26,323 - Knowledge - INFO - Processing batch of 10 files
2025-11-10 17:08:26,534 - Knowledge - INFO - process ingested knowledge for /app/data/T0015/222062/b1841j9/RDK-Service/RustAdapter/CHANGELOG.md
2025-11-10 17:08:26,848 - Knowledge - INFO - process ingested knowledge for /app/data/T0015/222062/b1841j9/RDK-Service/OpenCDMi/Module.h
2025-11-10 17:08:27,360 - Knowledge - INFO - process ingested knowledge for /app/data/T0015/222062/b1841j9/RDK-Service/l1tests.cmake
2025-11-10 17:08:27,591 - Knowledge - INFO - process ingested knowledge for /app/data/T0015/222062/b1841j9/RDK-Service/VoiceControl/VoiceControl.json
2025-11-10 17:08:28,989 - Knowledge - INFO - process ingested knowledge for /app/data/T0015/222062/b1841j9/RDK-Service/OpenCDMi/CENCParser.h
2025-11-10 17:08:29,481 - Knowledge - INFO - process ingested knowledge for /app/data/T0015/222062/b1841j9/RDK-Service/OpenCDMi/OpenCDMiPlugin.json
2025-11-10 17:08:29,559 - Knowledge - INFO - process ingested knowledge for /app/data/T0015/222062/b1841j9/RDK-Service/CONTRIBUTING.md
2025-11-10 17:08:30,047 - Knowledge - INFO - process ingested knowledge for /app/data/T0015/222062/b1841j9/RDK-Service/OpenCDMi/CMakeLists.txt
2025-11-10 17:08:31,594 - Knowledge - INFO - process ingested knowledge for /app/data/T0015/222062/b1841j9/RDK-Service/SecurityAgent/TestPage.html
2025-11-10 17:08:33,531 - Knowledge - INFO - process ingested knowledge for /app/data/T0015/222062/b1841j9/RDK-Service/OpenCDMi/OCDM.h
2025-11-10 17:08:35,793 - Knowledge - INFO - process ingested knowledge for /app/data/T0015/222062/b1841j9/RDK-Service/OpenCDMi/OCDMJsonRpc.cpp
2025-11-10 17:08:36,560 - Knowledge - INFO - process ingested knowledge for /app/data/T0015/222062/b1841j9/RDK-Service/OpenCDMi/Module.cpp
2025-11-10 17:08:37,970 - Knowledge - INFO - [LLM_CALL] Completed: AccessControlList.h:chunk1, Duration: 71050ms, PromptTokens: 7070, CompletionTokens: 826, Cost: $0.00104
2025-11-10 17:08:38,111 - Knowledge - INFO - process ingested knowledge for /app/data/T0015/222062/b1841j9/RDK-Service/OpenCDMi/OpenCDMi.json
2025-11-10 17:08:38,190 - Knowledge - INFO - done ingest for /app/data/T0015/222062/b1841j9/RDK-Service/SecurityAgent/AccessControlList.h
2025-11-10 17:08:38,201 - Knowledge - INFO - [LLM_CALL] Completed: OCDM.cpp:chunk1, Duration: 63240ms, PromptTokens: 4938, CompletionTokens: 880, Cost: $0.00085
2025-11-10 17:08:38,623 - Knowledge - INFO - done ingest for /app/data/T0015/222062/b1841j9/RDK-Service/OpenCDMi/OCDM.cpp
2025-11-10 17:08:38,698 - Knowledge - INFO - process ingested knowledge for /app/data/T0015/222062/b1841j9/RDK-Service/OpenCDMi/CENCParser.cpp
2025-11-10 17:08:39,335 - Knowledge - INFO - process ingested knowledge for /app/data/T0015/222062/b1841j9/RDK-Service/OpenCDMi/CHANGELOG.md
2025-11-10 17:08:44,611 - Knowledge - INFO - [LLM_CALL] Completed: AVInput.cpp:chunk1, Duration: 82717ms, PromptTokens: 26076, CompletionTokens: 2541, Cost: $0.00362
2025-11-10 17:08:44,831 - Knowledge - INFO - done ingest for /app/data/T0015/222062/b1841j9/RDK-Service/AVInput/AVInput.cpp
2025-11-10 17:08:44,837 - Knowledge - INFO - [LLM_CALL] Completed: FrameworkRPC.cpp:chunk1, Duration: 74142ms, PromptTokens: 24568, CompletionTokens: 989, Cost: $0.00285
2025-11-10 17:08:45,269 - Knowledge - INFO - done ingest for /app/data/T0015/222062/b1841j9/RDK-Service/OpenCDMi/FrameworkRPC.cpp
2025-11-10 17:08:45,280 - Knowledge - INFO - Processing batch of 10 files
2025-11-10 17:08:45,304 - Knowledge - INFO - [WEBSOCKET] Sent: Type=progress_update, Size: 293, Duration: 0ms
2025-11-10 17:08:45,720 - Knowledge - INFO - process ingested knowledge for /app/data/T0015/222062/b1841j9/RDK-Service/MigrationPreparer/MigrationPreparer.h
2025-11-10 17:08:45,937 - Knowledge - INFO - [LLM_CALL] Completed: SecapiToken.cpp:chunk1, Duration: 78754ms, PromptTokens: 3300, CompletionTokens: 565, Cost: $0.00056
2025-11-10 17:08:46,674 - Knowledge - INFO - done ingest for /app/data/T0015/222062/b1841j9/RDK-Service/SecurityAgent/SecapiToken.cpp
2025-11-10 17:08:46,686 - Knowledge - INFO - [WEBSOCKET] Sent: Type=unknown, Size: ?, Duration: 1383ms
2025-11-10 17:08:46,864 - Knowledge - INFO - process ingested knowledge for /app/data/T0015/222062/b1841j9/RDK-Service/MigrationPreparer/README.md
2025-11-10 17:08:47,113 - Knowledge - INFO - Progress: 85.0% | Files: 1170/1376 | Rate: 1.51 files/sec | Queue: 0
2025-11-10 17:08:47,995 - Knowledge - INFO - [LLM_CALL] Completed: DisplaySettings.h:chunk1, Duration: 94789ms, PromptTokens: 8598, CompletionTokens: 3355, Cost: $0.00220
2025-11-10 17:08:48,423 - Knowledge - INFO - done ingest for /app/data/T0015/222062/b1841j9/RDK-Service/DisplaySettings/DisplaySettings.h
2025-11-10 17:08:49,248 - Knowledge - INFO - process ingested knowledge for /app/data/T0015/222062/b1841j9/RDK-Service/MigrationPreparer/MigrationPreparer.json
2025-11-10 17:08:50,097 - Knowledge - INFO - process ingested knowledge for /app/data/T0015/222062/b1841j9/RDK-Service/MigrationPreparer/MigrationPreparerJsonRpc.cpp
2025-11-10 17:08:51,233 - Knowledge - INFO - process ingested knowledge for /app/data/T0015/222062/b1841j9/RDK-Service/MigrationPreparer/Module.cpp
2025-11-10 17:08:51,613 - Knowledge - INFO - process ingested knowledge for /app/data/T0015/222062/b1841j9/RDK-Service/MigrationPreparer/MigrationPreparerImplementation.h
2025-11-10 17:08:53,327 - Knowledge - ERROR - Timeout processing /app/data/T0015/222062/b1841j9/RDK-Service/SecurityAgent/SecurityAgent.cpp after 90s
2025-11-10 17:08:53,350 - Knowledge - INFO - [LLM_CALL] Completed: RustAdapter.cpp:chunk1, Duration: 74161ms, PromptTokens: 3884, CompletionTokens: 1092, Cost: $0.00083
2025-11-10 17:08:53,386 - Knowledge - INFO - process ingested knowledge for /app/data/T0015/222062/b1841j9/RDK-Service/MigrationPreparer/CHANGELOG.md
2025-11-10 17:08:53,664 - Knowledge - INFO - done ingest for /app/data/T0015/222062/b1841j9/RDK-Service/RustAdapter/RustAdapter.cpp
2025-11-10 17:08:53,691 - Knowledge - WARNING - File /app/data/T0015/222062/b1841j9/RDK-Service/SecurityAgent/SecurityAgent.cpp not successfully processed
2025-11-10 17:08:53,695 - Knowledge - INFO - Processing batch of 10 files
2025-11-10 17:08:53,721 - Knowledge - INFO - Processing batch of 10 files
2025-11-10 17:08:53,730 - Knowledge - INFO - Processing batch of 10 files
2025-11-10 17:08:53,783 - Knowledge - INFO - process ingested knowledge for /app/data/T0015/222062/b1841j9/RDK-Service/FrameRate/FrameRate.cpp
2025-11-10 17:08:54,370 - Knowledge - INFO - process ingested knowledge for /app/data/T0015/222062/b1841j9/RDK-Service/FrameRate/CMakeLists.txt
2025-11-10 17:08:54,480 - Knowledge - INFO - process ingested knowledge for /app/data/T0015/222062/b1841j9/RDK-Service/DisplaySettings/CMakeLists.txt
2025-11-10 17:08:54,577 - Knowledge - INFO - process ingested knowledge for /app/data/T0015/222062/b1841j9/RDK-Service/SecurityAgent/SecurityContext.h
2025-11-10 17:08:54,780 - Knowledge - INFO - process ingested knowledge for /app/data/T0015/222062/b1841j9/RDK-Service/FrameRate/Module.h
2025-11-10 17:08:54,907 - Knowledge - INFO - [LLM_CALL] Completed: SocketServer.cpp:chunk1, Duration: 64922ms, PromptTokens: 6208, CompletionTokens: 795, Cost: $0.00094
2025-11-10 17:08:54,916 - Knowledge - INFO - process ingested knowledge for /app/data/T0015/222062/b1841j9/RDK-Service/DisplaySettings/DisplaySettingsPlugin.json
2025-11-10 17:08:54,926 - Knowledge - INFO - process ingested knowledge for /app/data/T0015/222062/b1841j9/RDK-Service/FrameRate/cmake/FindIARMBus.cmake
2025-11-10 17:08:55,020 - Knowledge - INFO - process ingested knowledge for /app/data/T0015/222062/b1841j9/RDK-Service/SecurityAgent/example_acl.json
2025-11-10 17:08:55,145 - Knowledge - INFO - process ingested knowledge for /app/data/T0015/222062/b1841j9/RDK-Service/FrameRate/FrameRatePlugin.json
2025-11-10 17:08:55,227 - Knowledge - INFO - done ingest for /app/data/T0015/222062/b1841j9/RDK-Service/RustAdapter/SocketServer.cpp
2025-11-10 17:08:55,279 - Knowledge - INFO - Processing batch of 9 files
2025-11-10 17:08:55,355 - Knowledge - INFO - process ingested knowledge for /app/data/T0015/222062/b1841j9/RDK-Service/DisplaySettings/cmake/FindIARMBus.cmake
2025-11-10 17:08:55,435 - Knowledge - INFO - process ingested knowledge for /app/data/T0015/222062/b1841j9/RDK-Service/FrameRate/cmake/FindDS.cmake
2025-11-10 17:08:55,573 - Knowledge - INFO - process ingested knowledge for /app/data/T0015/222062/b1841j9/RDK-Service/SecurityAgent/SecurityAgentJsonRpc.cpp
2025-11-10 17:08:55,997 - Knowledge - INFO - process ingested knowledge for /app/data/T0015/222062/b1841j9/RDK-Service/SecurityAgent/AccessControlList.cpp
2025-11-10 17:08:56,617 - Knowledge - INFO - process ingested knowledge for /app/data/T0015/222062/b1841j9/RDK-Service/SecurityAgent/Module.cpp
2025-11-10 17:08:56,736 - Knowledge - INFO - process ingested knowledge for /app/data/T0015/222062/b1841j9/RDK-Service/DisplaySettings/cmake/FindDS.cmake
2025-11-10 17:08:57,293 - Knowledge - INFO - process ingested knowledge for /app/data/T0015/222062/b1841j9/RDK-Service/FrameRate/FrameRate.h
2025-11-10 17:08:57,302 - Knowledge - INFO - process ingested knowledge for /app/data/T0015/222062/b1841j9/RDK-Service/SecurityAgent/SecapiToken.cpp
2025-11-10 17:08:57,365 - Knowledge - INFO - [LLM_CALL] Completed: LocalPlugin.h:chunk1, Duration: 74068ms, PromptTokens: 3516, CompletionTokens: 956, Cost: $0.00073
2025-11-10 17:08:57,366 - Knowledge - INFO - process ingested knowledge for /app/data/T0015/222062/b1841j9/RDK-Service/DisplaySettings/DisplaySettings.h
2025-11-10 17:08:57,370 - Knowledge - INFO - process ingested knowledge for /app/data/T0015/222062/b1841j9/RDK-Service/SecurityAgent/Module.h
2025-11-10 17:08:57,642 - Knowledge - INFO - process ingested knowledge for /app/data/T0015/222062/b1841j9/RDK-Service/FrameRate/README.md
2025-11-10 17:08:57,648 - Knowledge - INFO - process ingested knowledge for /app/data/T0015/222062/b1841j9/RDK-Service/SecurityAgent/CHANGELOG.md
2025-11-10 17:08:57,710 - Knowledge - INFO - done ingest for /app/data/T0015/222062/b1841j9/RDK-Service/RustAdapter/LocalPlugin.h
2025-11-10 17:08:57,804 - Knowledge - INFO - process ingested knowledge for /app/data/T0015/222062/b1841j9/RDK-Service/DisplaySettings/README.md
2025-11-10 17:08:57,993 - Knowledge - INFO - process ingested knowledge for /app/data/T0015/222062/b1841j9/RDK-Service/SecurityAgent/SecapiToken.h
2025-11-10 17:08:58,166 - Knowledge - INFO - process ingested knowledge for /app/data/T0015/222062/b1841j9/RDK-Service/FrameRate/Module.cpp
2025-11-10 17:08:58,190 - Knowledge - INFO - process ingested knowledge for /app/data/T0015/222062/b1841j9/RDK-Service/SecurityAgent/TokenFactory.h
2025-11-10 17:08:58,488 - Knowledge - INFO - process ingested knowledge for /app/data/T0015/222062/b1841j9/RDK-Service/DisplaySettings/Module.cpp
2025-11-10 17:08:58,708 - Knowledge - INFO - process ingested knowledge for /app/data/T0015/222062/b1841j9/RDK-Service/SecurityAgent/SecurityAgent.json
2025-11-10 17:08:58,838 - Knowledge - INFO - process ingested knowledge for /app/data/T0015/222062/b1841j9/RDK-Service/SecurityAgent/Overview.md
2025-11-10 17:08:58,873 - Knowledge - INFO - process ingested knowledge for /app/data/T0015/222062/b1841j9/RDK-Service/FrameRate/CHANGELOG.md
2025-11-10 17:08:59,093 - Knowledge - INFO - process ingested knowledge for /app/data/T0015/222062/b1841j9/RDK-Service/DisplaySettings/CHANGELOG.md
2025-11-10 17:08:59,332 - Knowledge - INFO - process ingested knowledge for /app/data/T0015/222062/b1841j9/RDK-Service/OpenCDMi/FrameworkRPC.cpp
2025-11-10 17:08:59,372 - Knowledge - INFO - process ingested knowledge for /app/data/T0015/222062/b1841j9/RDK-Service/SecurityAgent/CMakeLists.txt
2025-11-10 17:08:59,526 - Knowledge - INFO - process ingested knowledge for /app/data/T0015/222062/b1841j9/RDK-Service/FrameRate/FrameRate.json
2025-11-10 17:08:59,528 - Knowledge - INFO - [LLM_CALL] Completed: RustAdapter.h:chunk1, Duration: 67655ms, PromptTokens: 3418, CompletionTokens: 928, Cost: $0.00071
2025-11-10 17:08:59,547 - Knowledge - INFO - process ingested knowledge for /app/data/T0015/222062/b1841j9/RDK-Service/DisplaySettings/DisplaySettings.json
2025-11-10 17:08:59,609 - Knowledge - INFO - process ingested knowledge for /app/data/T0015/222062/b1841j9/RDK-Service/OpenCDMi/OCDM.cpp
2025-11-10 17:08:59,718 - Knowledge - INFO - process ingested knowledge for /app/data/T0015/222062/b1841j9/RDK-Service/SecurityAgent/SecurityAgentPlugin.json
2025-11-10 17:08:59,801 - Knowledge - INFO - process ingested knowledge for /app/data/T0015/222062/b1841j9/RDK-Service/realtek.cmake
2025-11-10 17:08:59,900 - Knowledge - INFO - done ingest for /app/data/T0015/222062/b1841j9/RDK-Service/RustAdapter/RustAdapter.h
2025-11-10 17:08:59,901 - Knowledge - INFO - [WEBSOCKET] Sent: Type=progress_update, Size: 295, Duration: 0ms
2025-11-10 17:08:59,987 - Knowledge - INFO - process ingested knowledge for /app/data/T0015/222062/b1841j9/RDK-Service/VoiceControl/VoiceControl.cpp
2025-11-10 17:09:00,211 - Knowledge - INFO - process ingested knowledge for /app/data/T0015/222062/b1841j9/RDK-Service/SecurityAgent/SecurityContext.cpp
2025-11-10 17:09:00,357 - Knowledge - INFO - process ingested knowledge for /app/data/T0015/222062/b1841j9/RDK-Service/AVInput/AVInput.cpp
2025-11-10 17:09:00,581 - Knowledge - INFO - [WEBSOCKET] Sent: Type=unknown, Size: ?, Duration: 681ms
2025-11-10 17:09:01,288 - Knowledge - INFO - Progress: 87.8% | Files: 1208/1376 | Rate: 1.53 files/sec | Queue: 0
2025-11-10 17:09:01,289 - Knowledge - INFO - [LLM_CALL] Completed: RemotePlugin.cpp:chunk1, Duration: 76190ms, PromptTokens: 4096, CompletionTokens: 822, Cost: $0.00074
2025-11-10 17:09:01,571 - Knowledge - INFO - process ingested knowledge for /app/data/T0015/222062/b1841j9/RDK-Service/SecurityAgent/AccessControlList.h
2025-11-10 17:09:01,604 - Knowledge - INFO - done ingest for /app/data/T0015/222062/b1841j9/RDK-Service/RustAdapter/RemotePlugin.cpp
2025-11-10 17:09:02,402 - Knowledge - INFO - [LLM_CALL] Completed: RemotePlugin.h:chunk1, Duration: 74594ms, PromptTokens: 2978, CompletionTokens: 856, Cost: $0.00064
2025-11-10 17:09:02,570 - Knowledge - INFO - done ingest for /app/data/T0015/222062/b1841j9/RDK-Service/RustAdapter/RemotePlugin.h
2025-11-10 17:09:02,756 - Knowledge - INFO - process ingested knowledge for /app/data/T0015/222062/b1841j9/RDK-Service/SecurityAgent/SecurityAgent.h
2025-11-10 17:09:04,732 - Knowledge - INFO - Processing batch of 10 files
2025-11-10 17:09:04,936 - Knowledge - INFO - process ingested knowledge for /app/data/T0015/222062/b1841j9/RDK-Service/RustAdapter/RustAdapter.cpp
2025-11-10 17:09:05,191 - Knowledge - INFO - process ingested knowledge for /app/data/T0015/222062/b1841j9/RDK-Service/RustAdapter/LocalPlugin.h
2025-11-10 17:09:05,401 - Knowledge - INFO - process ingested knowledge for /app/data/T0015/222062/b1841j9/RDK-Service/RustAdapter/Module.h
2025-11-10 17:09:05,599 - Knowledge - INFO - process ingested knowledge for /app/data/T0015/222062/b1841j9/RDK-Service/RustAdapter/RemotePlugin.cpp
2025-11-10 17:09:05,807 - Knowledge - INFO - process ingested knowledge for /app/data/T0015/222062/b1841j9/RDK-Service/RustAdapter/SocketServer.h
2025-11-10 17:09:05,989 - Knowledge - INFO - process ingested knowledge for /app/data/T0015/222062/b1841j9/RDK-Service/RustAdapter/Logger.h
2025-11-10 17:09:06,184 - Knowledge - INFO - process ingested knowledge for /app/data/T0015/222062/b1841j9/RDK-Service/RustAdapter/CMakeLists.txt
2025-11-10 17:09:06,356 - Knowledge - INFO - process ingested knowledge for /app/data/T0015/222062/b1841j9/RDK-Service/RustAdapter/RemotePlugin.h
2025-11-10 17:09:06,516 - Knowledge - INFO - process ingested knowledge for /app/data/T0015/222062/b1841j9/RDK-Service/RustAdapter/SocketServer.cpp
2025-11-10 17:09:06,707 - Knowledge - INFO - process ingested knowledge for /app/data/T0015/222062/b1841j9/RDK-Service/RustAdapter/RustAdapter.h
2025-11-10 17:09:07,854 - Knowledge - INFO - Knowledge creation complete
2025-11-10 17:09:08,075 - Knowledge - INFO - ==================================================
2025-11-10 17:09:08,279 - Knowledge - INFO - KNOWLEDGE GRAPH GENERATION PERFORMANCE SUMMARY
2025-11-10 17:09:08,470 - Knowledge - INFO - ==================================================
2025-11-10 17:09:08,645 - Knowledge - INFO - Total processing time: 799.47 seconds (13.32 minutes)
2025-11-10 17:09:08,844 - Knowledge - INFO - Files processed: 0
2025-11-10 17:09:09,009 - Knowledge - INFO - Processing rate: 0.00 files/second
2025-11-10 17:09:09,186 - Knowledge - INFO - 
[TIME_BREAKDOWN]
2025-11-10 17:09:09,351 - Knowledge - INFO - File Reading: 0.00s (0.0%)
2025-11-10 17:09:09,513 - Knowledge - INFO - LLM Processing: 12222.69s (1528.9%)
2025-11-10 17:09:09,669 - Knowledge - INFO - MongoDB Operations: 0.00s (0.0%)
2025-11-10 17:09:09,840 - Knowledge - INFO - Redis Operations: 0.00s (0.0%)
2025-11-10 17:09:10,004 - Knowledge - INFO - WebSocket Communication: 28.87s (3.6%)
2025-11-10 17:09:10,180 - Knowledge - INFO - 
[LLM_STATS]
2025-11-10 17:09:10,335 - Knowledge - INFO - Total LLM calls: 179
2025-11-10 17:09:10,510 - Knowledge - INFO - Average LLM response time: 68283ms
2025-11-10 17:09:10,692 - Knowledge - INFO - Average prompt tokens: 6204.8
2025-11-10 17:09:10,854 - Knowledge - INFO - Average completion tokens: 781.3
2025-11-10 17:09:11,018 - Knowledge - INFO - Total prompt tokens: 1110652
2025-11-10 17:09:11,196 - Knowledge - INFO - Total completion tokens: 139845
2025-11-10 17:09:11,374 - Knowledge - INFO - Total LLM cost: $0.1670
2025-11-10 17:09:11,555 - Knowledge - INFO - 
[DATABASE_STATS]
2025-11-10 17:09:11,718 - Knowledge - INFO - MongoDB operations: 0
2025-11-10 17:09:11,900 - Knowledge - INFO - Redis operations: 0
2025-11-10 17:09:12,083 - Knowledge - INFO - 
[COMMUNICATION_STATS]
2025-11-10 17:09:12,249 - Knowledge - INFO - WebSocket messages sent: 48
2025-11-10 17:09:12,455 - Knowledge - INFO - Average message size: 147.1 bytes
2025-11-10 17:09:12,645 - Knowledge - INFO - 
[WORKER_STATS]
2025-11-10 17:09:12,841 - Knowledge - INFO - 
[FILE_TYPE_STATS]
2025-11-10 17:09:13,014 - Knowledge - INFO - 
[SLOWEST_FILES]
2025-11-10 17:09:13,206 - Knowledge - INFO - ==================================================
2025-11-10 17:09:13,388 - Knowledge - INFO - ==================================================
2025-11-10 17:09:13,577 - Knowledge - INFO - KNOWLEDGE GRAPH GENERATION PERFORMANCE SUMMARY
2025-11-10 17:09:13,769 - Knowledge - INFO - ==================================================
2025-11-10 17:09:13,956 - Knowledge - INFO - Total processing time: 804.86 seconds (13.41 minutes)
2025-11-10 17:09:14,150 - Knowledge - INFO - Files processed: 1218 of 1376
2025-11-10 17:09:14,336 - Knowledge - INFO - Processing rate: 1.51 files/second
2025-11-10 17:09:14,526 - Knowledge - INFO - WebSocket messages sent: 24
2025-11-10 17:09:14,722 - Knowledge - INFO - MongoDB operations: 1218
2025-11-10 17:09:14,900 - Knowledge - INFO - Average MongoDB ops per file: 1.00
2025-11-10 17:09:15,078 - Knowledge - INFO - LLM costs: $0.1686
2025-11-10 17:09:15,278 - Knowledge - INFO - Prompt tokens: 1122406
2025-11-10 17:09:15,452 - Knowledge - INFO - Completion tokens: 140943
2025-11-10 17:09:15,625 - Knowledge - INFO - Updating org costs, total cost: 0.16861780000000004
2025-11-10 17:09:16,832 - Knowledge - INFO - [WEBSOCKET] Sent: Type=progress_update, Size: 291, Duration: 0ms
2025-11-10 17:09:17,092 - Knowledge - INFO - Saving knowledge to Redis...
2025-11-10 17:09:17,767 - Knowledge - INFO - Knowledge saved to Redis successfully
